n_segments,class,purity,coverage
50,3,0.35333678220382825,1933
50,3,0.35333678220382825,1933
50,3,0.35333678220382825,1933
50,2,1.0,1670
50,2,1.0,1278
50,2,1.0,2884
50,2,1.0,2884
50,2,0.973015873015873,1890
50,3,0.9977452085682075,1774
50,3,0.9977452085682075,1774
50,3,0.14758909853249477,2385
50,3,0.14758909853249477,2385
50,2,0.8524109014675052,2385
50,2,1.0,2263
50,2,1.0,2692
50,2,1.0,2154
50,3,0.3226244343891403,2210
50,3,0.3226244343891403,2210
50,2,0.9081551860649247,1263
50,3,0.09184481393507522,1263
100,3,0.7800982800982801,814
100,3,0.7800982800982801,814
100,3,0.7800982800982801,814
100,2,1.0,1037
100,2,1.0,905
100,2,1.0,889
100,2,1.0,811
100,2,1.0,946
100,3,1.0,589
100,3,0.9989517819706499,954
100,3,0.9989517819706499,954
100,3,0.19548872180451127,798
100,2,0.9896800825593395,969
100,2,1.0,874
100,2,1.0,884
100,2,1.0,1169
100,3,0.13550600343053174,1166
100,3,0.5970695970695971,546
100,2,0.8732558139534884,860
100,3,0.12674418604651164,860
200,3,1.0,270
200,3,1.0,270
200,3,0.44031311154598823,511
200,2,1.0,472
200,2,1.0,368
200,2,1.0,578
200,2,1.0,542
200,2,0.9150326797385621,306
200,3,1.0,348
200,3,1.0,327
200,3,0.2869757174392936,453
200,3,0.3918269230769231,416
200,2,1.0,347
200,2,1.0,289
200,2,1.0,651
200,2,1.0,645
200,3,0.13363363363363365,666
200,3,0.7739872068230277,469
200,2,0.7058823529411765,374
200,3,0.29411764705882354,374
400,3,1.0,123
400,3,1.0,205
400,3,0.890625,192
400,2,1.0,249
400,2,1.0,210
400,2,1.0,251
400,2,1.0,262
400,2,1.0,234
400,3,1.0,235
400,3,1.0,242
400,3,0.11068702290076336,262
400,3,1.0,242
400,2,1.0,211
400,2,1.0,194
400,2,1.0,254
400,2,1.0,237
400,3,0.6153846153846154,208
400,3,1.0,136
400,2,0.5565217391304348,230
400,3,0.4434782608695652,230
800,3,1.0,104
800,3,1.0,139
800,3,1.0,139
800,2,1.0,116
800,2,1.0,124
800,2,1.0,118
800,2,1.0,140
800,2,1.0,133
800,3,1.0,127
800,3,1.0,136
800,3,0.9918032786885246,122
800,3,1.0,141
800,2,1.0,171
800,2,1.0,148
800,2,1.0,122
800,2,1.0,133
800,3,0.8757396449704142,169
800,3,1.0,90
800,2,0.9839357429718876,249
800,3,0.7593984962406015,133
50,5,0.4114737883283877,2022
50,2,0.8852040816326531,1568
50,5,0.11479591836734694,1568
50,5,0.4114737883283877,2022
50,5,0.4114737883283877,2022
50,1,0.08836395450568679,1143
50,5,0.4114737883283877,2022
50,1,0.08836395450568679,1143
50,1,0.08836395450568679,1143
50,1,0.08836395450568679,1143
50,2,1.0,2400
50,1,0.08836395450568679,1143
50,1,0.08836395450568679,1143
50,5,0.4114737883283877,2022
50,5,0.9116360454943132,1143
50,1,0.08836395450568679,1143
50,1,0.08836395450568679,1143
50,2,1.0,1932
50,1,0.08836395450568679,1143
50,1,0.08836395450568679,1143
50,5,0.9116360454943132,1143
50,5,0.4114737883283877,2022
50,5,0.9116360454943132,1143
50,2,1.0,2282
50,2,1.0,1654
50,2,1.0,1536
50,2,1.0,2024
50,2,1.0,1366
50,2,1.0,2228
50,2,1.0,3206
100,5,0.3947606142728094,2214
100,2,0.5691056910569106,2214
100,5,0.3947606142728094,2214
100,5,0.3947606142728094,2214
100,5,0.3947606142728094,2214
100,1,0.036133694670280034,2214
100,5,0.3947606142728094,2214
100,1,0.036133694670280034,2214
100,1,0.036133694670280034,2214
100,1,0.036133694670280034,2214
100,2,1.0,891
100,1,0.036133694670280034,2214
100,1,0.036133694670280034,2214
100,5,0.2347024308466052,1193
100,5,0.9752941176470589,850
100,1,0.036133694670280034,2214
100,1,0.036133694670280034,2214
100,2,1.0,868
100,1,0.024705882352941175,850
100,1,0.024705882352941175,850
100,5,0.9752941176470589,850
100,5,0.2347024308466052,1193
100,5,0.9752941176470589,850
100,2,1.0,971
100,2,1.0,971
100,2,1.0,1105
100,2,1.0,1325
100,2,1.0,738
100,2,1.0,947
100,2,1.0,1296
200,5,0.40829694323144106,916
200,2,0.5917030567685589,916
200,5,0.40829694323144106,916
200,5,0.8347107438016529,484
200,5,0.8347107438016529,484
200,1,0.1652892561983471,484
200,5,0.8347107438016529,484
200,1,0.1652892561983471,484
200,1,0.1652892561983471,484
200,1,0.1652892561983471,484
200,2,1.0,514
200,1,0.1652892561983471,484
200,1,0.1652892561983471,484
200,5,0.24970414201183433,845
200,5,0.9318181818181818,308
200,1,0.1652892561983471,484
200,1,0.1652892561983471,484
200,2,1.0,444
200,1,0.06818181818181818,308
200,1,0.06818181818181818,308
200,5,1.0,512
200,5,0.31296758104738154,802
200,5,1.0,512
200,2,1.0,607
200,2,1.0,323
200,2,1.0,498
200,2,1.0,577
200,2,1.0,445
200,2,1.0,524
200,2,1.0,668
400,5,0.9714964370546318,421
400,2,1.0,236
400,5,0.9714964370546318,421
400,5,0.9714964370546318,421
400,5,0.9714964370546318,421
400,1,0.2777777777777778,288
400,5,0.9901477832512315,203
400,1,0.2777777777777778,288
400,1,0.2777777777777778,288
400,1,0.2777777777777778,288
400,2,1.0,223
400,1,0.2777777777777778,288
400,1,0.2777777777777778,288
400,5,1.0,203
400,5,0.9070796460176991,226
400,1,0.2777777777777778,288
400,1,0.2777777777777778,288
400,2,1.0,204
400,1,0.09292035398230089,226
400,1,0.09292035398230089,226
400,5,1.0,409
400,5,0.9943502824858758,177
400,5,0.9820359281437125,167
400,2,1.0,356
400,2,1.0,205
400,2,1.0,191
400,2,1.0,265
400,2,1.0,165
400,2,1.0,314
400,2,1.0,296
800,5,1.0,111
800,2,1.0,116
800,5,0.8571428571428571,91
800,5,1.0,114
800,5,1.0,114
800,1,0.3053435114503817,262
800,5,0.6946564885496184,262
800,1,0.3053435114503817,262
800,1,0.3053435114503817,262
800,1,0.3053435114503817,262
800,2,1.0,165
800,1,0.3053435114503817,262
800,1,0.3053435114503817,262
800,5,1.0,135
800,5,1.0,136
800,1,0.3053435114503817,262
800,1,0.3053435114503817,262
800,2,1.0,128
800,1,0.11290322580645161,186
800,1,0.11290322580645161,186
800,5,1.0,212
800,5,0.9246031746031746,252
800,5,1.0,231
800,2,1.0,129
800,2,1.0,151
800,2,1.0,87
800,2,1.0,130
800,2,1.0,131
800,2,1.0,158
800,2,1.0,116
50,3,0.3551829268292683,1968
50,3,0.3551829268292683,1968
50,3,0.5581162324649298,1996
50,2,0.976271186440678,1770
50,3,0.9112394957983193,1904
50,3,1.0,1346
50,3,0.5581162324649298,1996
50,2,0.8894586894586894,1755
50,2,0.986878453038674,1448
50,3,0.818844351900052,1921
50,0,0.8641686182669789,1281
50,2,0.9119555143651529,2158
50,0,0.8641686182669789,1281
50,0,0.8641686182669789,1281
50,2,1.0,2098
50,0,0.8641686182669789,1281
50,0,0.9693877551020408,1764
50,0,0.9693877551020408,1764
50,2,1.0,2176
50,2,1.0,2114
50,2,1.0,2176
50,2,1.0,2066
50,0,0.9693877551020408,1764
50,0,0.9693877551020408,1764
50,0,0.9693877551020408,1764
50,0,0.9693877551020408,1764
50,2,1.0,2183
50,1,0.17487266553480477,1178
50,3,0.16052416052416052,2442
50,3,0.44884910485933505,1564
50,1,0.17487266553480477,1178
50,1,0.17487266553480477,1178
50,1,0.17487266553480477,1178
50,3,0.34014502307185235,3034
50,1,0.17487266553480477,1178
50,1,0.17487266553480477,1178
50,1,0.17487266553480477,1178
50,1,0.17487266553480477,1178
50,1,0.17487266553480477,1178
50,1,0.17487266553480477,1178
100,3,1.0,897
100,3,0.8837485172004745,843
100,3,1.0,1179
100,2,0.9953007518796992,1064
100,3,1.0,851
100,3,1.0,912
100,3,0.6548223350253807,985
100,2,1.0,871
100,2,0.7910764872521246,1412
100,3,0.9914821124361158,1174
100,0,0.9515477792732167,743
100,2,0.9189463019250254,987
100,0,0.9903194578896418,1033
100,0,0.9903194578896418,1033
100,2,1.0,969
100,0,0.9903194578896418,1033
100,0,0.9903194578896418,1033
100,0,0.9903194578896418,1033
100,2,1.0,777
100,2,1.0,874
100,2,1.0,777
100,2,1.0,659
100,0,0.967741935483871,1054
100,0,0.967741935483871,1054
100,0,0.967741935483871,1054
100,0,0.967741935483871,1054
100,2,1.0,1164
100,1,0.16747967479674797,1230
100,3,0.3159806295399516,826
100,3,0.3460431654676259,1390
100,1,0.16747967479674797,1230
100,1,0.16747967479674797,1230
100,1,0.16747967479674797,1230
100,3,1.0,706
100,1,0.16747967479674797,1230
100,1,0.16747967479674797,1230
100,1,0.16747967479674797,1230
100,1,0.16747967479674797,1230
100,1,0.16747967479674797,1230
100,1,0.16747967479674797,1230
200,3,1.0,386
200,3,1.0,702
200,3,1.0,702
200,2,1.0,524
200,3,1.0,458
200,3,1.0,542
200,3,0.9959595959595959,495
200,2,1.0,498
200,2,1.0,499
200,3,0.8994845360824743,388
200,0,0.732360097323601,411
200,2,0.9496981891348089,497
200,0,0.9684873949579832,476
200,0,1.0,427
200,2,1.0,444
200,0,0.9841269841269841,441
200,0,1.0,427
200,0,1.0,360
200,2,1.0,468
200,2,1.0,400
200,2,1.0,468
200,2,1.0,446
200,0,1.0,579
200,0,1.0,579
200,0,1.0,579
200,0,1.0,579
200,2,1.0,569
200,1,0.0351288056206089,427
200,3,0.7485822306238186,529
200,3,0.34710743801652894,484
200,1,0.2720797720797721,702
200,1,0.2720797720797721,702
200,1,0.2720797720797721,702
200,3,1.0,295
200,1,0.2720797720797721,702
200,1,0.2720797720797721,702
200,1,0.2720797720797721,702
200,1,0.2720797720797721,702
200,1,0.2720797720797721,702
200,1,0.2720797720797721,702
400,3,1.0,210
400,3,1.0,217
400,3,1.0,217
400,2,1.0,274
400,3,1.0,196
400,3,1.0,200
400,3,0.47410358565737054,251
400,2,1.0,291
400,2,1.0,177
400,3,0.9760956175298805,251
400,0,0.8661417322834646,254
400,2,1.0,259
400,0,0.9962121212121212,264
400,0,1.0,246
400,2,1.0,216
400,0,1.0,246
400,0,1.0,239
400,0,1.0,239
400,2,1.0,262
400,2,1.0,236
400,2,1.0,232
400,2,1.0,232
400,0,1.0,258
400,0,1.0,193
400,0,1.0,251
400,0,1.0,251
400,2,1.0,248
400,1,0.1310344827586207,290
400,3,1.0,351
400,3,0.17040358744394618,223
400,1,0.1310344827586207,290
400,1,1.0,147
400,1,0.1310344827586207,290
400,3,1.0,343
400,1,1.0,147
400,1,1.0,147
400,1,1.0,147
400,1,1.0,147
400,1,1.0,147
400,1,0.07664233576642336,274
800,3,1.0,123
800,3,1.0,131
800,3,1.0,162
800,2,1.0,120
800,3,1.0,94
800,3,1.0,112
800,3,1.0,117
800,2,1.0,130
800,2,1.0,125
800,3,0.9461538461538461,130
800,0,1.0,167
800,2,1.0,124
800,0,1.0,122
800,0,1.0,147
800,2,1.0,153
800,0,1.0,147
800,0,1.0,133
800,0,1.0,134
800,2,1.0,110
800,2,1.0,131
800,2,1.0,108
800,2,1.0,141
800,0,1.0,138
800,0,1.0,101
800,0,1.0,144
800,0,1.0,144
800,2,1.0,130
800,1,0.3128834355828221,163
800,3,1.0,136
800,3,1.0,135
800,1,0.3128834355828221,163
800,1,0.12121212121212122,198
800,1,0.12121212121212122,198
800,3,1.0,200
800,1,1.0,117
800,1,1.0,117
800,1,1.0,117
800,1,1.0,117
800,1,1.0,117
800,1,0.07216494845360824,194
50,2,0.9990787655458314,4342
50,3,0.802637562528422,2199
50,3,0.802637562528422,2199
50,3,0.9019154557463672,3028
50,3,0.5885918003565063,2805
50,3,1.0,2492
50,3,0.9019154557463672,3028
50,3,0.44819159335288367,2046
50,2,0.9811151079136691,2224
50,3,0.9430199430199431,1755
50,3,0.9430199430199431,1755
50,2,0.05698005698005698,1755
50,3,0.23449524671797192,2209
50,2,0.8004190675746464,1909
50,2,0.8885837583366026,2549
50,0,1.0,1887
50,2,1.0,2207
50,0,0.9335327351279494,3009
50,0,1.0,1887
50,0,0.9335327351279494,3009
50,2,1.0,2116
50,0,1.0,2270
50,0,1.0,2270
50,0,1.0,2270
50,2,1.0,1584
50,0,1.0,2270
50,0,1.0,2270
50,2,0.8687845303867403,2172
50,2,0.9910344827586207,1450
50,4,0.316884661117717,1682
50,4,0.316884661117717,1682
50,0,1.0,2685
50,4,0.316884661117717,1682
50,4,0.032376298106292,3274
50,4,0.316884661117717,1682
50,4,0.316884661117717,1682
50,4,0.316884661117717,1682
50,4,0.316884661117717,1682
50,4,0.316884661117717,1682
50,4,0.032376298106292,3274
100,2,1.0,1859
100,3,0.49359795134443024,1562
100,3,0.49359795134443024,1562
100,3,1.0,1184
100,3,0.9980879541108987,1046
100,3,1.0,865
100,3,0.5751633986928104,612
100,3,0.7014285714285714,1400
100,2,0.9860997547015535,1223
100,3,1.0,1151
100,3,1.0,1151
100,2,0.9240687679083095,1396
100,3,0.2347417840375587,852
100,2,0.9505597014925373,1072
100,2,0.7228116710875332,754
100,0,1.0,935
100,2,1.0,886
100,0,0.9532237673830595,791
100,0,1.0,935
100,0,0.04513888888888889,864
100,2,0.9956204379562044,1370
100,0,1.0,954
100,0,1.0,954
100,0,1.0,1022
100,2,1.0,1220
100,0,1.0,966
100,0,1.0,966
100,2,0.9971198156682027,1736
100,2,0.7123623011015912,817
100,4,0.7865168539325843,801
100,4,0.7865168539325843,801
100,0,1.0,1051
100,4,0.7865168539325843,801
100,4,0.7865168539325843,801
100,4,0.7865168539325843,801
100,4,0.7865168539325843,801
100,4,0.7865168539325843,801
100,4,0.7865168539325843,801
100,4,0.7865168539325843,801
100,4,0.7865168539325843,801
200,2,1.0,710
200,3,0.9044943820224719,534
200,3,0.20155038759689922,387
200,3,1.0,579
200,3,0.9395465994962217,397
200,3,0.9705882352941176,578
200,3,0.5428571428571428,525
200,3,0.8842443729903537,622
200,2,1.0,513
200,3,1.0,598
200,3,1.0,667
200,2,0.9336734693877551,392
200,3,0.35714285714285715,574
200,2,0.9624796084828712,613
200,2,1.0,642
200,0,1.0,493
200,2,1.0,674
200,0,0.9607843137254902,408
200,0,1.0,461
200,0,0.9607843137254902,408
200,2,1.0,495
200,0,1.0,478
200,0,1.0,478
200,0,1.0,464
200,2,1.0,293
200,0,1.0,484
200,0,1.0,484
200,2,0.9815354713313897,1029
200,2,0.9815354713313897,1029
200,4,0.8423423423423423,666
200,4,0.06349206349206349,1134
200,0,1.0,620
200,4,0.8423423423423423,666
200,4,0.06349206349206349,1134
200,4,0.8423423423423423,666
200,4,0.8423423423423423,666
200,4,0.8423423423423423,666
200,4,0.8423423423423423,666
200,4,0.8423423423423423,666
200,4,0.8423423423423423,666
400,2,1.0,872
400,3,1.0,263
400,3,0.1290983606557377,488
400,3,1.0,225
400,3,1.0,236
400,3,0.9826086956521739,230
400,3,0.2543103448275862,232
400,3,0.9946236559139785,186
400,2,1.0,231
400,3,1.0,366
400,3,0.8227571115973742,457
400,2,0.8232758620689655,232
400,3,1.0,206
400,2,0.97911227154047,383
400,2,1.0,342
400,0,1.0,227
400,2,1.0,187
400,0,0.9336283185840708,226
400,0,1.0,233
400,0,0.9336283185840708,226
400,2,1.0,120
400,0,1.0,219
400,0,1.0,219
400,0,1.0,243
400,2,1.0,234
400,0,1.0,228
400,0,1.0,236
400,2,1.0,246
400,2,0.14925373134328357,201
400,4,0.7885375494071146,506
400,4,0.34494773519163763,287
400,0,1.0,241
400,4,0.7885375494071146,506
400,4,0.34494773519163763,287
400,4,1.0,139
400,4,0.7885375494071146,506
400,4,0.7885375494071146,506
400,4,0.7885375494071146,506
400,4,0.7885375494071146,506
400,4,0.7885375494071146,506
800,2,1.0,283
800,3,1.0,161
800,3,1.0,158
800,3,1.0,134
800,3,1.0,99
800,3,1.0,120
800,3,0.8095238095238095,105
800,3,1.0,141
800,2,1.0,120
800,3,1.0,136
800,3,1.0,130
800,2,1.0,130
800,3,1.0,134
800,2,1.0,70
800,2,1.0,103
800,0,1.0,116
800,2,1.0,140
800,0,0.896969696969697,165
800,0,1.0,117
800,0,0.896969696969697,165
800,2,1.0,113
800,0,1.0,108
800,0,1.0,105
800,0,1.0,124
800,2,1.0,193
800,0,1.0,128
800,0,1.0,118
800,2,1.0,162
800,2,0.9739130434782609,115
800,4,0.2119205298013245,151
800,4,0.424812030075188,266
800,0,1.0,169
800,4,1.0,186
800,4,0.424812030075188,266
800,4,1.0,211
800,4,1.0,211
800,4,1.0,186
800,4,1.0,211
800,4,1.0,186
800,4,1.0,186
50,2,0.22072490706319703,2152
50,2,0.8407789232531501,1746
50,2,0.8407789232531501,1746
50,0,0.9475903614457831,1660
50,2,1.0,2278
50,3,1.0,1408
50,2,1.0,2363
50,2,1.0,2278
50,2,1.0,2363
50,3,1.0,987
50,2,1.0,2363
50,2,0.9367983367983368,2405
50,3,1.0,1741
50,2,1.0,2363
50,3,1.0,987
50,3,1.0,1881
50,4,0.15406294034758103,2129
50,4,0.15406294034758103,2129
50,4,0.15406294034758103,2129
50,4,0.15406294034758103,2129
50,4,0.15406294034758103,2129
50,4,0.15406294034758103,2129
50,4,0.15406294034758103,2129
50,4,0.15406294034758103,2129
50,0,0.17250495703899538,1513
50,4,0.15406294034758103,2129
50,4,0.15406294034758103,2129
50,0,0.9801512287334594,3174
50,3,0.7283715012722646,1572
50,0,0.9976708074534162,1288
50,0,0.9557901682612999,3031
50,0,1.0,1463
50,0,0.8951429868361326,2203
50,0,0.8951429868361326,2203
50,3,0.9249460043196545,1852
50,3,1.0,2210
50,0,1.0,1657
50,0,0.1467455621301775,1690
50,3,1.0,2210
50,3,0.5749858517260894,1767
100,2,0.10067114093959731,894
100,2,0.7393247269116187,2014
100,2,0.7393247269116187,2014
100,0,1.0,863
100,2,1.0,1188
100,3,0.6683459277917716,1191
100,2,1.0,788
100,2,1.0,1188
100,2,1.0,786
100,3,1.0,1070
100,2,1.0,973
100,2,1.0,1276
100,3,1.0,1224
100,2,1.0,973
100,3,1.0,538
100,3,1.0,538
100,4,0.3062558356676004,1071
100,4,0.3062558356676004,1071
100,4,0.3062558356676004,1071
100,4,0.3062558356676004,1071
100,4,0.3062558356676004,1071
100,4,0.3062558356676004,1071
100,4,0.3062558356676004,1071
100,4,0.3062558356676004,1071
100,0,0.3182359952324195,839
100,4,0.3062558356676004,1071
100,4,0.3062558356676004,1071
100,0,1.0,1159
100,3,1.0,530
100,0,1.0,993
100,0,0.8359469240048251,829
100,0,1.0,931
100,0,0.8947368421052632,1083
100,0,0.8947368421052632,1083
100,3,0.8588235294117647,1105
100,3,0.8494921514312096,1083
100,0,1.0,1076
100,0,0.14397905759162305,764
100,3,1.0,1010
100,3,0.8652694610778443,1002
200,2,0.28798185941043086,441
200,2,0.7709750566893424,441
200,2,0.7709750566893424,441
200,0,1.0,414
200,2,1.0,545
200,3,1.0,448
200,2,1.0,501
200,2,1.0,545
200,2,1.0,507
200,3,1.0,585
200,2,1.0,550
200,2,1.0,528
200,3,1.0,458
200,2,1.0,550
200,3,1.0,547
200,3,1.0,547
200,4,0.9603960396039604,303
200,4,0.9603960396039604,303
200,4,0.9603960396039604,303
200,4,0.9603960396039604,303
200,4,0.9603960396039604,303
200,4,0.9603960396039604,303
200,4,0.9603960396039604,303
200,4,0.9603960396039604,303
200,0,0.27079303675048355,517
200,4,0.9603960396039604,303
200,4,0.9603960396039604,303
200,0,1.0,903
200,3,1.0,566
200,0,1.0,642
200,0,0.9657258064516129,496
200,0,1.0,540
200,0,0.8674698795180723,498
200,0,0.9733009708737864,824
200,3,0.974308300395257,506
200,3,0.9645522388059702,536
200,0,1.0,597
200,0,0.988909426987061,541
200,3,1.0,456
200,3,0.9972260748959778,721
400,2,0.1228813559322034,236
400,2,1.0,212
400,2,0.5188679245283019,212
400,0,1.0,262
400,2,1.0,251
400,3,1.0,297
400,2,1.0,207
400,2,1.0,260
400,2,1.0,219
400,3,1.0,206
400,2,1.0,270
400,2,1.0,242
400,3,1.0,196
400,2,1.0,268
400,3,1.0,241
400,3,1.0,322
400,4,0.07924528301886792,265
400,4,0.9892086330935251,278
400,4,0.9892086330935251,278
400,4,0.9892086330935251,278
400,4,0.9892086330935251,278
400,4,0.9892086330935251,278
400,4,0.9892086330935251,278
400,4,0.9892086330935251,278
400,0,0.05275779376498801,417
400,4,0.9892086330935251,278
400,4,0.9892086330935251,278
400,0,1.0,260
400,3,1.0,160
400,0,1.0,250
400,0,1.0,292
400,0,1.0,282
400,0,1.0,323
400,0,0.9553072625698324,358
400,3,1.0,238
400,3,0.9942196531791907,346
400,0,1.0,264
400,0,1.0,244
400,3,1.0,224
400,3,0.9866666666666667,225
800,2,0.16326530612244897,147
800,2,1.0,141
800,2,1.0,105
800,0,1.0,134
800,2,1.0,134
800,3,1.0,122
800,2,1.0,130
800,2,1.0,146
800,2,1.0,115
800,3,1.0,138
800,2,1.0,131
800,2,1.0,130
800,3,1.0,138
800,2,1.0,140
800,3,1.0,126
800,3,1.0,149
800,4,0.14482758620689656,145
800,4,0.9895470383275261,287
800,4,0.9895470383275261,287
800,4,0.9895470383275261,287
800,4,0.9895470383275261,287
800,4,0.9895470383275261,287
800,4,0.9895470383275261,287
800,4,0.9895470383275261,287
800,0,0.9647887323943662,142
800,4,0.9895470383275261,287
800,4,0.9895470383275261,287
800,0,1.0,108
800,3,1.0,118
800,0,1.0,148
800,0,1.0,117
800,0,1.0,145
800,0,0.923469387755102,196
800,0,0.7033898305084746,118
800,3,1.0,132
800,3,1.0,228
800,0,1.0,132
800,0,0.8661417322834646,127
800,3,1.0,124
800,3,1.0,142
50,2,1.0,1750
50,2,1.0,1750
50,2,0.9452054794520548,1971
50,2,0.98698224852071,1690
50,2,0.9766385463984426,1541
50,0,0.6277683134582623,1174
50,0,0.7702147099132024,2189
50,2,0.9452054794520548,1971
50,0,0.7702147099132024,2189
50,0,0.6277683134582623,1174
50,0,0.972763954270343,2974
50,0,0.8415539065910083,2291
50,0,0.8709949409780776,2372
50,0,0.8709949409780776,2372
50,0,0.09470404984423676,1605
50,3,0.15670013094718463,2291
50,3,1.0,1197
50,3,0.6255622188905547,5336
50,3,0.9052959501557633,1605
50,0,0.8709949409780776,2372
50,3,1.0,2139
50,3,1.0,2139
50,3,0.22998296422487224,1761
50,2,0.15782932891466445,2414
50,3,1.0,2139
50,2,0.3146551724137931,2552
50,3,0.8285004142502072,2414
50,2,0.12517944300890038,3483
50,2,0.8924242424242425,1980
50,3,0.8849238171611868,2494
100,2,0.9910313901345291,1338
100,2,1.0,606
100,2,0.7080436941410129,1007
100,2,0.5904907975460123,652
100,2,1.0,954
100,0,0.815592203898051,667
100,0,0.9200492004920049,813
100,2,1.0,1048
100,0,0.9200492004920049,813
100,0,0.09872611464968153,628
100,0,0.9989949748743718,995
100,0,0.7843833185448092,1127
100,0,0.9440928270042194,948
100,0,0.9440928270042194,948
100,0,0.7843833185448092,1127
100,3,0.1161236424394319,1197
100,3,1.0,989
100,3,0.9248719408081958,1757
100,3,0.9951523545706371,1444
100,0,0.7716450216450217,924
100,3,1.0,1498
100,3,1.0,1498
100,3,0.27298850574712646,696
100,2,0.9475,800
100,3,1.0,598
100,2,0.9940828402366864,1014
100,3,1.0,1002
100,2,0.5518018018018018,888
100,2,0.8135764944275583,987
100,3,0.8274678111587983,1165
200,2,1.0,459
200,2,0.9775596072931276,713
200,2,1.0,446
200,2,1.0,446
200,2,0.8327526132404182,574
200,0,1.0,285
200,0,0.828125,512
200,2,1.0,450
200,0,0.8529411764705882,578
200,0,0.14442700156985872,637
200,0,0.9978354978354979,462
200,0,0.9119496855345912,477
200,0,0.96875,448
200,0,0.9702380952380952,504
200,0,0.20175438596491227,342
200,3,0.11218568665377177,517
200,3,1.0,646
200,3,1.0,883
200,3,1.0,483
200,0,0.7701863354037267,644
200,3,1.0,511
200,3,1.0,511
200,3,1.0,369
200,2,0.9753086419753086,486
200,3,1.0,511
200,2,1.0,692
200,3,1.0,533
200,2,0.7892976588628763,598
200,2,0.9365558912386707,331
200,3,0.8714285714285714,630
400,2,1.0,250
400,2,1.0,224
400,2,1.0,233
400,2,0.6548672566371682,226
400,2,1.0,258
400,0,1.0,208
400,0,0.9153439153439153,189
400,2,1.0,234
400,0,1.0,223
400,0,0.06028368794326241,282
400,0,0.3076923076923077,429
400,0,1.0,279
400,0,1.0,196
400,0,1.0,265
400,0,0.6819923371647509,261
400,3,0.949238578680203,197
400,3,1.0,238
400,3,1.0,518
400,3,1.0,540
400,0,0.963076923076923,325
400,3,1.0,209
400,3,1.0,306
400,3,1.0,266
400,2,0.954225352112676,284
400,3,1.0,230
400,2,1.0,208
400,3,1.0,255
400,2,1.0,315
400,2,0.8,220
400,3,0.9885931558935361,263
800,2,1.0,82
800,2,1.0,87
800,2,1.0,130
800,2,1.0,101
800,2,1.0,134
800,0,1.0,144
800,0,1.0,92
800,2,1.0,149
800,0,0.9834710743801653,121
800,0,0.9834710743801653,121
800,0,0.25443786982248523,169
800,0,1.0,147
800,0,1.0,139
800,0,1.0,145
800,0,0.48412698412698413,126
800,3,1.0,156
800,3,1.0,141
800,3,1.0,248
800,3,1.0,129
800,0,0.90625,160
800,3,1.0,304
800,3,1.0,304
800,3,1.0,130
800,2,0.8,80
800,3,1.0,154
800,2,1.0,144
800,3,1.0,122
800,2,1.0,129
800,2,0.9464285714285714,112
800,3,1.0,142
50,3,1.0,1081
50,2,0.9852817493692179,2378
50,2,0.7953836556456644,3206
50,2,0.7953836556456644,3206
50,3,1.0,2118
50,3,1.0,1989
50,2,0.6280487804878049,4428
50,5,0.02976190476190476,1344
50,5,0.26919602529358627,4428
50,3,1.0,2194
50,5,0.26919602529358627,4428
50,3,1.0,2194
50,3,1.0,1545
50,3,0.8502798507462687,2144
50,5,0.9041095890410958,1387
50,0,0.044700793078586876,1387
50,5,0.9041095890410958,1387
50,5,0.14925373134328357,2144
50,5,0.14925373134328357,2144
50,5,0.9041095890410958,1387
50,5,0.9041095890410958,1387
50,5,0.06587202007528231,1594
50,3,1.0,2202
50,0,0.8080301129234629,1594
50,3,1.0,2202
50,2,0.9414443721535458,1537
50,3,1.0,2361
50,0,0.8080301129234629,1594
50,0,0.05855562784645413,1537
50,0,0.9588509316770186,1288
50,2,0.7412103746397695,1735
50,0,0.9588509316770186,1288
50,0,0.9588509316770186,1288
50,0,0.9588509316770186,1288
50,2,0.7412103746397695,1735
50,0,0.9588509316770186,1288
50,2,0.7954905063291139,2528
50,0,0.9588509316770186,1288
50,2,0.9792843691148776,2124
50,2,1.0,1574
100,3,1.0,922
100,2,1.0,1057
100,2,0.9393382352941176,1088
100,2,0.9393382352941176,1088
100,3,1.0,914
100,3,1.0,827
100,2,0.9989287627209427,1867
100,5,0.014619883040935672,1026
100,5,0.3609022556390977,1064
100,3,1.0,1481
100,5,1.0,525
100,3,1.0,1481
100,3,1.0,1136
100,3,0.6539184952978057,1595
100,5,0.8887841658812441,1061
100,0,0.1112158341187559,1061
100,5,0.8887841658812441,1061
100,5,0.34608150470219434,1595
100,5,0.34608150470219434,1595
100,5,0.8887841658812441,1061
100,5,0.8887841658812441,1061
100,5,0.08756567425569177,571
100,3,1.0,1044
100,0,0.9898270600203459,983
100,3,1.0,1044
100,2,0.7939001848428835,1082
100,3,1.0,1192
100,0,0.9898270600203459,983
100,0,0.20609981515711645,1082
100,0,0.9589581689029203,1267
100,2,0.8419023136246787,778
100,0,0.9589581689029203,1267
100,0,0.9589581689029203,1267
100,0,0.9589581689029203,1267
100,2,0.8419023136246787,778
100,0,0.9589581689029203,1267
100,2,0.9805481874447391,1131
100,0,0.9589581689029203,1267
100,2,1.0,945
100,2,1.0,1035
200,3,1.0,312
200,2,1.0,518
200,2,0.963265306122449,490
200,2,0.963265306122449,490
200,3,1.0,312
200,3,1.0,1044
200,2,1.0,513
200,5,0.26143790849673204,306
200,5,0.741635687732342,538
200,3,0.9962406015037594,532
200,5,0.9801324503311258,453
200,3,1.0,539
200,3,1.0,474
200,3,0.8124267291910903,853
200,5,0.9009216589861752,868
200,0,0.09907834101382489,868
200,5,0.9009216589861752,868
200,5,0.18757327080890973,853
200,5,0.18757327080890973,853
200,5,0.9009216589861752,868
200,5,0.9009216589861752,868
200,5,0.17183462532299743,774
200,3,1.0,476
200,0,0.9191489361702128,470
200,3,1.0,671
200,2,0.9092526690391459,562
200,3,1.0,405
200,0,0.9191489361702128,470
200,0,0.19900497512437812,402
200,0,0.9655831739961759,523
200,2,0.9023508137432188,553
200,0,0.9655831739961759,523
200,0,0.9655831739961759,523
200,0,0.9655831739961759,523
200,2,0.9023508137432188,553
200,0,0.964625850340136,735
200,2,1.0,539
200,0,0.964625850340136,735
200,2,1.0,714
200,2,1.0,532
400,3,1.0,271
400,2,1.0,254
400,2,0.9080459770114943,261
400,2,0.9080459770114943,261
400,3,1.0,292
400,3,1.0,202
400,2,1.0,277
400,5,0.1328125,128
400,5,0.1896551724137931,348
400,3,1.0,236
400,5,0.9744680851063829,235
400,3,1.0,266
400,3,1.0,218
400,3,1.0,231
400,5,0.9190031152647975,321
400,0,0.08099688473520249,321
400,5,0.9190031152647975,321
400,5,1.0,262
400,5,1.0,262
400,5,0.9763313609467456,169
400,5,1.0,133
400,5,0.9763313609467456,169
400,3,1.0,256
400,0,0.9722222222222222,216
400,3,1.0,258
400,2,0.5231788079470199,151
400,3,1.0,301
400,0,0.4768211920529801,151
400,0,0.25,196
400,0,0.939622641509434,265
400,2,0.8674698795180723,332
400,0,0.9924812030075187,266
400,0,0.9924812030075187,266
400,0,0.9924812030075187,266
400,2,1.0,327
400,0,0.9385245901639344,244
400,2,1.0,190
400,0,0.9385245901639344,244
400,2,1.0,308
400,2,1.0,273
800,3,1.0,191
800,2,1.0,138
800,2,0.9932432432432432,148
800,2,0.9932432432432432,148
800,3,1.0,118
800,3,1.0,133
800,2,1.0,138
800,5,0.31868131868131866,91
800,5,0.8016528925619835,121
800,3,1.0,101
800,5,1.0,296
800,3,1.0,136
800,3,1.0,114
800,3,1.0,147
800,5,0.8813559322033898,177
800,0,0.11864406779661017,177
800,5,0.9606299212598425,127
800,5,1.0,100
800,5,1.0,100
800,5,1.0,170
800,5,1.0,112
800,5,0.16923076923076924,130
800,3,1.0,97
800,0,1.0,140
800,3,1.0,140
800,2,0.5932203389830508,118
800,3,1.0,160
800,0,1.0,84
800,0,0.2,160
800,0,0.047619047619047616,147
800,2,0.6319018404907976,163
800,0,0.9320388349514563,103
800,0,1.0,159
800,0,1.0,159
800,2,1.0,133
800,0,0.9230769230769231,156
800,2,1.0,144
800,0,0.9230769230769231,156
800,2,1.0,240
800,2,1.0,149
50,1,1.0,2572
50,0,1.0,2217
50,1,1.0,2572
50,1,1.0,2572
50,1,0.9279778393351801,1444
50,0,1.0,2217
50,0,1.0,2217
50,1,0.9279778393351801,1444
50,1,1.0,2572
50,5,0.09482758620689655,1044
50,0,1.0,2132
50,3,0.11313220940550132,2254
50,5,0.7830523513753327,2254
50,5,0.524636058230683,1786
50,5,0.7830523513753327,2254
50,5,0.7830523513753327,2254
50,5,0.4566106315311222,2201
50,1,0.9900854700854701,2925
50,0,0.29406669553919446,2309
50,0,1.0,1305
50,1,0.9900854700854701,2925
50,0,0.29406669553919446,2309
50,5,0.002470152326060107,2429
50,0,0.9937759336099585,1928
50,5,0.8115823817292006,1226
50,0,0.2428983120625772,2429
50,0,0.9937759336099585,1928
50,5,0.8802133850630456,2062
50,3,0.6982297241663236,2429
50,3,1.0,2577
50,3,0.6982297241663236,2429
50,3,1.0,2577
50,5,0.1904301594973417,2069
50,3,1.0,2577
50,3,0.8859771396710343,3587
50,2,0.7598167539267016,1528
50,2,0.7598167539267016,1528
50,2,0.7598167539267016,1528
50,1,1.0,2918
50,3,1.0,1575
50,2,0.7598167539267016,1528
50,2,0.2943450942484292,2069
50,2,0.2943450942484292,2069
50,1,1.0,2918
50,3,1.0,2676
50,2,0.7598167539267016,1528
50,2,0.2943450942484292,2069
50,2,0.7598167539267016,1528
50,3,0.8859771396710343,3587
50,2,0.2943450942484292,2069
100,1,1.0,1045
100,0,1.0,1056
100,1,1.0,1084
100,1,1.0,1045
100,1,1.0,551
100,0,0.9521857923497268,732
100,0,1.0,1056
100,1,0.9028727770177839,731
100,1,1.0,945
100,5,0.3107344632768362,708
100,0,1.0,998
100,3,0.22079116835326587,1087
100,5,0.9737394957983193,952
100,5,0.5696400625978091,1278
100,5,0.9737394957983193,952
100,5,0.9737394957983193,952
100,5,0.32045088566827695,1242
100,1,1.0,810
100,0,1.0,1212
100,0,1.0,1212
100,1,0.9671412924424972,913
100,0,0.24947589098532494,1431
100,5,0.04961832061068702,786
100,0,0.9983429991714996,1207
100,5,0.8260361938120256,1713
100,0,0.3737942122186495,1244
100,0,0.9983429991714996,1207
100,5,0.8260361938120256,1713
100,3,1.0,1070
100,3,1.0,911
100,3,1.0,597
100,3,1.0,1070
100,5,0.436222005842259,1027
100,3,1.0,1242
100,3,1.0,597
100,2,0.7609427609427609,1485
100,2,0.7609427609427609,1485
100,2,0.7609427609427609,1485
100,1,1.0,1283
100,3,1.0,1350
100,2,0.7609427609427609,1485
100,2,0.9556840077071291,519
100,2,0.9556840077071291,519
100,1,1.0,970
100,3,1.0,1888
100,2,0.7609427609427609,1485
100,2,0.9556840077071291,519
100,2,0.7609427609427609,1485
100,3,1.0,833
100,2,0.9556840077071291,519
200,1,1.0,533
200,0,1.0,531
200,1,1.0,488
200,1,1.0,552
200,1,1.0,546
200,0,0.9396135265700483,414
200,0,1.0,481
200,1,1.0,577
200,1,1.0,521
200,5,0.4330708661417323,254
200,0,1.0,460
200,3,0.311336717428088,591
200,5,0.7857142857142857,462
200,5,0.5912806539509536,734
200,5,0.8760162601626016,492
200,5,1.0,581
200,5,0.336676217765043,698
200,1,1.0,601
200,0,0.5885022692889561,661
200,0,1.0,508
200,1,1.0,595
200,0,0.6799116997792495,453
200,5,0.02981029810298103,738
200,0,1.0,532
200,5,0.9826302729528535,403
200,0,0.8275862068965517,377
200,0,1.0,490
200,5,0.06504854368932039,1030
200,3,1.0,372
200,3,1.0,484
200,3,1.0,372
200,3,1.0,390
200,5,0.5,826
200,3,1.0,707
200,3,1.0,450
200,2,0.47700170357751276,587
200,2,0.47700170357751276,587
200,2,0.47700170357751276,587
200,1,1.0,745
200,3,1.0,828
200,2,0.8303303303303303,666
200,2,0.7404426559356136,497
200,2,0.7404426559356136,497
200,1,1.0,446
200,3,1.0,564
200,2,0.9742063492063492,504
200,2,0.7404426559356136,497
200,2,0.9742063492063492,504
200,3,1.0,576
200,2,0.9742063492063492,504
400,1,1.0,225
400,0,1.0,228
400,1,1.0,226
400,1,1.0,240
400,1,1.0,241
400,0,1.0,235
400,0,1.0,251
400,1,1.0,292
400,1,1.0,235
400,5,0.1865671641791045,268
400,0,1.0,258
400,3,0.7430167597765364,179
400,5,0.9238095238095239,315
400,5,1.0,276
400,5,1.0,203
400,5,1.0,203
400,5,1.0,255
400,1,1.0,257
400,0,1.0,236
400,0,1.0,212
400,1,0.9819004524886877,221
400,0,0.8212927756653993,263
400,5,0.25112107623318386,223
400,0,0.9515418502202643,227
400,5,1.0,368
400,0,0.8341708542713567,398
400,0,0.9956896551724138,232
400,5,0.6257197696737045,521
400,3,1.0,251
400,3,1.0,279
400,3,1.0,251
400,3,1.0,304
400,5,0.64,475
400,3,1.0,319
400,3,1.0,353
400,2,0.5656836461126006,373
400,2,0.5656836461126006,373
400,2,0.5656836461126006,373
400,1,1.0,252
400,3,1.0,270
400,2,1.0,326
400,2,0.8106508875739645,169
400,2,0.9484126984126984,252
400,1,1.0,262
400,3,1.0,380
400,2,1.0,238
400,2,0.972,250
400,2,0.972,250
400,3,1.0,287
400,2,0.972,250
800,1,1.0,127
800,0,1.0,124
800,1,1.0,131
800,1,1.0,121
800,1,1.0,110
800,0,1.0,143
800,0,1.0,131
800,1,1.0,134
800,1,1.0,127
800,5,0.17333333333333334,75
800,0,1.0,144
800,3,0.6666666666666666,171
800,5,0.8962264150943396,212
800,5,0.9844961240310077,129
800,5,1.0,112
800,5,1.0,112
800,5,1.0,253
800,1,1.0,134
800,0,1.0,125
800,0,1.0,120
800,1,0.9557522123893806,113
800,0,0.8175182481751825,137
800,5,0.08433734939759036,83
800,0,1.0,147
800,5,0.7494033412887828,419
800,0,0.9111111111111111,90
800,0,1.0,120
800,5,0.8801652892561983,242
800,3,1.0,204
800,3,1.0,166
800,3,1.0,204
800,3,1.0,120
800,5,0.6613756613756614,189
800,3,1.0,109
800,3,1.0,155
800,2,0.11688311688311688,154
800,2,0.9893617021276596,188
800,2,0.9893617021276596,188
800,1,1.0,148
800,3,1.0,171
800,2,1.0,121
800,2,0.9295774647887324,71
800,2,0.8493150684931506,146
800,1,1.0,145
800,3,1.0,269
800,2,1.0,162
800,2,1.0,98
800,2,0.9528795811518325,191
800,3,1.0,123
800,2,0.9528795811518325,191
50,3,1.0,1208
50,3,0.40682095006090135,4926
50,2,0.5931790499390986,4926
50,2,0.5155159038013964,2578
50,2,0.5155159038013964,2578
50,2,0.25973131243541164,2903
50,3,1.0,1231
50,2,1.0,2810
50,3,1.0,1231
50,3,0.650786308973173,2162
50,2,0.7073490813648294,1524
50,2,0.8989690721649485,1940
50,3,0.9860742705570292,3016
50,2,0.9619406106231703,2391
50,3,0.7914494264859229,1918
50,3,0.7914494264859229,1918
50,3,1.0,1927
50,0,0.989424703891709,2364
50,0,0.9803921568627451,1479
50,0,0.989424703891709,2364
50,0,0.989424703891709,2364
50,0,0.9803921568627451,1479
50,2,0.9550724637681159,1380
50,0,0.9803921568627451,1479
50,2,0.9550724637681159,1380
50,3,1.0,1379
50,0,0.9803921568627451,1479
50,0,0.989424703891709,2364
50,0,0.9803921568627451,1479
50,0,0.989424703891709,2364
100,3,0.9950738916256158,812
100,3,0.9482636428065202,1411
100,2,0.8507157464212679,1956
100,2,0.6063408190224571,757
100,2,0.6063408190224571,757
100,2,0.8313953488372093,1376
100,3,1.0,1030
100,2,1.0,1120
100,3,1.0,1030
100,3,0.6409756097560976,1025
100,2,0.7502679528403001,933
100,2,0.7762596071733561,1171
100,3,0.892434988179669,846
100,2,0.965183752417795,517
100,3,0.29073756432247,1166
100,3,1.0,1534
100,3,1.0,1534
100,0,0.9841565703634669,1073
100,0,0.9964830011723329,853
100,0,1.0,1026
100,0,1.0,1026
100,0,0.9964830011723329,853
100,2,0.986822840409956,683
100,0,0.9964830011723329,853
100,2,0.986822840409956,683
100,3,1.0,1151
100,0,0.9964830011723329,853
100,0,1.0,1026
100,0,0.9964830011723329,853
100,0,1.0,1026
200,3,1.0,351
200,3,0.799492385786802,788
200,2,0.8459687123947052,831
200,2,0.42473118279569894,372
200,2,0.42473118279569894,372
200,2,0.256857855361596,401
200,3,1.0,474
200,2,1.0,1069
200,3,1.0,363
200,3,0.7606635071090048,422
200,2,0.6366782006920415,289
200,2,0.5802197802197803,455
200,3,0.9359861591695502,578
200,2,0.3200883002207506,453
200,3,1.0,618
200,3,1.0,394
200,3,1.0,394
200,0,0.9554140127388535,628
200,0,0.9791356184798807,671
200,0,1.0,656
200,0,1.0,623
200,0,0.9791356184798807,671
200,2,0.9494736842105264,475
200,0,0.9791356184798807,671
200,2,0.9494736842105264,475
200,3,1.0,769
200,0,0.9791356184798807,671
200,0,1.0,623
200,0,0.9791356184798807,671
200,0,1.0,656
400,3,1.0,203
400,3,1.0,187
400,2,0.8762306610407876,711
400,2,0.38,150
400,2,0.9965870307167235,293
400,2,0.672209026128266,421
400,3,1.0,459
400,2,1.0,262
400,3,1.0,459
400,3,0.9083094555873925,349
400,2,0.6838235294117647,272
400,2,1.0,239
400,3,1.0,385
400,2,1.0,265
400,3,1.0,249
400,3,1.0,308
400,3,1.0,308
400,0,1.0,264
400,0,0.9509803921568627,204
400,0,1.0,284
400,0,1.0,292
400,0,0.9509803921568627,204
400,2,1.0,228
400,0,0.6623376623376623,154
400,2,1.0,228
400,3,1.0,269
400,0,1.0,257
400,0,1.0,292
400,0,1.0,257
400,0,1.0,249
800,3,1.0,262
800,3,1.0,251
800,2,1.0,120
800,2,0.5390625,128
800,2,0.9811320754716981,106
800,2,0.9669421487603306,121
800,3,1.0,116
800,2,1.0,142
800,3,1.0,143
800,3,1.0,107
800,2,0.7407407407407407,162
800,2,1.0,140
800,3,1.0,159
800,2,1.0,151
800,3,0.8315789473684211,95
800,3,1.0,176
800,3,1.0,84
800,0,1.0,146
800,0,0.9923076923076923,130
800,0,1.0,137
800,0,1.0,138
800,0,0.9923076923076923,130
800,2,1.0,151
800,0,0.9504132231404959,121
800,2,1.0,151
800,3,1.0,72
800,0,1.0,150
800,0,1.0,134
800,0,1.0,150
800,0,1.0,143
50,3,1.0,2877
50,3,1.0,2877
50,3,0.576068376068376,1170
50,3,1.0,2877
50,1,1.0,1925
50,0,0.04700854700854701,1170
50,3,1.0,2877
50,3,1.0,2877
50,3,0.576068376068376,1170
50,3,0.94,1950
50,0,0.04700854700854701,1170
50,0,0.04700854700854701,1170
50,3,0.94,1950
50,2,0.2760683760683761,1170
50,3,0.94,1950
50,1,1.0,1927
50,2,0.9946555819477435,1684
50,2,0.9946555819477435,1684
50,1,1.0,2113
50,1,1.0,1784
50,1,1.0,1156
50,1,0.87348401323043,3628
50,2,0.7128712871287128,1212
50,1,0.9834497977197499,2719
50,1,1.0,1156
50,1,1.0,2250
50,1,1.0,2075
50,2,0.12651598676957002,3628
50,2,0.347195148364739,4617
50,0,0.10231023102310231,1212
50,0,0.10231023102310231,1212
50,2,0.9460566746329805,2929
50,2,0.9460566746329805,2929
50,2,0.9460566746329805,2929
50,2,0.9460566746329805,2929
50,0,0.004893964110929853,2452
50,0,0.053943325367019464,2929
50,0,0.04006930907515703,4617
50,0,0.04006930907515703,4617
50,0,0.053943325367019464,2929
100,3,0.935,600
100,3,1.0,876
100,3,0.935,600
100,3,1.0,1025
100,1,1.0,1095
100,0,0.011666666666666667,600
100,3,1.0,1025
100,3,1.0,1216
100,3,0.3308913308913309,819
100,3,0.9311224489795918,1568
100,0,0.05860805860805861,819
100,0,0.05860805860805861,819
100,3,0.9311224489795918,1568
100,2,0.4163614163614164,819
100,3,0.9311224489795918,1568
100,1,1.0,1218
100,2,1.0,754
100,2,1.0,754
100,1,1.0,1237
100,1,1.0,889
100,1,1.0,513
100,1,1.0,1057
100,2,0.975103734439834,723
100,1,1.0,1156
100,1,1.0,513
100,1,1.0,913
100,1,1.0,1085
100,2,0.6305970149253731,804
100,2,0.8212927756653993,1052
100,0,0.22794117647058823,544
100,0,0.22794117647058823,544
100,2,1.0,843
100,2,1.0,843
100,2,1.0,1210
100,2,1.0,1210
100,0,0.12067919951485749,1649
100,0,0.11666666666666667,600
100,0,0.12067919951485749,1649
100,0,0.12067919951485749,1649
100,0,0.06836248012718601,1258
200,3,1.0,331
200,3,1.0,598
200,3,1.0,331
200,3,1.0,542
200,1,1.0,472
200,0,0.0611764705882353,425
200,3,1.0,449
200,3,1.0,425
200,3,0.7576470588235295,425
200,3,1.0,551
200,0,0.0728643216080402,398
200,0,0.0728643216080402,398
200,3,1.0,551
200,2,0.8793859649122807,456
200,3,0.9849906191369606,533
200,1,1.0,552
200,2,1.0,634
200,2,1.0,634
200,1,1.0,532
200,1,1.0,413
200,1,1.0,573
200,1,1.0,468
200,2,1.0,505
200,1,1.0,569
200,1,1.0,573
200,1,1.0,516
200,1,1.0,474
200,2,0.2605886575735822,1393
200,2,0.7566265060240964,415
200,0,0.45038167938931295,262
200,0,0.45038167938931295,262
200,2,1.0,715
200,2,1.0,715
200,2,1.0,602
200,2,1.0,602
200,0,0.07064555420219244,821
200,0,0.20818505338078291,562
200,0,0.3706896551724138,464
200,0,0.3706896551724138,464
200,0,0.20818505338078291,562
400,3,1.0,227
400,3,1.0,208
400,3,1.0,227
400,3,1.0,230
400,1,1.0,230
400,0,0.016736401673640166,239
400,3,1.0,229
400,3,1.0,269
400,3,0.6301369863013698,292
400,3,1.0,373
400,0,0.053763440860215055,279
400,0,0.053763440860215055,279
400,3,1.0,373
400,2,0.7979094076655052,287
400,3,1.0,239
400,1,1.0,285
400,2,1.0,273
400,2,1.0,273
400,1,1.0,224
400,1,1.0,206
400,1,1.0,295
400,1,1.0,232
400,2,1.0,137
400,1,1.0,200
400,1,1.0,442
400,1,1.0,211
400,1,1.0,243
400,2,0.5884146341463414,328
400,2,0.609271523178808,151
400,0,0.4326530612244898,245
400,0,0.4326530612244898,245
400,2,1.0,309
400,2,1.0,223
400,2,1.0,304
400,2,1.0,304
400,0,0.35828025477707004,628
400,0,0.12716763005780346,346
400,0,0.35828025477707004,628
400,0,0.35828025477707004,628
400,0,0.2245430809399478,383
800,3,1.0,171
800,3,1.0,116
800,3,0.9550561797752809,178
800,3,1.0,114
800,1,1.0,115
800,0,0.024539877300613498,163
800,3,1.0,138
800,3,1.0,146
800,3,0.6476190476190476,210
800,3,1.0,113
800,0,0.1864406779661017,177
800,0,0.1864406779661017,177
800,3,1.0,112
800,2,1.0,110
800,3,1.0,129
800,1,1.0,140
800,2,1.0,162
800,2,1.0,136
800,1,1.0,112
800,1,1.0,104
800,1,1.0,180
800,1,1.0,133
800,2,0.9285714285714286,154
800,1,1.0,131
800,1,1.0,87
800,1,1.0,114
800,1,1.0,128
800,2,1.0,141
800,2,0.77431906614786,257
800,0,0.6136363636363636,132
800,0,0.6136363636363636,132
800,2,1.0,144
800,2,1.0,120
800,2,1.0,120
800,2,1.0,120
800,0,0.488,125
800,0,0.2192513368983957,187
800,0,0.7091836734693877,196
800,0,0.7091836734693877,196
800,0,1.0,80
50,0,0.9304388422035481,2142
50,2,1.0,2008
50,0,0.7761816496756255,2158
50,2,0.20200951877313592,1891
50,2,0.9402006172839507,2592
50,2,0.07129000969932105,2062
50,0,0.898921832884097,1484
50,3,0.9692227438706312,1917
50,0,0.898921832884097,1484
50,2,0.9402006172839507,2592
50,0,0.9842751842751842,2035
50,0,1.0,1633
50,0,1.0,1633
50,0,0.9842751842751842,2035
50,0,0.9842751842751842,2035
50,0,0.9995619798510732,2283
50,2,0.6321009918845807,2218
50,2,0.6321009918845807,2218
50,2,0.6321009918845807,2218
50,3,0.28088367899008115,2218
50,3,0.3415841584158416,1212
50,3,1.0,2092
50,2,0.6584158415841584,1212
50,3,1.0,2362
50,2,0.6584158415841584,1212
50,3,1.0,1986
50,3,1.0,2164
50,3,1.0,2394
50,3,1.0,1532
50,3,1.0,2472
100,0,1.0,619
100,2,0.9865361077111383,817
100,0,0.2483720930232558,1075
100,2,0.5418410041841004,956
100,2,1.0,949
100,2,0.5418410041841004,956
100,0,0.705837173579109,1302
100,3,1.0,1371
100,0,0.705837173579109,1302
100,2,1.0,949
100,0,1.0,1122
100,0,0.9939312204989885,1483
100,0,1.0,1122
100,0,0.9431072210065645,457
100,0,0.9431072210065645,457
100,0,0.9992790194664743,1387
100,2,0.655217965653897,757
100,2,0.16946564885496182,655
100,2,0.16946564885496182,655
100,3,0.8305343511450382,655
100,3,0.9266247379454927,954
100,3,1.0,1027
100,2,0.7667386609071274,463
100,3,1.0,862
100,2,0.7667386609071274,463
100,3,1.0,1041
100,3,1.0,1250
100,3,1.0,1000
100,3,1.0,985
100,3,1.0,904
200,0,0.9798270893371758,694
200,2,0.9928571428571429,560
200,0,0.6853932584269663,445
200,2,0.8480176211453745,454
200,2,0.98989898989899,495
200,2,0.19693654266958424,457
200,0,0.9157088122605364,522
200,3,1.0,462
200,0,1.0,444
200,2,1.0,560
200,0,1.0,531
200,0,1.0,523
200,0,1.0,523
200,0,0.8928571428571429,336
200,0,0.8928571428571429,336
200,0,1.0,559
200,2,0.9491228070175438,570
200,2,0.8768718801996672,601
200,2,0.0835214446952596,443
200,3,0.9164785553047404,443
200,3,0.59765625,256
200,3,1.0,573
200,2,0.8636363636363636,396
200,3,1.0,437
200,2,0.8636363636363636,396
200,3,1.0,598
200,3,1.0,383
200,3,1.0,470
200,3,1.0,737
200,3,1.0,525
400,0,0.9766536964980544,257
400,2,1.0,258
400,0,0.4,260
400,2,0.8615384615384616,195
400,2,1.0,266
400,2,0.16666666666666666,210
400,0,1.0,267
400,3,1.0,178
400,0,1.0,216
400,2,0.9966216216216216,296
400,0,1.0,254
400,0,1.0,184
400,0,1.0,254
400,0,1.0,184
400,0,1.0,186
400,0,1.0,271
400,2,0.9796610169491525,295
400,2,0.6414473684210527,304
400,2,0.2226148409893993,283
400,3,0.7773851590106007,283
400,3,0.9050847457627119,295
400,3,1.0,309
400,2,0.9933333333333333,300
400,3,1.0,360
400,2,0.9933333333333333,300
400,3,1.0,294
400,3,1.0,241
400,3,1.0,207
400,3,1.0,266
400,3,1.0,172
800,0,1.0,182
800,2,0.9880952380952381,168
800,0,0.46153846153846156,130
800,2,0.75,108
800,2,1.0,132
800,2,0.8037383177570093,107
800,0,1.0,111
800,3,1.0,126
800,0,1.0,169
800,2,1.0,177
800,0,1.0,158
800,0,1.0,97
800,0,1.0,144
800,0,0.7983193277310925,119
800,0,1.0,96
800,0,1.0,141
800,2,1.0,147
800,2,0.3225806451612903,124
800,2,0.4785714285714286,140
800,3,1.0,103
800,3,0.8434782608695652,115
800,3,1.0,80
800,2,1.0,84
800,3,1.0,129
800,2,0.6090909090909091,110
800,3,1.0,132
800,3,1.0,99
800,3,1.0,126
800,3,1.0,142
800,3,1.0,96
50,0,1.0,1508
50,0,0.7701342281879194,1788
50,0,0.5749293119698398,2122
50,0,1.0,1508
50,0,1.0,1508
50,3,1.0,1532
50,0,0.5749293119698398,2122
50,3,1.0,1532
50,4,0.7393058918482648,2478
50,4,0.7393058918482648,2478
50,3,0.9017094017094017,1638
50,0,0.6180555555555556,1152
50,4,0.7393058918482648,2478
50,3,1.0,2315
50,5,0.2534672405547585,2091
50,3,1.0,2060
50,5,0.2534672405547585,2091
50,5,0.2534672405547585,2091
50,5,0.2534672405547585,2091
50,4,0.7052023121387283,2422
50,0,1.0,1695
50,3,1.0,2060
50,5,0.2534672405547585,2091
50,4,0.7052023121387283,2422
50,4,0.7052023121387283,2422
50,4,0.7052023121387283,2422
50,1,0.8804975566414927,2251
50,3,1.0,1527
50,4,0.7052023121387283,2422
50,3,1.0,1527
50,3,0.7197640117994101,1695
50,1,0.8095975232198143,1938
50,3,0.9049098819142325,1609
50,4,0.7052023121387283,2422
50,1,0.8095975232198143,1938
50,0,0.9494163424124513,1799
50,4,0.7052023121387283,2422
50,0,0.9269216205982582,2641
50,2,0.33107065720456647,3241
50,2,0.943342776203966,2824
50,5,0.09626658438753471,3241
50,5,0.09626658438753471,3241
50,2,0.9234828496042217,1895
50,5,0.09626658438753471,3241
50,5,0.09626658438753471,3241
50,5,0.09626658438753471,3241
50,1,1.0,2967
50,1,0.5495217525455106,3241
50,2,0.9888089528377298,2502
50,1,1.0,2826
50,1,0.5495217525455106,3241
50,2,0.7883986928104575,2448
50,1,1.0,2967
50,2,0.9797447280799112,3604
50,2,0.7883986928104575,2448
50,2,0.9797447280799112,3604
50,2,0.9903314917127072,1448
50,1,0.9992526158445441,2676
50,1,0.9992526158445441,2676
50,2,0.9903314917127072,1448
100,0,1.0,1011
100,0,0.7682242990654206,1070
100,0,0.3340080971659919,988
100,0,1.0,1011
100,0,1.0,472
100,3,1.0,1651
100,0,1.0,642
100,3,1.0,1009
100,4,0.9278195488721804,1330
100,4,0.7577092511013216,1362
100,3,0.848297213622291,969
100,0,0.15170278637770898,969
100,4,0.9278195488721804,1330
100,3,1.0,2481
100,5,0.3979848866498741,1191
100,3,1.0,2287
100,5,0.3979848866498741,1191
100,5,0.09090909090909091,616
100,5,0.3979848866498741,1191
100,4,0.9278195488721804,1330
100,0,1.0,1088
100,3,0.848297213622291,969
100,5,0.3979848866498741,1191
100,4,0.5643642072213501,1274
100,4,0.5643642072213501,1274
100,4,0.5643642072213501,1274
100,1,1.0,1067
100,3,0.6656426011264721,1953
100,4,0.5643642072213501,1274
100,3,0.6656426011264721,1953
100,3,0.976303317535545,844
100,1,0.974585635359116,905
100,3,0.9292786421499293,707
100,4,0.5643642072213501,1274
100,1,1.0,946
100,0,1.0,996
100,4,0.4673684210526316,475
100,0,1.0,932
100,2,0.42607610729881473,1603
100,2,1.0,1087
100,5,0.17405857740585773,1195
100,5,0.17405857740585773,1195
100,2,1.0,1116
100,5,0.17405857740585773,1195
100,5,0.17405857740585773,1195
100,5,0.1291328758577667,1603
100,1,1.0,1109
100,1,0.4447910168434186,1603
100,2,0.48362956033676335,1069
100,1,1.0,924
100,1,0.9936808846761453,633
100,2,0.48362956033676335,1069
100,1,1.0,1340
100,2,1.0,1064
100,2,0.9901071723000825,1213
100,2,0.9292364990689013,537
100,2,1.0,910
100,1,1.0,1207
100,1,0.9950248756218906,1407
100,2,1.0,910
200,0,1.0,633
200,0,0.7518518518518519,540
200,0,0.64,425
200,0,0.9917127071823204,362
200,0,0.8917089678510999,591
200,3,1.0,745
200,0,1.0,396
200,3,1.0,502
200,4,0.10829103214890017,591
200,4,1.0,521
200,3,0.782608695652174,391
200,0,0.90625,384
200,4,0.7217948717948718,780
200,3,1.0,678
200,5,0.5628019323671497,828
200,3,1.0,371
200,5,0.10973084886128365,483
200,5,0.5628019323671497,828
200,5,0.5628019323671497,828
200,4,1.0,482
200,0,1.0,459
200,3,1.0,517
200,5,0.5628019323671497,828
200,4,1.0,482
200,4,0.385297845373891,789
200,4,0.385297845373891,789
200,1,1.0,518
200,3,1.0,616
200,4,0.385297845373891,789
200,3,1.0,616
200,3,1.0,501
200,1,1.0,483
200,3,1.0,326
200,4,1.0,334
200,1,1.0,436
200,0,1.0,587
200,4,0.4742268041237113,388
200,0,1.0,619
200,2,0.380764163372859,759
200,2,1.0,395
200,5,0.549407114624506,759
200,5,0.549407114624506,759
200,2,0.9866920152091255,526
200,5,0.549407114624506,759
200,5,0.549407114624506,759
200,5,0.549407114624506,759
200,1,1.0,500
200,1,0.9949874686716792,399
200,2,0.7924217462932455,607
200,1,1.0,661
200,1,0.9966722129783694,601
200,2,0.6586715867158671,542
200,1,1.0,476
200,2,1.0,608
200,2,1.0,562
200,2,0.966824644549763,422
200,2,1.0,758
200,1,1.0,640
200,1,1.0,525
200,2,1.0,758
400,0,1.0,262
400,0,0.3783783783783784,148
400,0,0.6952380952380952,210
400,0,0.9735099337748344,151
400,0,1.0,259
400,3,1.0,224
400,0,1.0,231
400,3,1.0,409
400,4,0.8884758364312267,269
400,4,1.0,258
400,3,0.686046511627907,344
400,0,0.2139917695473251,243
400,4,1.0,273
400,3,1.0,321
400,5,0.7202970297029703,404
400,3,1.0,161
400,5,0.7202970297029703,404
400,5,0.7202970297029703,404
400,5,0.8821138211382114,246
400,4,1.0,242
400,0,1.0,271
400,3,1.0,267
400,5,0.8821138211382114,246
400,4,1.0,240
400,4,0.24745762711864408,295
400,4,0.24745762711864408,295
400,1,1.0,259
400,3,1.0,253
400,4,0.7048458149779736,227
400,3,1.0,253
400,3,0.8901515151515151,264
400,1,1.0,234
400,3,1.0,253
400,4,1.0,333
400,1,1.0,233
400,0,1.0,207
400,4,0.6385542168674698,166
400,0,1.0,247
400,2,0.30939226519337015,543
400,2,1.0,270
400,5,0.12106537530266344,413
400,5,0.9815950920245399,163
400,2,1.0,195
400,5,0.9815950920245399,163
400,5,0.9815950920245399,163
400,5,0.3867403314917127,543
400,1,1.0,238
400,1,1.0,270
400,2,0.910377358490566,212
400,1,1.0,299
400,1,0.9859649122807017,285
400,2,0.5294117647058824,238
400,1,1.0,203
400,2,1.0,239
400,2,1.0,229
400,2,0.8713910761154856,381
400,2,1.0,207
400,1,1.0,208
400,1,1.0,244
400,2,1.0,206
800,0,1.0,145
800,0,1.0,139
800,0,0.5321100917431193,109
800,0,0.9176470588235294,85
800,0,1.0,148
800,3,1.0,108
800,0,1.0,154
800,3,1.0,244
800,4,0.5,72
800,4,1.0,102
800,3,0.837037037037037,135
800,0,0.6766917293233082,133
800,4,1.0,202
800,3,1.0,152
800,5,0.6377952755905512,127
800,3,1.0,117
800,5,0.8936170212765957,94
800,5,0.8936170212765957,94
800,5,0.935251798561151,139
800,4,1.0,114
800,0,1.0,141
800,3,1.0,143
800,5,0.8584905660377359,106
800,4,1.0,97
800,4,1.0,97
800,4,1.0,97
800,1,1.0,137
800,3,1.0,112
800,4,0.5833333333333334,168
800,3,1.0,112
800,3,1.0,179
800,1,1.0,126
800,3,1.0,72
800,4,1.0,114
800,1,1.0,135
800,0,1.0,132
800,4,0.632,125
800,0,1.0,145
800,2,0.9294871794871795,156
800,2,1.0,122
800,5,0.22110552763819097,199
800,5,0.98125,160
800,2,1.0,139
800,5,0.98125,160
800,5,0.98125,160
800,5,0.4178082191780822,146
800,1,1.0,129
800,1,1.0,198
800,2,0.9285714285714286,168
800,1,1.0,132
800,1,0.99,200
800,2,0.6496350364963503,137
800,1,1.0,132
800,2,1.0,125
800,2,1.0,128
800,2,0.9580838323353293,167
800,2,1.0,172
800,1,1.0,149
800,1,1.0,159
800,2,1.0,172
50,0,0.7521881838074398,1828
50,3,0.9952988582941572,1489
50,0,0.7521881838074398,1828
50,0,0.7521881838074398,1828
50,0,0.7521881838074398,1828
50,0,0.13122171945701358,1547
50,0,0.6129496402877698,1390
50,0,0.5744548286604362,1605
50,2,0.34205607476635513,1605
50,0,0.6129496402877698,1390
50,2,0.9607843137254902,1479
50,0,0.3968871595330739,2056
50,2,0.9607843137254902,1479
50,2,0.15052231718898385,2106
50,2,0.9607843137254902,1479
50,2,0.9607843137254902,1479
50,0,0.3968871595330739,2056
50,3,1.0,2184
50,2,0.7958579881656804,1690
50,2,0.7958579881656804,1690
50,2,0.7958579881656804,1690
50,2,0.28077527501309585,1909
50,3,1.0,1704
50,3,1.0,1906
50,1,0.26401725200246456,3246
50,3,1.0,4027
50,1,0.26401725200246456,3246
50,3,0.4747381392483056,3246
50,3,0.4747381392483056,3246
50,1,0.26401725200246456,3246
50,1,0.26401725200246456,3246
50,3,1.0,4027
50,3,1.0,4027
50,3,1.0,4027
50,1,0.8429906542056075,3210
50,1,0.8429906542056075,3210
50,1,0.8429906542056075,3210
50,1,0.8429906542056075,3210
50,1,0.8429906542056075,3210
50,1,0.8429906542056075,3210
100,0,0.7336448598130841,1070
100,3,0.9783783783783784,925
100,0,0.8891031822565092,1037
100,0,0.7336448598130841,1070
100,0,0.7336448598130841,1070
100,0,0.06583333333333333,1200
100,0,0.764102564102564,780
100,0,0.4193962748876044,1557
100,2,0.4964675658317277,1557
100,0,0.764102564102564,780
100,2,0.5089485458612976,894
100,0,0.6598240469208211,682
100,2,0.9642857142857143,700
100,2,0.3081140350877193,912
100,2,0.9642857142857143,700
100,2,0.956,1000
100,0,0.6352459016393442,2196
100,3,1.0,792
100,2,0.8660924040720438,1277
100,2,0.8660924040720438,1277
100,2,0.3474088291746641,1042
100,2,0.6553459119496855,795
100,3,1.0,1027
100,3,1.0,987
100,1,0.7313624678663239,778
100,3,1.0,1361
100,1,0.7313624678663239,778
100,3,0.7203690560681334,1409
100,3,0.7203690560681334,1409
100,1,0.27963094393186655,1409
100,1,0.27963094393186655,1409
100,3,1.0,1361
100,3,1.0,2041
100,3,1.0,814
100,1,0.9171396140749148,881
100,1,0.9171396140749148,881
100,1,0.9171396140749148,881
100,1,0.9746732026143791,1224
100,1,0.9171396140749148,881
100,1,0.9171396140749148,881
200,0,0.9348314606741573,445
200,3,1.0,398
200,0,0.956661316211878,623
200,0,0.975736568457539,577
200,0,0.975736568457539,577
200,0,0.1752136752136752,468
200,0,0.7052631578947368,570
200,0,0.7469512195121951,656
200,2,0.9823399558498896,453
200,0,0.7052631578947368,570
200,2,0.9819819819819819,333
200,0,0.8075801749271136,343
200,2,0.9454545454545454,495
200,2,0.36450381679389315,524
200,2,0.9454545454545454,495
200,2,0.9454545454545454,495
200,0,0.7327790973871734,842
200,3,1.0,591
200,2,0.49135802469135803,405
200,2,0.49135802469135803,405
200,2,0.7822410147991543,473
200,2,0.6117136659436009,461
200,3,1.0,661
200,3,1.0,656
200,1,0.6663019693654267,914
200,3,1.0,525
200,1,0.6663019693654267,914
200,3,0.5921237693389592,711
200,3,0.5921237693389592,711
200,1,0.6663019693654267,914
200,1,0.4078762306610408,711
200,3,1.0,438
200,3,1.0,1822
200,3,1.0,337
200,1,0.9964788732394366,568
200,1,0.9964788732394366,568
200,1,0.676923076923077,390
200,1,1.0,662
200,1,1.0,451
200,1,1.0,451
400,0,0.6225165562913907,302
400,3,1.0,192
400,0,1.0,262
400,0,0.9816176470588235,272
400,0,0.9816176470588235,272
400,0,0.19784172661870503,278
400,0,0.3222748815165877,211
400,0,0.7136752136752137,234
400,2,0.9786324786324786,234
400,0,0.9406392694063926,219
400,2,0.9956140350877193,228
400,0,0.6169154228855721,201
400,2,0.9754901960784313,204
400,2,0.7630522088353414,249
400,2,0.8,240
400,2,0.9543859649122807,285
400,0,0.3620689655172414,406
400,3,1.0,225
400,2,0.8458781362007168,279
400,2,0.8458781362007168,279
400,2,0.95,320
400,2,0.9670781893004116,243
400,3,1.0,205
400,3,1.0,278
400,1,0.796875,384
400,3,1.0,277
400,1,0.9513274336283186,226
400,3,0.996551724137931,290
400,3,0.35368956743002544,393
400,1,0.28,400
400,1,0.6463104325699746,393
400,3,1.0,261
400,3,1.0,484
400,3,1.0,265
400,1,1.0,237
400,1,1.0,258
400,1,0.2857142857142857,196
400,1,1.0,217
400,1,0.7802197802197802,182
400,1,1.0,283
800,0,0.9007633587786259,131
800,3,1.0,100
800,0,1.0,180
800,0,1.0,128
800,0,1.0,128
800,0,0.12432432432432433,185
800,0,0.6172839506172839,81
800,0,0.6627218934911243,169
800,2,0.9655172413793104,116
800,0,1.0,121
800,2,1.0,208
800,0,0.5727272727272728,110
800,2,1.0,150
800,2,0.2,110
800,2,0.8344370860927153,151
800,2,0.8859060402684564,149
800,0,0.6853932584269663,178
800,3,1.0,128
800,2,0.9349593495934959,123
800,2,0.9349593495934959,123
800,2,0.946969696969697,132
800,2,1.0,131
800,3,1.0,137
800,3,1.0,146
800,1,0.9627329192546584,161
800,3,1.0,138
800,1,0.8409090909090909,132
800,3,0.9651162790697675,172
800,3,0.9651162790697675,172
800,1,0.6993464052287581,153
800,1,1.0,135
800,3,1.0,126
800,3,1.0,370
800,3,1.0,190
800,1,1.0,165
800,1,1.0,165
800,1,0.8814814814814815,135
800,1,1.0,144
800,1,1.0,123
800,1,1.0,123
50,5,1.0,1510
50,5,1.0,2084
50,5,1.0,2231
50,5,1.0,2095
50,5,1.0,3483
50,5,1.0,1476
50,5,1.0,5080
50,5,1.0,5080
50,5,1.0,3770
50,5,1.0,3770
100,5,1.0,1094
100,5,1.0,921
100,5,1.0,864
100,5,1.0,643
100,5,1.0,938
100,5,1.0,2522
100,5,1.0,1252
100,5,1.0,1080
100,5,1.0,781
100,5,1.0,1095
200,5,1.0,544
200,5,1.0,501
200,5,1.0,527
200,5,1.0,310
200,5,1.0,497
200,5,1.0,478
200,5,1.0,2273
200,5,1.0,2273
200,5,1.0,324
200,5,1.0,756
400,5,1.0,209
400,5,1.0,237
400,5,1.0,268
400,5,1.0,180
400,5,1.0,275
400,5,1.0,157
400,5,1.0,335
400,5,1.0,545
400,5,1.0,374
400,5,1.0,234
800,5,1.0,111
800,5,1.0,116
800,5,1.0,110
800,5,1.0,127
800,5,1.0,124
800,5,1.0,100
800,5,1.0,172
800,5,1.0,293
800,5,1.0,208
800,5,1.0,197
50,0,0.15429173249078462,1899
50,0,0.9993964996982498,3314
50,4,0.15955284552845528,1968
50,0,0.9993964996982498,3314
50,0,0.9993964996982498,3314
50,0,0.7683438155136268,1908
50,0,0.7683438155136268,1908
50,0,0.9993964996982498,3314
50,0,0.7683438155136268,1908
50,4,0.3968514266972778,3049
50,4,0.3968514266972778,3049
50,4,0.3968514266972778,3049
50,4,0.3968514266972778,3049
50,4,0.3968514266972778,3049
50,4,0.3968514266972778,3049
50,4,0.3968514266972778,3049
50,4,0.3968514266972778,3049
50,4,0.3968514266972778,3049
50,0,0.708433734939759,2075
50,0,0.708433734939759,2075
50,3,0.9834505585436492,2417
50,3,0.9636363636363636,2090
50,3,0.9855491329479769,1730
50,3,1.0,1737
50,3,1.0,1760
50,3,0.9417933927635029,1907
50,3,1.0,1925
50,3,1.0,1925
50,2,0.8065948002536462,1577
50,3,1.0,2261
50,3,0.6976628543013426,2011
50,2,0.7954239569313594,1486
50,2,0.940996948118006,1966
50,2,0.6392405063291139,1738
50,2,0.8030027297543221,2198
50,2,0.45652173913043476,2070
50,2,0.7954239569313594,1486
50,2,0.6392405063291139,1738
50,2,0.6392405063291139,1738
50,2,1.0,2218
100,0,1.0,948
100,0,1.0,941
100,4,0.2715894868585732,799
100,0,1.0,941
100,0,1.0,941
100,0,0.9886271324126726,1231
100,0,0.9886271324126726,1231
100,0,1.0,1203
100,0,0.8674377224199288,1124
100,4,0.6464552238805971,1072
100,4,0.6464552238805971,1072
100,4,0.31537450722733246,761
100,4,0.6464552238805971,1072
100,4,0.31537450722733246,761
100,4,0.6464552238805971,1072
100,4,0.6464552238805971,1072
100,4,0.6464552238805971,1072
100,4,0.25510204081632654,588
100,0,0.8051235132662397,1093
100,0,0.8051235132662397,1093
100,3,1.0,634
100,3,0.9991304347826087,1150
100,3,1.0,1016
100,3,1.0,1082
100,3,1.0,809
100,3,1.0,893
100,3,1.0,987
100,3,1.0,867
100,2,0.7966244725738396,1185
100,3,1.0,819
100,3,0.7909836065573771,976
100,2,0.9735023041474654,868
100,2,0.9026737967914439,935
100,2,0.3211462450592885,1012
100,2,0.9026737967914439,935
100,2,0.4973544973544973,945
100,2,1.0,921
100,2,0.9342915811088296,974
100,2,0.9342915811088296,974
100,2,1.0,798
200,0,1.0,333
200,0,1.0,480
200,4,0.19221967963386727,874
200,0,1.0,440
200,0,1.0,480
200,0,1.0,844
200,0,0.8947368421052632,304
200,0,1.0,488
200,0,1.0,844
200,4,0.3875685557586837,547
200,4,0.3875685557586837,547
200,4,0.6196660482374768,539
200,4,0.6196660482374768,539
200,4,0.6196660482374768,539
200,4,0.849009900990099,404
200,4,0.3875685557586837,547
200,4,0.3875685557586837,547
200,4,0.3096846846846847,888
200,0,0.9903181189488244,723
200,0,0.9903181189488244,723
200,3,1.0,974
200,3,1.0,413
200,3,1.0,628
200,3,1.0,564
200,3,1.0,466
200,3,0.9753086419753086,486
200,3,1.0,470
200,3,1.0,440
200,2,0.9976905311778291,433
200,3,0.9709821428571429,448
200,3,1.0,500
200,2,0.8778004073319755,491
200,2,0.9978070175438597,456
200,2,1.0,517
200,2,1.0,526
200,2,0.9092627599243857,529
200,2,0.9092627599243857,529
200,2,0.9977220956719818,439
200,2,0.9977220956719818,439
200,2,1.0,394
400,0,1.0,251
400,0,1.0,172
400,4,0.7371007371007371,407
400,0,1.0,259
400,0,1.0,225
400,0,1.0,232
400,0,0.9348958333333334,384
400,0,1.0,269
400,0,1.0,249
400,4,1.0,126
400,4,1.0,126
400,4,0.6851851851851852,216
400,4,0.8909090909090909,165
400,4,0.43434343434343436,198
400,4,0.9108108108108108,370
400,4,1.0,126
400,4,0.2896174863387978,183
400,4,0.1863013698630137,365
400,0,0.5193798449612403,258
400,0,0.5193798449612403,258
400,3,1.0,329
400,3,1.0,279
400,3,1.0,286
400,3,1.0,253
400,3,1.0,200
400,3,1.0,243
400,3,1.0,281
400,3,1.0,215
400,2,1.0,254
400,3,1.0,237
400,3,1.0,246
400,2,1.0,207
400,2,1.0,242
400,2,0.726530612244898,245
400,2,1.0,242
400,2,0.6244343891402715,221
400,2,1.0,213
400,2,1.0,240
400,2,0.9957627118644068,236
400,2,1.0,262
800,0,1.0,101
800,0,1.0,117
800,4,1.0,67
800,0,1.0,112
800,0,1.0,126
800,0,1.0,155
800,0,1.0,206
800,0,1.0,118
800,0,1.0,157
800,4,0.7987804878048781,164
800,4,0.7987804878048781,164
800,4,0.9741379310344828,116
800,4,0.6720430107526881,186
800,4,0.9741379310344828,116
800,4,1.0,192
800,4,0.7987804878048781,164
800,4,0.3492063492063492,126
800,4,0.48,200
800,0,0.4726027397260274,146
800,0,0.6953125,128
800,3,1.0,132
800,3,1.0,125
800,3,1.0,113
800,3,1.0,132
800,3,1.0,128
800,3,1.0,125
800,3,1.0,128
800,3,1.0,133
800,2,1.0,140
800,3,1.0,150
800,3,1.0,125
800,2,1.0,120
800,2,1.0,125
800,2,1.0,129
800,2,1.0,144
800,2,0.8536585365853658,123
800,2,1.0,109
800,2,0.9917355371900827,121
800,2,1.0,121
800,2,1.0,146
50,2,1.0,2981
50,2,1.0,2356
50,2,1.0,2520
50,2,1.0,1813
50,2,1.0,2520
50,2,1.0,1960
50,2,1.0,2832
50,0,0.5289664252797893,3038
50,2,1.0,1225
50,0,0.5289664252797893,3038
50,2,1.0,2265
50,0,0.5289664252797893,3038
50,0,0.5289664252797893,3038
50,0,0.5289664252797893,3038
50,0,0.5289664252797893,3038
50,0,0.5289664252797893,3038
50,0,0.5289664252797893,3038
50,0,0.5289664252797893,3038
50,0,0.5289664252797893,3038
50,2,1.0,3019
50,3,0.0016458196181698486,3038
50,3,0.0016458196181698486,3038
50,3,0.0016458196181698486,3038
50,3,0.0016458196181698486,3038
50,3,0.0016458196181698486,3038
100,2,1.0,1442
100,2,1.0,853
100,2,1.0,1222
100,2,1.0,1392
100,2,1.0,1562
100,2,1.0,1223
100,2,1.0,860
100,0,0.8004836759371221,827
100,2,1.0,1223
100,0,0.8004836759371221,827
100,2,1.0,1627
100,0,0.8004836759371221,827
100,0,0.5335968379446641,1771
100,0,0.8004836759371221,827
100,0,0.5335968379446641,1771
100,0,0.5335968379446641,1771
100,0,0.5335968379446641,1771
100,0,0.5335968379446641,1771
100,0,0.5335968379446641,1771
100,2,1.0,1515
100,3,0.00282326369282891,1771
100,3,0.00282326369282891,1771
100,3,0.00282326369282891,1771
100,3,0.00282326369282891,1771
100,3,0.00282326369282891,1771
200,2,1.0,424
200,2,1.0,451
200,2,1.0,638
200,2,1.0,303
200,2,1.0,401
200,2,1.0,400
200,2,1.0,1161
200,0,0.7928057553956834,695
200,2,1.0,694
200,0,0.7928057553956834,695
200,2,1.0,872
200,0,0.9569093610698366,673
200,0,0.7494505494505495,455
200,0,0.9569093610698366,673
200,0,0.9569093610698366,673
200,0,0.9569093610698366,673
200,0,0.7494505494505495,455
200,0,0.7494505494505495,455
200,0,0.9569093610698366,673
200,2,1.0,711
200,3,0.01098901098901099,455
200,3,0.01098901098901099,455
200,3,0.01098901098901099,455
200,3,0.01098901098901099,455
200,3,0.01098901098901099,455
400,2,1.0,252
400,2,1.0,247
400,2,1.0,317
400,2,1.0,215
400,2,1.0,222
400,2,1.0,238
400,2,1.0,288
400,0,0.8647686832740213,281
400,2,1.0,250
400,0,0.8647686832740213,281
400,2,1.0,204
400,0,0.9929078014184397,282
400,0,0.9968847352024922,321
400,0,0.9929078014184397,282
400,0,0.019206145966709345,781
400,0,0.9929078014184397,282
400,0,0.9968847352024922,321
400,0,0.9968847352024922,321
400,0,0.958041958041958,143
400,2,1.0,307
400,3,0.03424657534246575,146
400,3,0.03424657534246575,146
400,3,0.03424657534246575,146
400,3,0.03424657534246575,146
400,3,0.03424657534246575,146
800,2,1.0,122
800,2,1.0,123
800,2,1.0,134
800,2,1.0,144
800,2,1.0,115
800,2,1.0,157
800,2,1.0,308
800,0,0.6666666666666666,135
800,2,1.0,158
800,0,1.0,141
800,2,1.0,213
800,0,0.993103448275862,145
800,0,1.0,102
800,0,1.0,135
800,0,0.06504065040650407,123
800,0,1.0,135
800,0,1.0,166
800,0,1.0,151
800,0,1.0,171
800,2,1.0,259
800,3,0.03816793893129771,131
800,3,0.03816793893129771,131
800,3,0.03816793893129771,131
800,3,0.03816793893129771,131
800,3,0.03816793893129771,131
50,3,1.0,2577
50,2,0.43570859872611467,5024
50,3,1.0,1506
50,5,0.5642914012738853,5024
50,5,0.5642914012738853,5024
50,5,0.5642914012738853,5024
50,2,0.701088399256703,3767
50,5,0.3591030789825971,2988
50,5,0.3591030789825971,2988
50,3,0.9996759559300065,3086
50,3,0.9312557286892759,2182
50,3,0.9996759559300065,3086
50,5,0.3591030789825971,2988
50,2,0.5425033467202142,2988
50,2,0.5425033467202142,2988
50,0,0.13140430050438015,3767
50,3,1.0,1264
50,3,0.9312557286892759,2182
50,3,1.0,1260
50,0,0.9892569382273948,3351
50,3,0.9920924574209246,3288
50,0,0.9892569382273948,3351
50,0,0.8454038997214485,2872
50,0,0.9892569382273948,3351
50,0,0.8454038997214485,2872
50,0,0.45942519019442096,2366
50,0,0.8653648509763617,2919
50,0,1.0,1476
50,0,0.8653648509763617,2919
50,2,0.9232934553131598,1421
50,5,0.7905500705218618,2836
50,2,0.8223911541119557,1447
50,3,0.7337349397590361,2490
50,5,0.7905500705218618,2836
50,2,0.9232934553131598,1421
50,2,0.19932001699957502,2353
50,2,0.9232934553131598,1421
50,2,0.9232934553131598,1421
50,5,0.16829579260518487,2353
50,5,0.4260355029585799,2366
50,1,0.5870273794002607,3068
50,1,0.9936180657830143,2037
50,1,0.6323841903952401,2353
50,1,0.7809400603708495,2319
50,1,1.0,2521
50,1,0.9503759398496241,3325
50,1,1.0,2521
50,1,0.9909808342728298,1774
50,1,0.9795539033457249,2152
50,1,1.0,1280
100,3,1.0,1482
100,2,1.0,1611
100,3,1.0,1559
100,5,1.0,975
100,5,1.0,975
100,5,1.0,974
100,2,0.8297520661157025,605
100,5,1.0,974
100,5,1.0,974
100,3,1.0,1109
100,3,0.9641434262948207,1255
100,3,1.0,1410
100,5,1.0,974
100,2,0.5619765494137353,2388
100,2,0.5619765494137353,2388
100,0,0.020938023450586266,2388
100,3,1.0,835
100,3,0.8977149075081611,919
100,3,1.0,792
100,0,1.0,931
100,3,1.0,691
100,0,1.0,931
100,0,1.0,1457
100,0,1.0,1251
100,0,1.0,1087
100,0,0.550531914893617,1880
100,0,1.0,1094
100,0,1.0,1087
100,0,0.919661733615222,1419
100,2,0.9254606365159129,1194
100,5,0.9288179465056083,2318
100,2,0.8390663390663391,814
100,3,0.6245710363761153,1457
100,5,0.9288179465056083,2318
100,2,0.9254606365159129,1194
100,2,0.14107142857142857,1120
100,2,0.8731707317073171,615
100,2,0.8731707317073171,615
100,5,0.4330357142857143,1120
100,5,0.9288179465056083,2318
100,1,0.6406926406926406,462
100,1,0.9885321100917431,1308
100,1,0.6885416666666667,960
100,1,0.398014440433213,1108
100,1,1.0,1736
100,1,1.0,1373
100,1,1.0,1736
100,1,1.0,895
100,1,1.0,1231
100,1,1.0,1464
200,3,1.0,675
200,2,1.0,699
200,3,1.0,412
200,5,1.0,414
200,5,1.0,414
200,5,1.0,476
200,2,0.9299516908212561,414
200,5,1.0,476
200,5,1.0,476
200,3,1.0,342
200,3,0.07004830917874397,414
200,3,1.0,914
200,5,1.0,627
200,2,0.5483870967741935,465
200,2,0.44126984126984126,315
200,0,0.17121588089330025,403
200,3,1.0,431
200,3,0.9853107344632769,885
200,3,1.0,676
200,0,1.0,416
200,3,1.0,422
200,0,1.0,543
200,0,1.0,640
200,0,1.0,510
200,0,1.0,602
200,0,0.8983957219251337,748
200,0,1.0,628
200,0,1.0,347
200,0,0.7482014388489209,278
200,2,0.8409090909090909,572
200,5,0.9792857142857143,1400
200,2,0.8559498956158664,479
200,3,0.79204107830552,779
200,5,0.8325031133250311,1606
200,2,1.0,459
200,2,0.43538767395626243,503
200,2,0.9665809768637532,389
200,2,0.9665809768637532,389
200,5,0.8582089552238806,536
200,5,0.8325031133250311,1606
200,1,0.696113074204947,566
200,1,1.0,474
200,1,0.9324324324324325,444
200,1,1.0,619
200,1,1.0,656
200,1,1.0,536
200,1,1.0,1288
200,1,1.0,665
200,1,1.0,506
200,1,1.0,470
400,3,1.0,499
400,2,1.0,290
400,3,1.0,244
400,5,1.0,143
400,5,1.0,396
400,5,1.0,760
400,2,1.0,287
400,5,1.0,760
400,5,1.0,760
400,3,1.0,164
400,3,0.84472049689441,161
400,3,1.0,383
400,5,1.0,262
400,2,0.6839622641509434,212
400,2,0.35625,160
400,0,0.4721311475409836,610
400,3,1.0,181
400,3,1.0,203
400,3,1.0,249
400,0,1.0,269
400,3,1.0,314
400,0,1.0,307
400,0,1.0,289
400,0,1.0,250
400,0,1.0,260
400,0,0.7974683544303798,316
400,0,1.0,324
400,0,1.0,220
400,0,1.0,306
400,2,0.9006622516556292,302
400,5,0.4843962008141113,737
400,2,0.8515625,256
400,3,0.6809338521400778,257
400,5,0.4843962008141113,737
400,2,1.0,255
400,2,1.0,198
400,2,0.6780487804878049,205
400,2,1.0,314
400,5,0.8421052631578947,247
400,5,0.952076677316294,313
400,1,0.7991452991452992,234
400,1,1.0,258
400,1,1.0,251
400,1,0.9958847736625515,243
400,1,1.0,210
400,1,1.0,269
400,1,1.0,391
400,1,1.0,237
400,1,1.0,181
400,1,1.0,327
800,3,1.0,91
800,2,1.0,113
800,3,1.0,103
800,5,1.0,207
800,5,1.0,200
800,5,1.0,205
800,2,0.9553571428571429,112
800,5,1.0,110
800,5,1.0,110
800,3,1.0,263
800,3,0.8333333333333334,90
800,3,1.0,75
800,5,1.0,134
800,2,0.6764705882352942,136
800,2,0.3546099290780142,141
800,0,0.28,150
800,3,1.0,123
800,3,1.0,161
800,3,1.0,163
800,0,1.0,135
800,3,1.0,121
800,0,1.0,134
800,0,1.0,149
800,0,1.0,130
800,0,1.0,153
800,0,0.9548872180451128,133
800,0,1.0,138
800,0,1.0,209
800,0,0.9625,80
800,2,1.0,156
800,5,1.0,183
800,2,1.0,110
800,3,1.0,150
800,5,1.0,171
800,2,1.0,152
800,2,1.0,65
800,2,0.7142857142857143,70
800,2,1.0,154
800,5,0.9242424242424242,132
800,5,1.0,96
800,1,0.7441860465116279,172
800,1,1.0,142
800,1,1.0,123
800,1,1.0,142
800,1,1.0,105
800,1,1.0,130
800,1,1.0,94
800,1,1.0,156
800,1,1.0,144
800,1,1.0,149
50,1,1.0,2716
50,1,1.0,2201
50,1,1.0,2371
50,1,0.8356277533039648,3632
50,1,1.0,1198
50,1,1.0,2716
50,1,1.0,1985
50,2,0.9613970588235294,1632
50,1,0.9140032191308347,4349
50,1,1.0,2626
50,2,0.9613970588235294,1632
50,0,0.9208860759493671,3476
50,0,0.9208860759493671,3476
50,0,0.9208860759493671,3476
50,0,0.0790986433662911,4349
50,0,0.9208860759493671,3476
50,0,0.9208860759493671,3476
50,2,0.9690128375387339,2259
50,0,0.6060371517027864,2584
50,0,0.8955759266640095,2509
50,2,1.0,1688
50,0,0.8955759266640095,2509
50,2,0.10362694300518134,2509
50,2,0.3811919504643963,2584
50,1,0.6857142857142857,3010
50,2,0.9638589332556106,3431
50,2,0.3811919504643963,2584
50,0,0.9825268817204301,1488
50,2,0.3811919504643963,2584
50,2,0.9690128375387339,2259
50,3,0.019933554817275746,3010
50,3,0.6293850598431696,2423
50,3,0.6293850598431696,2423
50,3,0.6293850598431696,2423
50,3,0.6293850598431696,2423
50,3,0.6293850598431696,2423
50,3,0.6293850598431696,2423
50,3,0.6293850598431696,2423
50,3,0.6293850598431696,2423
50,3,0.6293850598431696,2423
100,1,1.0,599
100,1,1.0,1068
100,1,1.0,1074
100,1,1.0,1067
100,1,1.0,2235
100,1,1.0,1844
100,1,1.0,1661
100,2,0.9964639321074965,1414
100,1,1.0,1191
100,1,0.8544108574953733,1621
100,2,0.9964639321074965,1414
100,0,0.9973568281938326,1135
100,0,0.9990909090909091,1100
100,0,0.9973568281938326,1135
100,0,0.14558914250462676,1621
100,0,0.9973568281938326,1135
100,0,0.9973568281938326,1135
100,2,0.9534883720930233,645
100,0,1.0,549
100,0,0.2148924122310306,3532
100,2,1.0,1111
100,0,0.1292517006802721,1029
100,2,0.8707482993197279,1029
100,2,0.9313880126182965,1268
100,1,0.5792751981879954,3532
100,2,0.8707482993197279,1029
100,2,0.9313880126182965,1268
100,0,0.9652351738241309,978
100,2,0.9313880126182965,1268
100,2,1.0,1111
100,3,0.98145285935085,647
100,3,0.6849199663016007,1187
100,3,0.6849199663016007,1187
100,3,0.98145285935085,647
100,3,0.6849199663016007,1187
100,3,0.98145285935085,647
100,3,0.98145285935085,647
100,3,0.98145285935085,647
100,3,0.14697120158887786,1007
100,3,0.98145285935085,647
200,1,1.0,514
200,1,1.0,521
200,1,1.0,441
200,1,0.9843081312410842,701
200,1,1.0,528
200,1,1.0,336
200,1,1.0,556
200,2,1.0,623
200,1,1.0,567
200,1,1.0,490
200,2,0.9651898734177216,632
200,0,0.9856115107913669,417
200,0,1.0,521
200,0,1.0,641
200,0,0.3365650969529086,722
200,0,0.9017160686427457,641
200,0,0.9017160686427457,641
200,2,0.81,700
200,0,0.996969696969697,330
200,0,0.9358974358974359,390
200,2,1.0,478
200,0,0.9358974358974359,390
200,2,0.9759519038076152,499
200,2,0.893223819301848,487
200,1,1.0,1075
200,2,1.0,492
200,2,0.893223819301848,487
200,0,1.0,553
200,2,0.893223819301848,487
200,2,1.0,569
200,3,0.07589285714285714,896
200,3,0.7809139784946236,744
200,3,0.7809139784946236,744
200,3,0.6677215189873418,316
200,3,0.7809139784946236,744
200,3,0.6677215189873418,316
200,3,1.0,450
200,3,1.0,450
200,3,0.496274217585693,671
200,3,0.6677215189873418,316
400,1,1.0,232
400,1,1.0,207
400,1,1.0,251
400,1,1.0,235
400,1,1.0,285
400,1,1.0,164
400,1,1.0,391
400,2,1.0,209
400,1,1.0,249
400,1,1.0,749
400,2,0.9423076923076923,208
400,0,0.9962825278810409,269
400,0,0.9581749049429658,263
400,0,1.0,288
400,0,0.7012987012987013,154
400,0,1.0,328
400,0,1.0,328
400,2,0.8238636363636364,528
400,0,1.0,226
400,0,1.0,114
400,2,1.0,212
400,0,0.987460815047022,638
400,2,0.9239543726235742,263
400,2,0.8909090909090909,220
400,1,0.6464237516869096,741
400,2,1.0,252
400,2,0.8909090909090909,220
400,0,0.968609865470852,446
400,2,0.8909090909090909,220
400,2,1.0,235
400,3,0.44936708860759494,158
400,3,0.6900369003690037,271
400,3,1.0,229
400,3,0.9919354838709677,248
400,3,1.0,229
400,3,0.9919354838709677,248
400,3,1.0,292
400,3,0.9919354838709677,248
400,3,0.9966329966329966,297
400,3,0.5628019323671497,414
800,1,1.0,158
800,1,1.0,130
800,1,1.0,121
800,1,1.0,127
800,1,1.0,136
800,1,1.0,171
800,1,1.0,183
800,2,1.0,120
800,1,1.0,149
800,1,1.0,108
800,2,0.9655172413793104,116
800,0,1.0,144
800,0,1.0,131
800,0,1.0,139
800,0,0.7528735632183908,174
800,0,1.0,155
800,0,0.9921875,128
800,2,0.8226600985221675,203
800,0,1.0,118
800,0,0.9404761904761905,168
800,2,1.0,152
800,0,0.8426966292134831,534
800,2,0.9507042253521126,142
800,2,0.974025974025974,154
800,1,1.0,154
800,2,1.0,113
800,2,0.9507042253521126,142
800,0,1.0,127
800,2,0.9507042253521126,142
800,2,1.0,113
800,3,0.42134831460674155,178
800,3,1.0,165
800,3,1.0,155
800,3,1.0,149
800,3,1.0,155
800,3,1.0,149
800,3,1.0,213
800,3,0.9567901234567902,162
800,3,1.0,122
800,3,0.8,175
50,2,1.0,2036
50,2,1.0,1925
50,2,1.0,1925
50,2,1.0,3640
50,2,1.0,3640
50,0,0.9977077363896848,1745
50,2,1.0,2834
50,2,0.9912280701754386,1596
50,0,0.9995017438963627,2007
50,0,0.9995471014492754,2208
50,0,1.0,2216
50,0,0.9984496124031008,1935
50,0,1.0,2146
50,0,0.9984496124031008,1935
50,4,0.7796284433055733,1561
50,0,0.9984496124031008,1935
50,4,0.8628922237380627,1466
50,4,0.7796284433055733,1561
50,0,0.15821917808219177,1460
50,4,0.8628922237380627,1466
50,2,1.0,2090
50,4,0.8628922237380627,1466
50,4,0.046021840873634944,1282
50,4,0.900709219858156,2115
50,4,0.900709219858156,2115
50,0,0.6904911838790933,3176
50,4,0.900709219858156,2115
50,4,0.900709219858156,2115
50,2,0.9663573085846868,2586
50,2,0.9663573085846868,2586
100,2,1.0,802
100,2,1.0,1528
100,2,1.0,1528
100,2,1.0,820
100,2,1.0,820
100,0,0.9970760233918129,1026
100,2,1.0,1142
100,2,0.9937555753791257,1121
100,0,1.0,905
100,0,1.0,1015
100,0,1.0,1087
100,0,1.0,1129
100,0,1.0,974
100,0,1.0,1129
100,4,0.8667122351332878,1463
100,0,1.0,1129
100,4,0.8667122351332878,1463
100,4,0.8667122351332878,1463
100,0,0.9798927613941019,746
100,4,0.90895410082769,1329
100,2,1.0,969
100,4,0.90895410082769,1329
100,4,0.90895410082769,1329
100,4,0.9021827000808408,1237
100,4,0.9021827000808408,1237
100,0,0.9732824427480916,786
100,4,0.9021827000808408,1237
100,4,0.9021827000808408,1237
100,2,0.902946273830156,577
100,2,1.0,1170
200,2,1.0,335
200,2,1.0,536
200,2,1.0,628
200,2,1.0,598
200,2,1.0,598
200,0,1.0,499
200,2,1.0,581
200,2,1.0,391
200,0,1.0,475
200,0,1.0,492
200,0,1.0,508
200,0,0.9894578313253012,664
200,0,1.0,510
200,0,0.9894578313253012,664
200,4,0.907563025210084,476
200,0,1.0,575
200,4,0.9979423868312757,486
200,4,0.9979423868312757,486
200,0,0.896887159533074,514
200,4,0.9979423868312757,486
200,2,1.0,569
200,4,0.9869513641755635,843
200,4,0.11633663366336634,404
200,4,0.9153153153153153,555
200,4,0.9153153153153153,555
200,0,0.8218694885361552,567
200,4,0.9688149688149689,481
200,4,0.9688149688149689,481
200,2,0.9928741092636579,421
200,2,1.0,588
400,2,1.0,238
400,2,1.0,247
400,2,1.0,247
400,2,1.0,218
400,2,1.0,252
400,0,1.0,225
400,2,1.0,188
400,2,1.0,249
400,0,1.0,233
400,0,1.0,250
400,0,1.0,234
400,0,1.0,244
400,0,1.0,227
400,0,1.0,270
400,4,0.8896103896103896,308
400,0,1.0,270
400,4,1.0,203
400,4,1.0,303
400,0,1.0,236
400,4,0.9953271028037384,428
400,2,1.0,229
400,4,0.9175627240143369,279
400,4,0.11619718309859155,284
400,4,0.9068825910931174,247
400,4,1.0,177
400,0,0.9319727891156463,294
400,4,1.0,177
400,4,1.0,228
400,2,0.8882521489971347,349
400,2,1.0,214
800,2,1.0,150
800,2,1.0,121
800,2,1.0,140
800,2,1.0,173
800,2,1.0,135
800,0,1.0,132
800,2,1.0,96
800,2,1.0,112
800,0,0.9876543209876543,81
800,0,1.0,116
800,0,1.0,113
800,0,1.0,127
800,0,1.0,123
800,0,1.0,114
800,4,0.934640522875817,153
800,0,1.0,130
800,4,1.0,139
800,4,1.0,139
800,0,1.0,131
800,4,1.0,99
800,2,1.0,110
800,4,1.0,163
800,4,0.29850746268656714,134
800,4,1.0,130
800,4,1.0,92
800,0,0.9141104294478528,163
800,4,1.0,181
800,4,1.0,181
800,2,0.9929078014184397,141
800,2,1.0,136
50,3,0.11617711530030689,2281
50,3,0.11617711530030689,2281
50,3,0.11617711530030689,2281
50,3,0.11617711530030689,2281
50,3,0.11617711530030689,2281
50,3,0.11617711530030689,2281
50,4,0.5404941660947151,2914
50,3,0.11617711530030689,2281
50,3,0.11617711530030689,2281
50,4,0.5404941660947151,2914
50,4,0.88181421718273,2293
50,3,0.11617711530030689,2281
50,3,0.11617711530030689,2281
50,4,0.88181421718273,2293
50,0,0.8838228846996932,2281
50,4,0.88181421718273,2293
50,4,0.88181421718273,2293
50,4,0.5404941660947151,2914
50,4,0.88181421718273,2293
50,4,0.5404941660947151,2914
50,0,0.9859795377036756,2639
50,4,0.88181421718273,2293
50,0,0.9929266136162688,2262
50,0,1.0,2118
50,0,0.9929266136162688,2262
50,0,0.9859795377036756,2639
50,0,1.0,1942
50,0,0.8090575275397797,4085
50,0,0.940926777502653,2827
50,1,1.0,2317
50,0,1.0,2045
50,1,0.9949475320637389,2573
50,1,1.0,1770
50,1,1.0,1770
50,1,1.0,2215
50,1,1.0,5936
50,1,1.0,5936
50,1,1.0,2618
50,1,1.0,2544
50,1,1.0,1477
100,3,0.2693089430894309,984
100,3,0.2693089430894309,984
100,3,0.2693089430894309,984
100,3,0.2693089430894309,984
100,3,0.2693089430894309,984
100,3,0.2693089430894309,984
100,4,0.5540275049115914,2545
100,3,0.2693089430894309,984
100,3,0.2693089430894309,984
100,4,0.5540275049115914,2545
100,4,0.8813370473537604,1795
100,3,0.2693089430894309,984
100,3,0.2693089430894309,984
100,4,0.8813370473537604,1795
100,0,1.0,1112
100,4,0.8813370473537604,1795
100,4,0.8813370473537604,1795
100,4,0.5540275049115914,2545
100,4,0.8813370473537604,1795
100,4,0.5540275049115914,2545
100,0,0.8438266557645135,1223
100,4,0.8813370473537604,1795
100,0,0.9877704609595485,1063
100,0,1.0,1315
100,0,1.0,1070
100,0,1.0,1116
100,0,1.0,1070
100,0,1.0,1205
100,0,1.0,1129
100,1,1.0,1016
100,0,1.0,1205
100,1,0.9950062421972534,801
100,1,1.0,765
100,1,1.0,697
100,1,1.0,953
100,1,1.0,4203
100,1,1.0,920
100,1,1.0,1484
100,1,1.0,943
100,1,1.0,757
200,3,0.5763097949886105,439
200,3,0.5763097949886105,439
200,3,0.5763097949886105,439
200,3,0.5763097949886105,439
200,3,0.5763097949886105,439
200,3,0.5763097949886105,439
200,4,1.0,556
200,3,0.5763097949886105,439
200,3,0.5763097949886105,439
200,4,0.9924812030075187,665
200,4,0.16816816816816818,333
200,3,0.5763097949886105,439
200,3,0.5763097949886105,439
200,4,0.8032200357781754,559
200,0,1.0,505
200,4,0.8032200357781754,559
200,4,0.8032200357781754,559
200,4,0.9924812030075187,665
200,4,1.0,408
200,4,0.15991902834008098,494
200,0,1.0,375
200,4,1.0,408
200,0,1.0,537
200,0,1.0,482
200,0,1.0,499
200,0,1.0,485
200,0,1.0,485
200,0,1.0,552
200,0,1.0,547
200,1,1.0,293
200,0,1.0,384
200,1,1.0,495
200,1,1.0,386
200,1,1.0,443
200,1,1.0,575
200,1,1.0,1118
200,1,1.0,457
200,1,1.0,1170
200,1,1.0,1003
200,1,1.0,486
400,3,0.9262672811059908,217
400,3,0.9262672811059908,217
400,3,0.9262672811059908,217
400,3,0.9262672811059908,217
400,3,0.9262672811059908,217
400,3,0.9262672811059908,217
400,4,1.0,273
400,3,0.9262672811059908,217
400,3,0.21551724137931033,232
400,4,0.9860279441117764,501
400,4,0.8026905829596412,223
400,3,0.058577405857740586,239
400,3,0.058577405857740586,239
400,4,0.8026905829596412,223
400,0,1.0,225
400,4,0.6102564102564103,195
400,4,0.8366013071895425,153
400,4,0.9860279441117764,501
400,4,1.0,391
400,4,0.5811965811965812,117
400,0,1.0,270
400,4,1.0,391
400,0,1.0,247
400,0,1.0,250
400,0,1.0,252
400,0,1.0,236
400,0,1.0,240
400,0,1.0,244
400,0,1.0,250
400,1,1.0,277
400,0,1.0,290
400,1,1.0,192
400,1,1.0,256
400,1,1.0,256
400,1,1.0,234
400,1,1.0,197
400,1,1.0,293
400,1,1.0,270
400,1,1.0,238
400,1,1.0,307
800,3,1.0,124
800,3,1.0,124
800,3,0.8264462809917356,121
800,3,1.0,124
800,3,1.0,124
800,3,1.0,124
800,4,1.0,202
800,3,0.8264462809917356,121
800,3,0.8264462809917356,121
800,4,1.0,238
800,4,0.7719298245614035,114
800,3,0.3023255813953488,129
800,3,0.3023255813953488,129
800,4,1.0,72
800,0,1.0,125
800,4,0.6417910447761194,134
800,4,0.6417910447761194,134
800,4,0.9728506787330317,221
800,4,1.0,252
800,4,0.7571428571428571,70
800,0,1.0,136
800,4,1.0,193
800,0,1.0,146
800,0,1.0,137
800,0,1.0,122
800,0,1.0,118
800,0,1.0,117
800,0,1.0,147
800,0,1.0,118
800,1,1.0,136
800,0,1.0,151
800,1,1.0,113
800,1,1.0,107
800,1,1.0,119
800,1,1.0,113
800,1,1.0,78
800,1,1.0,104
800,1,1.0,142
800,1,1.0,155
800,1,1.0,146
50,2,1.0,2158
50,2,0.8031942297784647,1941
50,2,0.8378607809847198,1178
50,2,0.7147968310759009,3913
50,2,1.0,2394
50,2,0.6922382671480144,3324
50,3,0.9697656840513983,2646
50,3,0.9697656840513983,2646
50,2,1.0,1694
50,2,0.07022607022607022,2079
50,3,0.28520316892409914,3913
50,3,0.9297739297739298,2079
50,3,0.987812309567337,1641
50,2,0.9837037037037037,2025
50,2,0.5704397394136808,2456
50,3,0.9297739297739298,2079
50,3,0.9306149292995725,3041
50,0,0.048894842598794376,1493
50,0,1.0,1453
50,3,0.767268862911796,1882
50,3,0.6389484978540773,1864
50,0,1.0,2493
50,0,1.0,1692
50,0,0.939764705882353,2125
50,0,0.939764705882353,2125
50,0,1.0,2089
50,0,1.0,1775
50,0,0.9857482185273159,2105
50,0,0.8316788951230039,2317
50,4,0.5396056727775856,2891
50,4,0.5396056727775856,2891
50,4,0.5396056727775856,2891
50,4,0.3698630136986301,1168
50,4,0.5396056727775856,2891
50,4,0.5396056727775856,2891
50,4,0.5396056727775856,2891
50,4,0.3698630136986301,1168
50,4,0.5396056727775856,2891
50,4,0.5396056727775856,2891
50,3,0.33794534763057765,2891
100,2,1.0,949
100,2,0.8778280542986425,884
100,2,0.9847715736040609,985
100,2,0.7556221889055472,1334
100,2,1.0,790
100,2,0.3017982799061767,1279
100,3,0.7467105263157895,1520
100,3,0.7467105263157895,1520
100,2,1.0,976
100,2,0.848257006151743,1463
100,3,0.9313118811881188,1616
100,3,0.9313118811881188,1616
100,3,0.5130434782608696,1610
100,2,1.0,976
100,2,0.21084337349397592,996
100,3,0.151742993848257,1463
100,3,1.0,824
100,0,0.019746121297602257,709
100,0,1.0,716
100,3,0.8961748633879781,915
100,3,0.599845797995374,1297
100,0,1.0,899
100,0,1.0,995
100,0,1.0,986
100,0,1.0,928
100,0,1.0,1121
100,0,1.0,1642
100,0,1.0,1018
100,0,1.0,720
100,4,0.5060048038430744,1249
100,4,0.5060048038430744,1249
100,4,0.9584158415841584,505
100,4,0.7650882079851439,1077
100,4,0.9584158415841584,505
100,4,0.9584158415841584,505
100,4,0.9584158415841584,505
100,4,0.7650882079851439,1077
100,4,0.049440298507462684,1072
100,4,0.5060048038430744,1249
100,3,0.4315452361889512,1249
200,2,1.0,458
200,2,0.8009049773755657,442
200,2,0.9949558638083228,793
200,2,1.0,630
200,2,1.0,595
200,2,0.24644549763033174,633
200,3,1.0,656
200,3,0.9869451697127938,383
200,2,1.0,603
200,2,0.45354523227383864,818
200,3,0.5464547677261614,818
200,3,1.0,462
200,3,0.8338658146964856,313
200,2,1.0,493
200,2,0.9513422818791947,596
200,3,0.9350828729281768,724
200,3,1.0,364
200,0,0.2664835164835165,364
200,0,1.0,537
200,3,1.0,350
200,3,0.7368421052631579,494
200,0,1.0,539
200,0,1.0,572
200,0,1.0,491
200,0,1.0,476
200,0,1.0,491
200,0,1.0,491
200,0,1.0,501
200,0,1.0,658
200,4,0.7352941176470589,374
200,4,0.6796296296296296,540
200,4,0.9434782608695652,690
200,4,0.8215962441314554,639
200,4,0.9434782608695652,690
200,4,0.9434782608695652,690
200,4,0.9434782608695652,690
200,4,0.8215962441314554,639
200,4,0.6796296296296296,540
200,4,0.6796296296296296,540
200,3,0.9713261648745519,279
400,2,1.0,272
400,2,0.7457627118644068,236
400,2,0.8831168831168831,385
400,2,1.0,312
400,2,1.0,263
400,2,0.5477178423236515,241
400,3,1.0,282
400,3,1.0,220
400,2,1.0,275
400,2,0.7727272727272727,308
400,3,1.0,319
400,3,1.0,490
400,3,1.0,197
400,2,1.0,254
400,2,0.7978142076502732,183
400,3,0.9190283400809717,247
400,3,1.0,201
400,0,0.14835164835164835,182
400,0,1.0,255
400,3,1.0,255
400,3,0.6595744680851063,329
400,0,1.0,210
400,0,1.0,205
400,0,1.0,269
400,0,1.0,240
400,0,1.0,297
400,0,1.0,231
400,0,1.0,250
400,0,1.0,238
400,4,0.9028571428571428,175
400,4,1.0,294
400,4,0.964769647696477,369
400,4,1.0,249
400,4,0.964769647696477,369
400,4,0.964769647696477,369
400,4,0.964769647696477,369
400,4,0.41721854304635764,151
400,4,0.35546875,256
400,4,1.0,294
400,3,0.5364238410596026,151
800,2,1.0,125
800,2,0.8367346938775511,98
800,2,0.9518072289156626,166
800,2,1.0,87
800,2,1.0,134
800,2,0.8,160
800,3,1.0,156
800,3,1.0,136
800,2,1.0,114
800,2,0.3652173913043478,115
800,3,1.0,96
800,3,1.0,137
800,3,0.9929577464788732,142
800,2,1.0,136
800,2,0.991869918699187,123
800,3,1.0,100
800,3,1.0,161
800,0,0.55,120
800,0,1.0,116
800,3,1.0,109
800,3,0.96875,128
800,0,1.0,120
800,0,1.0,131
800,0,1.0,128
800,0,1.0,128
800,0,1.0,139
800,0,1.0,113
800,0,1.0,120
800,0,1.0,135
800,4,0.85,120
800,4,1.0,158
800,4,0.896774193548387,155
800,4,1.0,249
800,4,0.896774193548387,155
800,4,1.0,164
800,4,1.0,164
800,4,0.7,90
800,4,0.9183673469387755,147
800,4,0.9183673469387755,147
800,3,0.6788990825688074,109
50,2,0.6138040042149632,1898
50,0,1.0,1032
50,0,0.06569343065693431,1781
50,2,0.5621019108280255,1884
50,3,0.2749087115284298,1917
50,3,1.0,1840
50,3,1.0,2146
50,3,1.0,1878
50,2,0.8618075801749271,1715
50,2,0.45926517571884984,1252
50,2,0.45926517571884984,1252
50,2,0.22670157068062827,1910
50,3,0.9909738717339668,2105
50,3,0.9909738717339668,2105
50,4,0.18534031413612564,1910
50,3,0.9926586261143157,1907
50,2,0.8354037267080745,1610
50,2,0.8354037267080745,1610
50,2,0.8354037267080745,1610
50,2,0.17007327419976861,2593
50,3,0.39182414192055537,2593
50,3,1.0,2352
50,3,0.9929624664879356,2984
50,0,0.43810258387967604,2593
50,0,0.43810258387967604,2593
50,0,0.6038251366120219,1830
50,0,0.7431331119830968,3313
50,0,0.6086637298091042,2724
50,4,0.39352097716409984,1883
50,0,0.7787524366471735,2052
50,4,0.39352097716409984,1883
50,0,0.7787524366471735,2052
50,0,0.6086637298091042,2724
50,4,0.22306067008753397,3313
50,4,0.39352097716409984,1883
50,4,0.22306067008753397,3313
50,4,0.05360623781676413,2052
50,4,0.22306067008753397,3313
50,4,0.05360623781676413,2052
50,4,0.22306067008753397,3313
100,2,0.962486602357985,933
100,0,0.9782608695652174,1242
100,0,0.9782608695652174,1242
100,2,0.5033175355450237,1055
100,3,0.8544378698224852,845
100,3,1.0,988
100,3,1.0,886
100,3,1.0,968
100,2,0.9712793733681462,1149
100,2,0.7334575955265611,1073
100,2,0.7334575955265611,1073
100,2,0.5537109375,1024
100,3,1.0,997
100,3,1.0,997
100,4,0.10252996005326231,751
100,3,1.0,970
100,2,0.9481236203090507,906
100,2,0.9481236203090507,906
100,2,0.9481236203090507,906
100,2,0.22945830797321973,1643
100,3,0.5161290322580645,1643
100,3,1.0,1104
100,3,1.0,1273
100,0,0.7639691714836223,1038
100,0,0.7639691714836223,1038
100,0,0.2769396551724138,928
100,0,1.0,1107
100,0,0.006166495375128468,973
100,4,0.08587257617728532,722
100,0,0.9696312364425163,922
100,4,0.9698492462311558,597
100,0,0.9696312364425163,922
100,0,0.9402347918890075,937
100,4,0.5668515095502157,1623
100,4,0.9698492462311558,597
100,4,0.5668515095502157,1623
100,4,0.5668515095502157,1623
100,4,0.5668515095502157,1623
100,4,0.5668515095502157,1623
100,4,0.5668515095502157,1623
200,2,0.9974358974358974,390
200,0,1.0,337
200,0,0.08974358974358974,468
200,2,0.9102564102564102,468
200,3,0.20993227990970656,443
200,3,1.0,451
200,3,1.0,491
200,3,1.0,405
200,2,0.9379014989293362,467
200,2,0.8029350104821803,477
200,2,0.8029350104821803,477
200,2,0.9379014989293362,467
200,3,0.9738562091503268,459
200,3,1.0,401
200,4,0.792156862745098,255
200,3,1.0,439
200,2,0.9666110183639399,599
200,2,0.9666110183639399,599
200,2,0.3510204081632653,490
200,2,0.9861878453038674,362
200,3,0.45714285714285713,490
200,3,1.0,487
200,3,1.0,524
200,0,0.560546875,512
200,0,0.8645598194130926,443
200,0,0.8449744463373083,587
200,0,1.0,538
200,0,0.680140597539543,569
200,4,0.291358024691358,405
200,0,0.8805309734513275,678
200,4,0.9713375796178344,628
200,0,1.0,471
200,0,1.0,544
200,4,1.0,309
200,4,0.9713375796178344,628
200,4,1.0,309
200,4,0.5705705705705706,333
200,4,0.5705705705705706,333
200,4,0.11946902654867257,678
200,4,1.0,256
400,2,1.0,251
400,0,1.0,211
400,0,0.28502415458937197,207
400,2,0.714975845410628,207
400,3,0.9585253456221198,217
400,3,1.0,261
400,3,1.0,183
400,3,1.0,260
400,2,1.0,224
400,2,0.8884120171673819,233
400,2,0.28095238095238095,210
400,2,1.0,224
400,3,0.9485714285714286,175
400,3,1.0,204
400,4,0.7840909090909091,264
400,3,1.0,229
400,2,0.847457627118644,236
400,2,1.0,169
400,2,0.847457627118644,236
400,2,1.0,257
400,3,0.7354085603112841,257
400,3,1.0,262
400,3,1.0,324
400,0,0.8513011152416357,269
400,0,1.0,279
400,0,0.19365079365079366,315
400,0,1.0,314
400,0,0.08016877637130802,237
400,4,0.10176991150442478,226
400,0,0.6334310850439883,341
400,4,1.0,515
400,0,1.0,246
400,0,1.0,231
400,4,1.0,224
400,4,1.0,515
400,4,0.6427289048473968,557
400,4,0.36656891495601174,341
400,4,0.6427289048473968,557
400,4,0.36656891495601174,341
400,4,1.0,225
800,2,0.9716981132075472,106
800,0,1.0,123
800,0,0.9361702127659575,94
800,2,0.9612403100775194,129
800,3,0.9292035398230089,113
800,3,1.0,140
800,3,1.0,133
800,3,1.0,109
800,2,1.0,119
800,2,0.8384615384615385,130
800,2,0.9914529914529915,117
800,2,0.8220338983050848,118
800,3,1.0,141
800,3,1.0,138
800,4,0.7580645161290323,124
800,3,1.0,148
800,2,0.7379310344827587,145
800,2,1.0,107
800,2,0.7379310344827587,145
800,2,1.0,134
800,3,0.2620689655172414,145
800,3,1.0,122
800,3,1.0,118
800,0,0.8548387096774194,124
800,0,1.0,123
800,0,0.34265734265734266,143
800,0,1.0,143
800,0,0.5789473684210527,133
800,4,0.2185430463576159,151
800,0,1.0,155
800,4,1.0,168
800,0,1.0,134
800,0,1.0,143
800,4,1.0,151
800,4,1.0,247
800,4,0.6351791530944625,307
800,4,0.7677419354838709,155
800,4,1.0,139
800,4,0.7677419354838709,155
800,4,1.0,225
50,2,0.8794425087108014,2870
50,2,1.0,1808
50,2,1.0,2298
50,4,0.12055749128919861,2870
50,4,0.12055749128919861,2870
50,4,0.12055749128919861,2870
50,4,0.12055749128919861,2870
50,4,0.12055749128919861,2870
50,4,0.12055749128919861,2870
50,4,0.12055749128919861,2870
50,4,0.12055749128919861,2870
50,4,0.12055749128919861,2870
50,4,0.0034916201117318434,2864
50,2,1.0,1957
50,2,1.0,1741
50,2,1.0,2826
50,2,1.0,2348
50,2,1.0,4232
50,2,1.0,3236
50,2,1.0,2465
100,2,0.7948126801152737,1735
100,2,1.0,1067
100,2,1.0,550
100,4,0.20518731988472622,1735
100,4,0.20518731988472622,1735
100,4,0.20518731988472622,1735
100,4,0.20518731988472622,1735
100,4,0.20518731988472622,1735
100,4,0.20518731988472622,1735
100,4,0.20518731988472622,1735
100,4,0.20518731988472622,1735
100,4,0.20518731988472622,1735
100,4,0.20518731988472622,1735
100,2,1.0,1273
100,2,1.0,1075
100,2,1.0,1255
100,2,1.0,1659
100,2,1.0,545
100,2,1.0,877
100,2,1.0,574
200,2,0.9625585023400937,641
200,2,1.0,525
200,2,1.0,470
200,4,0.937125748502994,334
200,4,0.937125748502994,334
200,4,0.937125748502994,334
200,4,0.937125748502994,334
200,4,0.937125748502994,334
200,4,0.937125748502994,334
200,4,0.937125748502994,334
200,4,0.937125748502994,334
200,4,0.937125748502994,334
200,4,0.06462585034013606,294
200,2,1.0,426
200,2,1.0,513
200,2,1.0,489
200,2,1.0,561
200,2,1.0,424
200,2,1.0,532
200,2,1.0,583
400,2,0.8582995951417004,247
400,2,1.0,324
400,2,1.0,210
400,4,0.9409937888198758,322
400,4,0.9409937888198758,322
400,4,0.9409937888198758,322
400,4,0.9409937888198758,322
400,4,0.9409937888198758,322
400,4,0.9409937888198758,322
400,4,0.9409937888198758,322
400,4,0.9409937888198758,322
400,4,0.9409937888198758,322
400,4,0.020338983050847456,295
400,2,1.0,327
400,2,1.0,376
400,2,1.0,282
400,2,1.0,287
400,2,1.0,210
400,2,1.0,365
400,2,1.0,213
800,2,1.0,200
800,2,1.0,143
800,2,1.0,116
800,4,1.0,152
800,4,0.9081081081081082,185
800,4,0.9081081081081082,185
800,4,1.0,152
800,4,0.25773195876288657,97
800,4,0.9081081081081082,185
800,4,1.0,152
800,4,0.9081081081081082,185
800,4,0.9081081081081082,185
800,4,0.09401709401709402,117
800,2,1.0,93
800,2,1.0,110
800,2,1.0,113
800,2,1.0,124
800,2,1.0,148
800,2,1.0,162
800,2,1.0,212
50,2,0.7235030970406057,5812
50,5,0.27649690295939433,5812
50,2,0.9799361605107159,2193
50,5,1.0,2174
50,5,0.5675772825305535,2782
50,5,0.5675772825305535,2782
50,2,1.0,2056
50,2,1.0,2056
50,2,1.0,1725
50,2,1.0,1725
50,2,1.0,2557
50,2,1.0,2557
50,5,0.999536822603057,2159
50,1,0.9311163895486936,2105
50,1,0.9311163895486936,2105
50,2,1.0,2557
50,5,0.9538371067333137,3401
50,1,0.9311163895486936,2105
50,1,1.0,2071
50,1,1.0,2071
50,5,1.0,2277
50,1,0.9542209155816883,2381
50,5,0.9538371067333137,3401
50,1,1.0,1905
50,1,0.6401869158878505,1712
50,5,1.0,2158
50,1,0.9972577696526508,2188
50,2,0.62799740764744,3086
50,3,0.8508620689655172,2320
50,3,0.3455083909180652,1013
50,3,0.8508620689655172,2320
50,3,0.8508620689655172,2320
50,3,0.8508620689655172,2320
50,3,0.8508620689655172,2320
50,1,0.9972577696526508,2188
50,3,0.8508620689655172,2320
50,5,0.2828904731043422,3086
50,3,0.08911211924821776,3086
50,3,0.8508620689655172,2320
50,3,0.8508620689655172,2320
100,2,0.8177777777777778,900
100,5,0.9811912225705329,638
100,2,1.0,998
100,5,1.0,647
100,5,0.6874381800197824,1011
100,5,1.0,1741
100,2,1.0,1245
100,2,1.0,944
100,2,1.0,706
100,2,1.0,1103
100,2,1.0,1259
100,2,0.9686468646864687,1212
100,5,1.0,3107
100,1,0.8908898305084746,944
100,1,1.0,908
100,2,0.9880597014925373,1005
100,5,0.9839958699019101,1937
100,1,1.0,908
100,1,1.0,891
100,1,1.0,891
100,5,1.0,1637
100,1,1.0,898
100,5,0.9637841832963784,4059
100,1,1.0,799
100,1,1.0,903
100,5,0.9637841832963784,4059
100,1,1.0,897
100,2,0.8843888070692194,1358
100,3,0.8149284253578732,978
100,3,0.058954393770856504,899
100,3,0.8149284253578732,978
100,3,0.8149284253578732,978
100,3,0.8149284253578732,978
100,3,0.8149284253578732,978
100,1,1.0,971
100,3,0.8149284253578732,978
100,5,1.0,847
100,3,0.8923076923076924,780
100,3,0.8923076923076924,780
100,3,0.8923076923076924,780
200,2,0.737885462555066,454
200,5,0.9714285714285714,315
200,2,1.0,462
200,5,1.0,869
200,5,0.875,688
200,5,1.0,399
200,2,1.0,394
200,2,1.0,550
200,2,1.0,341
200,2,1.0,391
200,2,1.0,446
200,2,1.0,563
200,5,1.0,372
200,1,0.983177570093458,535
200,1,1.0,507
200,2,1.0,480
200,5,1.0,518
200,1,1.0,547
200,1,1.0,494
200,1,1.0,509
200,5,1.0,560
200,1,1.0,515
200,5,1.0,307
200,1,1.0,491
200,1,1.0,452
200,5,1.0,1003
200,1,1.0,568
200,2,1.0,593
200,3,0.2270168855534709,533
200,3,0.12009803921568628,408
200,3,1.0,550
200,3,0.7458033573141487,417
200,3,1.0,550
200,3,1.0,550
200,1,0.9809358752166378,577
200,3,1.0,550
200,5,1.0,603
200,3,0.3276661514683153,647
200,3,0.9278937381404174,527
200,3,0.9278937381404174,527
400,2,0.7257383966244726,237
400,5,0.9834710743801653,242
400,2,1.0,188
400,5,1.0,562
400,5,0.788961038961039,308
400,5,1.0,317
400,2,1.0,233
400,2,1.0,190
400,2,1.0,448
400,2,1.0,181
400,2,1.0,258
400,2,1.0,270
400,5,1.0,494
400,1,0.9248826291079812,213
400,1,1.0,252
400,2,1.0,231
400,5,1.0,277
400,1,1.0,223
400,1,1.0,237
400,1,1.0,221
400,5,1.0,390
400,1,1.0,232
400,5,1.0,235
400,1,1.0,216
400,1,1.0,282
400,5,1.0,254
400,1,1.0,227
400,2,1.0,258
400,3,0.810077519379845,258
400,3,0.3744075829383886,211
400,3,0.810077519379845,258
400,3,0.8594377510040161,249
400,3,1.0,273
400,3,1.0,273
400,1,1.0,252
400,3,1.0,273
400,5,1.0,214
400,3,0.9644444444444444,225
400,3,0.9701492537313433,268
400,3,0.9701492537313433,268
800,2,0.535031847133758,157
800,5,0.9765258215962441,213
800,2,1.0,119
800,5,1.0,111
800,5,1.0,156
800,5,1.0,184
800,2,1.0,123
800,2,1.0,132
800,2,1.0,140
800,2,1.0,190
800,2,1.0,137
800,2,1.0,132
800,5,1.0,202
800,1,1.0,168
800,1,1.0,141
800,2,1.0,130
800,5,1.0,143
800,1,1.0,130
800,1,1.0,122
800,1,1.0,141
800,5,1.0,243
800,1,1.0,122
800,5,1.0,90
800,1,1.0,136
800,1,1.0,128
800,5,1.0,286
800,1,1.0,134
800,2,1.0,152
800,3,0.45652173913043476,138
800,3,0.2949640287769784,139
800,3,1.0,111
800,3,0.8509316770186336,161
800,3,1.0,161
800,3,1.0,124
800,1,1.0,154
800,3,1.0,119
800,5,1.0,135
800,3,1.0,126
800,3,1.0,141
800,3,1.0,123
50,2,0.5398230088495575,2260
50,1,0.9279796048438496,1569
50,5,0.9801418439716312,2115
50,5,0.9801418439716312,2115
50,0,0.11626366346472342,3019
50,5,0.9519050593379138,1601
50,5,0.9519050593379138,1601
50,1,0.7724412056972507,3019
50,2,0.20489977728285078,1796
50,0,0.9463667820069204,2312
50,5,0.07618416694269625,3019
50,5,0.9801418439716312,2115
50,3,0.6531826293872695,3362
50,2,0.20489977728285078,1796
50,2,0.9690627843494085,2198
50,3,0.6531826293872695,3362
50,2,0.30570902394106814,2172
50,2,0.9690627843494085,2198
50,3,0.6531826293872695,3362
50,2,0.1823238566131026,1618
50,0,0.49665924276169265,1796
50,2,0.30570902394106814,2172
50,0,0.49665924276169265,1796
50,0,0.6214415505754088,1651
50,2,0.30570902394106814,2172
50,5,0.2984409799554566,1796
50,3,0.6531826293872695,3362
50,3,0.9897388059701493,1072
50,3,0.21086556169429096,2172
50,5,0.7139753801593048,1381
50,2,0.30570902394106814,2172
50,0,1.0,2853
50,0,1.0,2853
50,3,0.762384550797649,2382
50,3,0.28602461984069516,1381
50,3,0.762384550797649,2382
50,3,0.762384550797649,2382
50,5,0.37053020961775585,3244
50,5,0.2781563126252505,2495
50,0,0.7551932684722588,3803
50,0,1.0,2853
50,0,0.6193166532149583,3717
50,1,1.0,2329
50,1,1.0,1498
50,1,0.32418617164379876,3717
50,1,1.0,2687
50,1,1.0,2687
50,1,1.0,1785
50,1,1.0,2015
50,1,0.9670637701471618,1427
100,2,0.09383624655013799,1087
100,1,1.0,573
100,5,1.0,997
100,5,1.0,997
100,0,0.09973126306360107,3349
100,5,0.9922413793103448,1160
100,5,0.9922413793103448,1160
100,1,0.830994326664676,3349
100,2,0.08137254901960785,1020
100,0,0.8862745098039215,1020
100,5,0.06300388175574799,3349
100,5,0.9463986599664992,597
100,3,0.6423432682425488,1946
100,2,0.3306188925081433,614
100,2,0.9779310344827586,1450
100,3,0.43580060422960726,1324
100,2,0.425531914893617,705
100,2,0.9779310344827586,1450
100,3,0.9627213420316869,1073
100,2,0.9779310344827586,1450
100,0,0.9463902787705504,1399
100,2,0.45211122554067973,971
100,0,0.9463902787705504,1399
100,0,0.625355315520182,1759
100,2,0.45211122554067973,971
100,5,1.0,490
100,3,0.9627213420316869,1073
100,3,0.7203947368421053,608
100,3,0.7420382165605095,942
100,5,0.839516129032258,1240
100,2,0.45211122554067973,971
100,0,1.0,1145
100,0,0.9463902787705504,1399
100,3,0.6389578163771712,806
100,3,0.14919354838709678,1240
100,3,0.6389578163771712,806
100,3,0.22305229455709713,937
100,5,0.9993174061433447,1465
100,5,0.839516129032258,1240
100,0,1.0,1331
100,0,0.8432098765432099,1620
100,0,0.8060046189376443,2165
100,1,1.0,1038
100,1,1.0,1038
100,1,0.5719899964272954,2799
100,1,1.0,1191
100,1,1.0,1059
100,1,1.0,1023
100,1,1.0,1148
100,1,1.0,1220
200,2,0.21904761904761905,525
200,1,1.0,577
200,5,1.0,479
200,5,1.0,637
200,0,0.2635239567233385,1294
200,5,0.9818181818181818,495
200,5,0.9818181818181818,495
200,1,0.7364760432766615,1294
200,2,0.2585858585858586,495
200,0,0.7292929292929293,495
200,5,0.20414201183431951,676
200,5,0.9941451990632318,854
200,3,0.15213946117274169,631
200,2,0.3283582089552239,536
200,2,1.0,628
200,3,0.6558441558441559,308
200,2,0.5979166666666667,480
200,2,1.0,628
200,3,1.0,683
200,2,0.886685552407932,706
200,0,0.995114006514658,614
200,2,0.8663366336633663,404
200,0,0.995114006514658,614
200,0,0.846820809248555,346
200,2,0.8663366336633663,404
200,5,1.0,430
200,3,1.0,683
200,3,0.9399141630901288,466
200,3,0.6619718309859155,639
200,5,0.6109324758842444,622
200,2,0.8663366336633663,404
200,0,1.0,609
200,0,1.0,618
200,3,0.3890675241157556,622
200,3,0.3890675241157556,622
200,3,1.0,467
200,3,0.7073552425665102,639
200,5,1.0,318
200,5,0.944206008583691,466
200,0,0.9848275862068966,725
200,0,1.0,390
200,0,0.8686746987951808,830
200,1,1.0,441
200,1,1.0,441
200,1,0.5380116959064327,1710
200,1,1.0,373
200,1,1.0,539
200,1,1.0,479
200,1,1.0,565
200,1,1.0,269
400,2,0.47058823529411764,306
400,1,1.0,262
400,5,1.0,270
400,5,1.0,270
400,0,0.6303797468354431,395
400,5,1.0,152
400,5,1.0,152
400,1,0.4823529411764706,255
400,2,0.5817307692307693,208
400,0,1.0,242
400,5,0.19946091644204852,371
400,5,1.0,148
400,3,0.1656441717791411,326
400,2,0.47181008902077154,337
400,2,1.0,334
400,3,0.671957671957672,189
400,2,0.9020408163265307,245
400,2,1.0,334
400,3,1.0,311
400,2,0.8473520249221184,321
400,0,0.9862385321100917,218
400,2,0.8,240
400,0,0.9862385321100917,218
400,0,1.0,180
400,2,0.8,240
400,5,0.9941060903732809,509
400,3,1.0,213
400,3,0.9539170506912442,217
400,3,0.51440329218107,243
400,5,0.9817351598173516,219
400,2,0.8,240
400,0,1.0,294
400,0,1.0,268
400,3,1.0,250
400,3,0.6376811594202898,276
400,3,1.0,250
400,3,0.423841059602649,302
400,5,1.0,212
400,5,1.0,246
400,0,1.0,252
400,0,1.0,230
400,0,1.0,163
400,1,1.0,272
400,1,1.0,265
400,1,1.0,209
400,1,1.0,187
400,1,1.0,292
400,1,1.0,206
400,1,1.0,293
400,1,1.0,177
800,2,0.9803921568627451,153
800,1,1.0,186
800,5,1.0,126
800,5,1.0,168
800,0,0.569672131147541,244
800,5,0.896551724137931,145
800,5,0.896551724137931,145
800,1,0.9743589743589743,78
800,2,0.782608695652174,161
800,0,1.0,174
800,5,0.3442622950819672,122
800,5,1.0,139
800,3,0.21641791044776118,134
800,2,0.41605839416058393,137
800,2,1.0,158
800,3,0.5983606557377049,122
800,2,0.2648221343873518,253
800,2,1.0,158
800,3,1.0,120
800,2,1.0,82
800,0,0.9815950920245399,163
800,2,0.7352941176470589,170
800,0,0.9815950920245399,163
800,0,0.992,125
800,2,0.7352941176470589,170
800,5,1.0,224
800,3,1.0,133
800,3,0.8784530386740331,181
800,3,0.4397163120567376,141
800,5,0.9735099337748344,151
800,2,0.7278481012658228,158
800,0,1.0,153
800,0,1.0,160
800,3,1.0,115
800,3,0.7303370786516854,178
800,3,1.0,144
800,3,0.2565789473684211,152
800,5,1.0,126
800,5,1.0,98
800,0,1.0,130
800,0,1.0,99
800,0,1.0,115
800,1,1.0,141
800,1,1.0,127
800,1,1.0,198
800,1,1.0,106
800,1,1.0,135
800,1,1.0,92
800,1,1.0,147
800,1,1.0,145
50,1,1.0,2326
50,1,0.9340407226842558,3487
50,1,1.0,2326
50,1,1.0,2922
50,1,1.0,2246
50,1,1.0,2246
50,5,0.5845457484642742,3093
50,1,1.0,2518
50,1,0.8316853932584269,8900
50,1,1.0,2518
50,5,0.6364912280701754,1425
50,1,0.8316853932584269,8900
50,5,0.5845457484642742,3093
50,5,0.16831460674157303,8900
50,5,0.7876235811058221,2731
50,5,0.7384523095380924,1667
50,5,0.7876235811058221,2731
50,5,0.9266862170087976,1364
50,5,0.9266862170087976,1364
50,4,0.6423919478981646,1689
50,4,0.2729824561403509,1425
50,5,0.16831460674157303,8900
50,4,0.13022888713496447,1267
50,4,0.045454545454545456,1848
50,0,0.6893470790378007,1455
50,4,0.3240987983978638,2996
50,4,0.3240987983978638,2996
50,4,0.3240987983978638,2996
50,4,0.17826740110165248,1997
50,4,0.3240987983978638,2996
50,0,1.0,2125
50,0,0.9995697074010327,2324
50,4,0.3240987983978638,2996
50,0,1.0,1913
50,0,0.8861788617886179,2337
50,0,1.0,2125
50,0,0.9985994397759104,2142
50,0,0.8217325988983475,1997
50,0,0.8861788617886179,2337
50,0,1.0,1609
100,1,1.0,1260
100,1,1.0,1229
100,1,1.0,1152
100,1,1.0,1487
100,1,1.0,916
100,1,1.0,1721
100,5,0.3286893704850361,1938
100,1,1.0,2168
100,1,1.0,997
100,1,1.0,1200
100,5,0.6111975116640747,1286
100,1,1.0,2168
100,5,0.8454332552693209,854
100,5,0.9476961394769614,803
100,5,0.7479166666666667,960
100,5,0.8352730528200537,1117
100,5,0.7327272727272728,1100
100,5,0.8802588996763754,927
100,5,0.8802588996763754,927
100,4,0.5616302186878728,1006
100,4,0.3048211508553655,1286
100,5,0.6745607333842628,1309
100,4,0.1820480404551201,791
100,4,0.08926780341023069,997
100,0,0.9983525535420099,607
100,4,0.17870722433460076,1315
100,4,0.17870722433460076,1315
100,4,0.9839650145772595,686
100,4,0.18891916439600362,1101
100,4,0.9839650145772595,686
100,0,1.0,1119
100,0,1.0,1109
100,4,0.9839650145772595,686
100,0,1.0,1019
100,0,0.8110808356039964,1101
100,0,1.0,1042
100,0,1.0,860
100,0,1.0,948
100,0,0.8,985
100,0,1.0,790
200,1,1.0,505
200,1,1.0,624
200,1,1.0,415
200,1,1.0,958
200,1,1.0,496
200,1,1.0,396
200,5,0.29081632653061223,784
200,1,1.0,424
200,1,1.0,958
200,1,1.0,746
200,5,0.7340823970037453,534
200,1,1.0,353
200,5,0.8823529411764706,867
200,5,0.9739507959479016,691
200,5,1.0,283
200,5,0.8636363636363636,726
200,5,0.9309791332263242,623
200,5,0.9555785123966942,968
200,5,0.9555785123966942,968
200,4,0.7554395126196692,1149
200,4,0.4773662551440329,972
200,5,0.3102541630148992,2282
200,4,0.2647058823529412,272
200,4,0.08986175115207373,434
200,0,0.9796437659033079,393
200,4,0.12287104622871046,822
200,4,0.12287104622871046,822
200,4,1.0,349
200,4,0.2626582278481013,632
200,4,0.9550561797752809,356
200,0,1.0,496
200,0,1.0,546
200,4,1.0,349
200,0,1.0,441
200,0,0.911504424778761,452
200,0,1.0,496
200,0,1.0,474
200,0,1.0,445
200,0,1.0,570
200,0,1.0,396
400,1,1.0,266
400,1,1.0,250
400,1,1.0,281
400,1,1.0,272
400,1,1.0,203
400,1,1.0,282
400,5,0.8043478260869565,230
400,1,1.0,500
400,1,1.0,115
400,1,1.0,299
400,5,0.6153846153846154,481
400,1,1.0,282
400,5,1.0,280
400,5,0.8905660377358491,265
400,5,1.0,358
400,5,1.0,338
400,5,0.990521327014218,211
400,5,1.0,342
400,5,1.0,342
400,4,0.14953271028037382,428
400,4,0.9621212121212122,396
400,5,1.0,144
400,4,0.25555555555555554,270
400,4,0.7673076923076924,520
400,0,1.0,285
400,4,0.1907514450867052,173
400,4,0.1907514450867052,173
400,4,1.0,336
400,4,1.0,159
400,4,0.9780821917808219,365
400,0,1.0,265
400,0,1.0,222
400,4,1.0,336
400,0,1.0,250
400,0,0.9959016393442623,244
400,0,1.0,187
400,0,1.0,239
400,0,1.0,230
400,0,1.0,269
400,0,1.0,250
800,1,1.0,127
800,1,1.0,144
800,1,1.0,93
800,1,1.0,130
800,1,1.0,133
800,1,1.0,160
800,5,1.0,131
800,1,1.0,160
800,1,1.0,160
800,1,1.0,150
800,5,0.3943089430894309,246
800,1,1.0,80
800,5,1.0,223
800,5,0.7156862745098039,102
800,5,1.0,213
800,5,1.0,150
800,5,0.9769230769230769,130
800,5,1.0,124
800,5,1.0,150
800,4,0.9487179487179487,156
800,4,0.8811881188118812,101
800,5,1.0,123
800,4,0.6172839506172839,81
800,4,0.5290322580645161,155
800,0,1.0,83
800,4,0.2524271844660194,103
800,4,0.2524271844660194,103
800,4,1.0,166
800,4,1.0,90
800,4,1.0,132
800,0,1.0,145
800,0,1.0,148
800,4,1.0,166
800,0,1.0,145
800,0,0.9781021897810219,137
800,0,1.0,129
800,0,1.0,142
800,0,1.0,98
800,0,1.0,163
800,0,1.0,128
50,5,0.12124299541518084,1963
50,5,0.12124299541518084,1963
50,5,0.12124299541518084,1963
50,5,0.12124299541518084,1963
50,5,0.12124299541518084,1963
50,5,0.12124299541518084,1963
50,2,0.43199184921039224,1963
50,5,0.12124299541518084,1963
50,5,0.12124299541518084,1963
50,2,0.43199184921039224,1963
50,2,0.8778077268643306,1113
50,5,0.12124299541518084,1963
50,5,0.12124299541518084,1963
50,2,0.9135752140236445,2453
50,2,0.43199184921039224,1963
50,2,0.9135752140236445,2453
50,2,0.8778077268643306,1113
50,2,0.9135752140236445,2453
50,2,0.9135752140236445,2453
50,2,0.9135752140236445,2453
50,0,1.0,1888
50,0,1.0,1512
50,0,1.0,1927
50,0,1.0,1927
50,0,1.0,2610
50,0,1.0,1288
50,0,1.0,1288
50,0,1.0,3861
50,0,1.0,1986
50,0,1.0,2801
100,5,0.13981430912069906,1831
100,5,0.13981430912069906,1831
100,5,0.0075528700906344415,662
100,5,0.13981430912069906,1831
100,5,0.13981430912069906,1831
100,5,0.13981430912069906,1831
100,2,0.9824086603518268,739
100,5,0.13981430912069906,1831
100,5,0.13981430912069906,1831
100,2,0.9824086603518268,739
100,2,1.0,655
100,5,0.13981430912069906,1831
100,5,0.13981430912069906,1831
100,2,0.9116080937167199,939
100,2,0.9824086603518268,739
100,2,0.761311475409836,1525
100,2,0.9169960474308301,759
100,2,0.9116080937167199,939
100,2,0.761311475409836,1525
100,2,0.761311475409836,1525
100,0,1.0,660
100,0,1.0,634
100,0,1.0,1060
100,0,1.0,1060
100,0,1.0,1643
100,0,1.0,673
100,0,1.0,673
100,0,1.0,1711
100,0,1.0,750
100,0,1.0,976
200,5,0.6115702479338843,363
200,5,0.6115702479338843,363
200,5,0.019390581717451522,361
200,5,0.6115702479338843,363
200,5,0.6115702479338843,363
200,5,0.6115702479338843,363
200,2,0.986046511627907,430
200,5,0.6115702479338843,363
200,5,0.6115702479338843,363
200,2,0.9502762430939227,362
200,2,1.0,238
200,5,0.0903010033444816,299
200,5,0.6115702479338843,363
200,2,0.9942528735632183,522
200,2,0.986046511627907,430
200,2,0.9780405405405406,592
200,2,0.9481037924151696,501
200,2,0.84,475
200,2,0.9780405405405406,592
200,2,0.84,475
200,0,1.0,462
200,0,1.0,440
200,0,1.0,558
200,0,1.0,892
200,0,1.0,521
200,0,1.0,355
200,0,1.0,370
200,0,1.0,356
200,0,1.0,371
200,0,1.0,272
400,5,0.11068702290076336,262
400,5,1.0,207
400,5,0.03361344537815126,238
400,5,1.0,207
400,5,1.0,207
400,5,1.0,207
400,2,0.9793388429752066,242
400,5,1.0,207
400,5,1.0,207
400,2,0.9682539682539683,252
400,2,1.0,215
400,5,0.047619047619047616,231
400,5,1.0,207
400,2,1.0,256
400,2,0.9793388429752066,242
400,2,1.0,240
400,2,0.9125,160
400,2,1.0,208
400,2,0.984,250
400,2,0.8807339449541285,218
400,0,1.0,250
400,0,1.0,214
400,0,1.0,292
400,0,1.0,183
400,0,1.0,247
400,0,1.0,250
400,0,1.0,251
400,0,1.0,134
400,0,1.0,258
400,0,1.0,199
800,5,1.0,74
800,5,0.783068783068783,189
800,5,0.783068783068783,189
800,5,1.0,74
800,5,1.0,74
800,5,0.783068783068783,189
800,2,0.9932432432432432,148
800,5,0.783068783068783,189
800,5,0.783068783068783,189
800,2,0.9826589595375722,173
800,2,1.0,134
800,5,0.09649122807017543,114
800,5,0.783068783068783,189
800,2,1.0,195
800,2,0.9932432432432432,148
800,2,1.0,136
800,2,0.8481012658227848,79
800,2,1.0,134
800,2,1.0,124
800,2,0.5862068965517241,174
800,0,1.0,96
800,0,1.0,118
800,0,1.0,122
800,0,1.0,167
800,0,1.0,127
800,0,1.0,112
800,0,1.0,94
800,0,1.0,168
800,0,1.0,141
800,0,1.0,106
50,5,1.0,2578
50,5,1.0,2578
50,5,1.0,4986
50,5,1.0,2477
50,5,1.0,2332
50,5,1.0,3143
50,5,1.0,2381
50,5,1.0,16209
50,5,1.0,1592
50,5,1.0,3438
100,5,1.0,527
100,5,1.0,527
100,5,1.0,5546
100,5,1.0,931
100,5,1.0,1266
100,5,1.0,1743
100,5,1.0,1273
100,5,1.0,1337
100,5,1.0,948
100,5,1.0,1513
200,5,1.0,751
200,5,1.0,463
200,5,1.0,850
200,5,1.0,785
200,5,1.0,490
200,5,1.0,380
200,5,1.0,2260
200,5,1.0,1023
200,5,1.0,542
200,5,1.0,881
400,5,1.0,250
400,5,1.0,302
400,5,1.0,392
400,5,1.0,212
400,5,1.0,243
400,5,1.0,298
400,5,1.0,446
400,5,1.0,657
400,5,1.0,295
400,5,1.0,374
800,5,1.0,80
800,5,1.0,77
800,5,1.0,95
800,5,1.0,114
800,5,1.0,161
800,5,1.0,92
800,5,1.0,159
800,5,1.0,160
800,5,1.0,154
800,5,1.0,100
50,1,1.0,3112
50,1,1.0,2310
50,1,1.0,2244
50,0,0.9390986601705238,1642
50,0,0.9390986601705238,1642
50,1,1.0,2708
50,0,0.9390986601705238,1642
50,1,1.0,2293
50,0,0.7052194543297746,1686
50,5,0.1922816519972918,1477
50,5,0.20133853876185165,1793
50,1,0.9090277777777778,1440
50,5,0.1922816519972918,1477
50,5,0.20133853876185165,1793
50,5,0.1922816519972918,1477
50,5,0.009969325153374233,1304
50,0,0.7052194543297746,1686
50,0,0.7052194543297746,1686
50,1,0.6380368098159509,1793
50,0,0.07640825432236475,1793
50,1,0.9090277777777778,1440
50,2,1.0,2487
50,2,1.0,2231
50,2,1.0,2293
50,2,1.0,2288
50,2,1.0,2222
50,2,1.0,2169
50,2,1.0,1731
50,2,1.0,2288
50,2,1.0,1731
50,2,0.8217107523187908,2911
50,3,0.25745156482861403,2684
50,3,0.23738481790258886,2279
50,3,0.127603180613404,2641
50,3,0.23738481790258886,2279
50,5,0.27311974551238355,4401
50,5,0.27311974551238355,4401
50,5,0.27311974551238355,4401
50,1,0.3696763202725724,1761
50,1,0.3696763202725724,1761
50,0,0.14825581395348839,1032
50,0,0.14825581395348839,1032
50,5,0.27311974551238355,4401
50,3,0.994675701839303,4132
50,3,0.7184730743012951,4401
50,0,0.7740863787375415,1505
50,3,0.7184730743012951,4401
50,3,0.994675701839303,4132
50,3,0.994675701839303,4132
50,3,0.7184730743012951,4401
100,1,1.0,1162
100,1,1.0,1446
100,1,1.0,614
100,0,0.9592850049652433,1007
100,0,0.9592850049652433,1007
100,1,1.0,998
100,0,0.9592850049652433,1007
100,1,1.0,1106
100,0,0.8371929824561404,1425
100,5,0.39152759948652116,1558
100,5,0.39152759948652116,1558
100,1,1.0,1126
100,5,0.39152759948652116,1558
100,5,0.39152759948652116,1558
100,5,0.39152759948652116,1558
100,5,0.39152759948652116,1558
100,0,0.615609756097561,1025
100,0,0.615609756097561,1025
100,1,0.8612244897959184,980
100,0,0.615609756097561,1025
100,1,0.8609179415855355,719
100,2,1.0,1070
100,2,1.0,1001
100,2,1.0,1264
100,2,1.0,866
100,2,1.0,1258
100,2,1.0,865
100,2,1.0,937
100,2,0.9886148007590133,1054
100,2,1.0,1019
100,2,1.0,1051
100,3,0.525679758308157,993
100,3,0.22818181818181818,1100
100,3,0.9212435233160622,965
100,3,0.9212435233160622,965
100,5,0.9323671497584541,621
100,5,0.9323671497584541,621
100,5,0.9323671497584541,621
100,1,0.5814376706096451,1099
100,1,0.5814376706096451,1099
100,0,0.1419893697798026,1317
100,0,0.1419893697798026,1317
100,5,0.23436041083099907,1071
100,3,1.0,1186
100,3,1.0,1232
100,0,0.7519946808510638,1504
100,3,1.0,575
100,3,1.0,1186
100,3,1.0,1351
100,3,1.0,575
200,1,1.0,490
200,1,1.0,641
200,1,1.0,504
200,0,0.9274047186932849,551
200,0,0.9872881355932204,472
200,1,1.0,456
200,0,0.9872881355932204,472
200,1,1.0,417
200,0,0.7788461538461539,520
200,5,0.8461538461538461,286
200,5,0.8461538461538461,416
200,1,1.0,514
200,5,0.8461538461538461,286
200,5,0.8461538461538461,416
200,5,0.8461538461538461,286
200,5,0.8461538461538461,416
200,0,0.7788461538461539,520
200,0,0.5043782837127846,571
200,1,0.7392776523702032,886
200,0,0.5043782837127846,571
200,1,0.7392776523702032,886
200,2,1.0,522
200,2,1.0,431
200,2,1.0,599
200,2,1.0,318
200,2,1.0,501
200,2,1.0,557
200,2,1.0,457
200,2,1.0,462
200,2,1.0,569
200,2,1.0,554
200,3,0.38413685847589424,643
200,3,0.9410714285714286,560
200,3,0.6150234741784038,426
200,3,1.0,490
200,5,0.9644128113879004,281
200,5,0.9644128113879004,281
200,5,0.9644128113879004,281
200,1,0.7708006279434851,637
200,1,0.7708006279434851,637
200,0,0.08577405857740586,478
200,0,0.2101010101010101,495
200,5,0.42857142857142855,455
200,3,1.0,528
200,3,1.0,325
200,0,0.9880478087649402,753
200,3,1.0,582
200,3,1.0,528
200,3,1.0,558
200,3,1.0,582
400,1,1.0,237
400,1,1.0,249
400,1,1.0,223
400,0,0.9964912280701754,285
400,0,0.9668874172185431,302
400,1,1.0,240
400,0,0.9668874172185431,302
400,1,1.0,222
400,0,1.0,261
400,5,1.0,192
400,5,0.8793969849246231,199
400,1,1.0,204
400,5,1.0,192
400,5,0.8793969849246231,199
400,5,1.0,192
400,5,0.040372670807453416,322
400,0,0.8309859154929577,213
400,0,0.3665893271461717,431
400,1,0.7664670658682635,334
400,0,0.7417840375586855,213
400,1,1.0,177
400,2,1.0,246
400,2,1.0,224
400,2,1.0,271
400,2,1.0,185
400,2,1.0,230
400,2,1.0,272
400,2,1.0,241
400,2,1.0,172
400,2,1.0,218
400,2,1.0,286
400,3,0.7589285714285714,224
400,3,0.8913043478260869,276
400,3,0.9212121212121213,165
400,3,1.0,217
400,5,0.9019607843137255,204
400,5,0.9019607843137255,204
400,5,0.946524064171123,187
400,1,0.8029850746268656,335
400,1,0.8029850746268656,335
400,0,0.0880281690140845,284
400,0,0.17560975609756097,205
400,5,0.5611510791366906,278
400,3,1.0,227
400,3,1.0,209
400,0,0.8689655172413793,290
400,3,1.0,181
400,3,1.0,210
400,3,1.0,365
400,3,1.0,305
800,1,1.0,126
800,1,1.0,149
800,1,1.0,108
800,0,0.9918032786885246,122
800,0,0.8347107438016529,121
800,1,1.0,123
800,0,1.0,165
800,1,1.0,111
800,0,1.0,165
800,5,1.0,182
800,5,0.9272727272727272,165
800,1,1.0,151
800,5,1.0,182
800,5,0.9272727272727272,165
800,5,1.0,182
800,5,0.15584415584415584,77
800,0,0.9032258064516129,186
800,0,0.8952380952380953,105
800,1,0.9846153846153847,65
800,0,1.0,89
800,1,1.0,137
800,2,1.0,116
800,2,1.0,129
800,2,1.0,160
800,2,1.0,129
800,2,1.0,140
800,2,1.0,119
800,2,1.0,145
800,2,1.0,113
800,2,1.0,147
800,2,1.0,118
800,3,0.9490445859872612,157
800,3,1.0,118
800,3,0.9629629629629629,135
800,3,1.0,124
800,5,0.9607843137254902,102
800,5,0.9607843137254902,102
800,5,0.9347826086956522,138
800,1,0.7075471698113207,212
800,1,0.7075471698113207,212
800,0,0.9743589743589743,78
800,0,0.9702970297029703,101
800,5,0.6325301204819277,166
800,3,1.0,170
800,3,1.0,105
800,0,0.9142857142857143,140
800,3,1.0,126
800,3,1.0,170
800,3,1.0,178
800,3,1.0,126
50,0,1.0,2383
50,0,0.9994623655913979,1860
50,4,0.9990636704119851,1068
50,0,0.9752365052865888,3594
50,0,0.708025603151157,2031
50,4,0.9990636704119851,1068
50,4,0.6520879120879121,4550
50,4,0.08791666666666667,2400
50,0,0.708025603151157,2031
50,4,0.6520879120879121,4550
50,0,0.9972390944229708,1811
50,4,0.6520879120879121,4550
50,4,0.6331138287864534,2126
50,4,0.6520879120879121,4550
50,4,0.6520879120879121,4550
50,0,1.0,2290
50,0,1.0,2290
50,4,0.6331138287864534,2126
50,0,0.965396714435512,2861
50,1,1.0,1407
50,0,0.5709372312983663,2326
50,3,0.717685235262304,1849
50,3,0.717685235262304,1849
50,3,0.5066162570888468,1587
50,1,1.0,3228
50,3,0.5066162570888468,1587
50,1,1.0,3442
50,1,1.0,3053
50,3,0.717685235262304,1849
50,3,0.717685235262304,1849
50,1,1.0,3442
50,3,0.717685235262304,1849
50,3,0.717685235262304,1849
50,3,0.0976460331299041,2294
50,1,1.0,4201
50,1,1.0,1676
50,1,1.0,1012
50,1,1.0,1729
50,1,1.0,4201
50,3,0.0976460331299041,2294
100,0,1.0,907
100,0,1.0,1141
100,4,1.0,1064
100,0,1.0,1019
100,0,1.0,1123
100,4,1.0,1064
100,4,0.49062667380824854,1867
100,4,0.7515673981191222,1276
100,0,0.5093733261917515,1867
100,4,0.48088113050706566,2406
100,0,1.0,1164
100,4,0.48088113050706566,2406
100,4,0.22237380627557982,1466
100,4,0.7515673981191222,1276
100,4,0.48088113050706566,2406
100,0,1.0,1164
100,0,1.0,898
100,4,0.7763419483101391,1006
100,0,0.960514233241506,1089
100,1,0.910086004691165,1279
100,0,0.9558823529411765,1088
100,3,1.0,521
100,3,1.0,521
100,3,0.19019019019019018,999
100,1,1.0,1513
100,3,0.19019019019019018,999
100,1,1.0,484
100,1,1.0,1357
100,3,1.0,521
100,3,0.9858356940509915,706
100,1,1.0,1166
100,3,0.9858356940509915,706
100,3,0.13648648648648648,740
100,3,0.13648648648648648,740
100,1,1.0,1198
100,1,1.0,813
100,1,1.0,760
100,1,0.9948387096774194,775
100,1,1.0,999
100,3,0.1665024630541872,1015
200,0,1.0,408
200,0,1.0,519
200,4,0.981691368788143,1147
200,0,1.0,413
200,0,1.0,531
200,4,0.981691368788143,1147
200,4,0.9024943310657596,441
200,4,0.41870261162594774,1187
200,0,0.9797047970479705,542
200,4,0.9701348747591522,1038
200,0,1.0,374
200,4,0.9701348747591522,1038
200,4,0.5363924050632911,632
200,4,0.19908466819221968,437
200,4,0.9701348747591522,1038
200,0,1.0,631
200,0,1.0,496
200,4,1.0,367
200,0,0.9481481481481482,540
200,1,0.8550420168067226,476
200,0,0.4625,480
200,3,1.0,300
200,3,1.0,300
200,3,0.008565310492505354,467
200,1,1.0,579
200,3,0.6533613445378151,476
200,1,1.0,575
200,1,1.0,468
200,3,1.0,443
200,3,1.0,443
200,1,1.0,575
200,3,0.8687872763419483,503
200,3,0.8687872763419483,503
200,3,0.8687872763419483,503
200,1,1.0,621
200,1,1.0,570
200,1,1.0,366
200,1,1.0,498
200,1,1.0,852
200,3,0.22428571428571428,700
400,0,1.0,224
400,0,1.0,215
400,4,1.0,497
400,0,1.0,240
400,0,1.0,323
400,4,0.9631578947368421,570
400,4,0.8826666666666667,375
400,4,1.0,281
400,0,0.9870801033591732,387
400,4,1.0,569
400,0,1.0,295
400,4,1.0,569
400,4,1.0,173
400,4,0.2631578947368421,285
400,4,0.37479806138933763,619
400,0,1.0,262
400,0,1.0,387
400,4,1.0,309
400,0,1.0,262
400,1,1.0,229
400,0,0.8289473684210527,228
400,3,1.0,150
400,3,1.0,150
400,3,0.12385321100917432,218
400,1,1.0,273
400,3,0.2079646017699115,226
400,1,1.0,186
400,1,1.0,251
400,3,1.0,178
400,3,1.0,178
400,1,1.0,131
400,3,1.0,303
400,3,0.5865921787709497,179
400,3,0.5865921787709497,179
400,1,1.0,188
400,1,1.0,257
400,1,1.0,238
400,1,1.0,198
400,1,1.0,328
400,3,0.2838427947598253,229
800,0,1.0,117
800,0,1.0,153
800,4,1.0,356
800,0,1.0,129
800,0,1.0,107
800,4,1.0,183
800,4,0.9575757575757575,165
800,4,1.0,337
800,0,0.9794520547945206,146
800,4,1.0,158
800,0,1.0,81
800,4,1.0,158
800,4,1.0,142
800,4,0.967032967032967,273
800,4,1.0,109
800,0,1.0,136
800,0,1.0,133
800,4,1.0,185
800,0,1.0,134
800,1,1.0,127
800,0,0.8333333333333334,138
800,3,1.0,110
800,3,1.0,110
800,3,0.5130434782608696,115
800,1,1.0,158
800,3,0.5130434782608696,115
800,1,1.0,125
800,1,1.0,144
800,3,1.0,118
800,3,1.0,134
800,1,1.0,117
800,3,0.9784172661870504,139
800,3,0.6506849315068494,146
800,3,0.6506849315068494,146
800,1,1.0,98
800,1,1.0,127
800,1,1.0,105
800,1,1.0,136
800,1,1.0,165
800,3,0.41954022988505746,174
50,1,1.0,2312
50,1,1.0,1653
50,2,0.5002284148012791,2189
50,1,1.0,2295
50,1,0.9965561773568661,2323
50,2,0.5002284148012791,2189
50,2,0.9987546699875467,2409
50,1,0.9375796178343949,2355
50,1,0.9473684210526315,1691
50,0,0.05263157894736842,1691
50,5,0.21364541832669323,2008
50,2,0.7060833902939166,2926
50,0,0.7280876494023905,2008
50,1,0.9709090909090909,2750
50,3,0.2522214627477785,2926
50,3,0.2522214627477785,2926
50,2,0.7060833902939166,2926
50,0,0.919526627218935,1690
50,1,0.9709090909090909,2750
50,2,0.7450257921886514,4071
50,5,0.21364541832669323,2008
50,0,0.9746935547647292,2529
50,1,0.9264137688795223,5694
50,3,0.8894373149062191,1013
50,0,0.9746935547647292,2529
50,2,0.28094302554027506,1018
50,3,0.8894373149062191,1013
50,0,0.9746935547647292,2529
50,3,0.8894373149062191,1013
50,5,0.0735862311204777,5694
50,5,0.0735862311204777,5694
50,3,0.6807465618860511,1018
50,5,0.0735862311204777,5694
50,5,0.0735862311204777,5694
50,5,0.0735862311204777,5694
50,5,0.0735862311204777,5694
50,3,0.012552301255230125,2151
50,5,0.0735862311204777,5694
50,5,0.0735862311204777,5694
50,2,0.9996709443896018,3039
50,3,0.6807465618860511,1018
50,2,0.28094302554027506,1018
50,1,1.0,2567
50,0,0.901275651691625,1803
50,0,0.9874476987447699,2151
50,3,0.6807465618860511,1018
50,3,0.6807465618860511,1018
50,0,0.901275651691625,1803
50,0,0.9874476987447699,2151
50,2,0.9996709443896018,3039
100,1,1.0,961
100,1,1.0,949
100,2,0.036055143160127257,943
100,1,1.0,1205
100,1,0.9945295404814004,914
100,2,1.0,772
100,2,1.0,772
100,1,1.0,904
100,1,1.0,939
100,0,0.04495912806539509,734
100,5,0.13628158844765342,1108
100,2,0.9611650485436893,1133
100,0,0.8023465703971119,1108
100,1,1.0,1493
100,3,0.9443585780525502,647
100,3,0.9443585780525502,647
100,2,0.9611650485436893,1133
100,0,0.9428891377379619,893
100,1,1.0,1493
100,2,0.9611650485436893,1133
100,5,0.37767220902612825,842
100,0,0.9428571428571428,840
100,1,1.0,1092
100,3,0.9023090586145648,563
100,0,1.0,858
100,2,0.3295269168026101,613
100,3,0.9023090586145648,563
100,0,1.0,1015
100,3,0.9023090586145648,563
100,5,0.6994991652754591,599
100,5,0.6994991652754591,599
100,3,0.004595060310166571,1741
100,5,0.6994991652754591,599
100,5,0.6994991652754591,599
100,5,0.6994991652754591,599
100,5,0.6994991652754591,599
100,3,0.027604630454140695,1123
100,5,0.6994991652754591,599
100,5,0.6994991652754591,599
100,2,0.9954049396898335,1741
100,3,0.735632183908046,609
100,2,0.2233169129720854,609
100,1,1.0,820
100,0,0.931119311193112,813
100,0,1.0,1141
100,3,0.735632183908046,609
100,3,0.735632183908046,609
100,0,0.931119311193112,813
100,0,1.0,1141
100,2,1.0,1042
200,1,1.0,492
200,1,1.0,526
200,2,0.2727272727272727,451
200,1,1.0,318
200,1,0.974025974025974,462
200,2,0.9722222222222222,360
200,2,1.0,419
200,1,1.0,524
200,1,1.0,417
200,0,0.022222222222222223,585
200,5,0.14469453376205788,311
200,2,0.9876543209876543,486
200,0,1.0,460
200,1,1.0,616
200,3,0.8329896907216495,485
200,3,0.8329896907216495,485
200,2,1.0,474
200,0,0.9594356261022927,567
200,1,1.0,506
200,2,1.0,474
200,5,0.38865248226950355,705
200,0,0.921146953405018,558
200,1,1.0,971
200,3,0.9356321839080459,435
200,0,1.0,406
200,2,0.35509138381201044,383
200,3,0.6266318537859008,383
200,0,1.0,530
200,3,0.9328537170263789,417
200,5,0.6546875,640
200,5,0.6546875,640
200,3,0.014586709886547812,617
200,5,0.6546875,640
200,5,0.6546875,640
200,5,0.6546875,640
200,5,0.6546875,640
200,3,0.054003724394785846,537
200,5,0.6546875,640
200,5,0.6546875,640
200,2,0.9854132901134521,617
200,3,0.7006802721088435,441
200,2,0.24489795918367346,441
200,1,1.0,551
200,0,0.13114754098360656,1098
200,0,1.0,542
200,3,0.7006802721088435,441
200,3,0.7006802721088435,441
200,0,1.0,547
200,0,1.0,574
200,2,1.0,621
400,1,1.0,241
400,1,1.0,300
400,2,0.027932960893854747,179
400,1,1.0,234
400,1,1.0,237
400,2,1.0,223
400,2,1.0,223
400,1,1.0,272
400,1,1.0,232
400,0,0.0796812749003984,251
400,5,0.4840764331210191,314
400,2,0.9964788732394366,284
400,0,0.9922779922779923,259
400,1,1.0,279
400,3,0.9233128834355828,326
400,3,0.9233128834355828,326
400,2,1.0,304
400,0,0.7216981132075472,212
400,1,1.0,253
400,2,1.0,272
400,5,0.13127413127413126,259
400,0,0.957983193277311,238
400,1,1.0,502
400,3,0.8768656716417911,268
400,0,1.0,218
400,2,0.9842271293375394,317
400,3,0.8535564853556485,239
400,0,1.0,265
400,3,0.8535564853556485,239
400,5,0.7158469945355191,366
400,5,0.7158469945355191,366
400,3,0.06349206349206349,189
400,5,0.7158469945355191,366
400,5,0.7158469945355191,366
400,5,0.5250836120401338,299
400,5,0.7158469945355191,366
400,3,0.0875,240
400,5,0.5250836120401338,299
400,5,0.5250836120401338,299
400,2,1.0,214
400,3,0.7130434782608696,230
400,2,1.0,214
400,1,1.0,294
400,0,0.8568281938325991,454
400,0,1.0,261
400,3,0.8112449799196787,249
400,3,0.8112449799196787,249
400,0,1.0,226
400,0,1.0,227
400,2,1.0,300
800,1,1.0,131
800,1,1.0,127
800,2,1.0,95
800,1,1.0,166
800,1,1.0,137
800,2,1.0,106
800,2,1.0,106
800,1,1.0,116
800,1,1.0,119
800,0,0.1565217391304348,115
800,5,0.19672131147540983,183
800,2,0.8944444444444445,180
800,0,1.0,166
800,1,1.0,134
800,3,0.9459459459459459,148
800,3,0.9459459459459459,148
800,2,0.9736842105263158,152
800,0,1.0,120
800,1,1.0,112
800,2,1.0,150
800,5,0.7422680412371134,97
800,0,0.9202898550724637,138
800,1,1.0,162
800,3,1.0,141
800,0,1.0,139
800,2,0.8,90
800,3,0.8778625954198473,131
800,0,1.0,125
800,3,1.0,131
800,5,0.5300546448087432,183
800,5,0.8406374501992032,251
800,3,0.49382716049382713,81
800,5,0.8406374501992032,251
800,5,0.8406374501992032,251
800,5,0.5300546448087432,183
800,5,0.7070063694267515,157
800,3,0.2647058823529412,102
800,5,0.7070063694267515,157
800,5,0.7070063694267515,157
800,2,1.0,141
800,3,0.5433070866141733,127
800,2,1.0,159
800,1,1.0,184
800,0,0.5619047619047619,105
800,0,1.0,132
800,3,0.6616541353383458,133
800,3,0.9060402684563759,149
800,0,1.0,124
800,0,1.0,134
800,2,1.0,122
50,3,1.0,2144
50,3,1.0,3350
50,3,1.0,1337
50,3,1.0,1702
50,3,1.0,3350
50,3,1.0,1671
50,3,1.0,2273
50,1,0.8019125683060109,1464
50,1,0.8019125683060109,1464
50,0,0.02653846153846154,2600
50,1,0.8019125683060109,1464
50,1,0.8019125683060109,1464
50,3,0.9027545909849749,2396
50,1,0.8019125683060109,1464
50,1,0.8019125683060109,1464
50,0,0.11052166224580018,2262
50,3,0.8894783377541998,2262
50,1,0.8019125683060109,1464
50,3,0.45941070354780517,3326
50,1,0.8019125683060109,1464
50,2,0.9791154791154791,1628
50,1,0.8019125683060109,1464
50,2,0.968013468013468,1782
50,2,0.5405892964521948,3326
50,1,0.21387790953008345,2277
50,0,0.7369345630215195,2277
50,0,0.9091886082751209,1861
50,0,1.0,1325
50,0,1.0,1325
50,2,1.0,1949
50,2,0.923932384341637,2248
50,2,1.0,1962
50,0,1.0,1325
50,0,1.0,1325
50,2,1.0,1933
50,5,0.2005813953488372,2752
50,5,0.2005813953488372,2752
50,5,0.2005813953488372,2752
50,5,0.07576571735626007,1861
50,2,1.0,1962
50,5,0.2005813953488372,2752
50,5,0.2005813953488372,2752
50,5,0.2005813953488372,2752
50,5,0.2005813953488372,2752
50,5,0.2005813953488372,2752
50,0,0.9091886082751209,1861
50,2,1.0,1974
50,5,0.2005813953488372,2752
50,2,0.7794331395348837,2752
50,0,1.0,1325
100,3,1.0,907
100,3,1.0,1082
100,3,1.0,1094
100,3,1.0,752
100,3,1.0,1000
100,3,1.0,1113
100,3,1.0,891
100,1,0.812957157784744,1914
100,1,0.812957157784744,1914
100,0,0.08455882352941177,2176
100,1,0.812957157784744,1914
100,1,0.812957157784744,1914
100,3,0.8945273631840795,1005
100,1,0.812957157784744,1914
100,1,0.812957157784744,1914
100,0,0.3361038961038961,1925
100,3,0.2727272727272727,1925
100,1,0.812957157784744,1914
100,3,0.5325779036827195,1059
100,1,0.812957157784744,1914
100,2,0.8840037418147801,1069
100,1,0.812957157784744,1914
100,2,0.9648197009674582,1137
100,2,0.9931506849315068,1022
100,1,0.035783994795055306,1537
100,0,1.0,1016
100,0,0.9642160052049447,1537
100,0,1.0,1016
100,0,0.9642160052049447,1537
100,2,1.0,949
100,2,0.6327387198321092,953
100,2,1.0,922
100,0,0.8343881856540084,948
100,0,0.8343881856540084,948
100,2,1.0,954
100,5,0.2212987012987013,1925
100,5,0.2212987012987013,1925
100,5,0.2212987012987013,1925
100,5,0.15084388185654007,948
100,2,1.0,1117
100,5,0.2212987012987013,1925
100,5,0.2212987012987013,1925
100,5,0.2212987012987013,1925
100,5,0.16071428571428573,560
100,5,0.16071428571428573,560
100,0,0.9934711643090316,919
100,2,1.0,995
100,5,0.004962779156327543,806
100,2,0.8125,560
100,0,0.9934711643090316,919
200,3,1.0,450
200,3,1.0,538
200,3,1.0,667
200,3,1.0,384
200,3,1.0,806
200,3,1.0,565
200,3,1.0,631
200,1,0.8149972632731254,1827
200,1,0.8149972632731254,1827
200,0,0.4375,288
200,1,0.8149972632731254,1827
200,1,0.8149972632731254,1827
200,3,0.8385093167701864,483
200,1,0.8149972632731254,1827
200,1,0.8149972632731254,1827
200,0,0.12178619756427606,739
200,3,0.878213802435724,739
200,1,0.8149972632731254,1827
200,3,0.6616915422885572,402
200,1,0.8149972632731254,1827
200,2,0.8653846153846154,572
200,1,0.8149972632731254,1827
200,2,0.6359649122807017,456
200,2,1.0,503
200,1,0.8149972632731254,1827
200,0,0.49966055668703324,1473
200,0,1.0,642
200,0,0.49966055668703324,1473
200,0,1.0,642
200,2,1.0,578
200,2,1.0,482
200,2,1.0,568
200,0,1.0,533
200,0,1.0,533
200,2,1.0,685
200,5,0.38289205702647655,1473
200,5,0.38289205702647655,1473
200,5,0.38289205702647655,1473
200,5,0.38289205702647655,1473
200,2,1.0,458
200,5,0.38289205702647655,1473
200,5,0.38289205702647655,1473
200,5,0.38289205702647655,1473
200,5,0.15724815724815724,407
200,5,0.15724815724815724,407
200,0,0.9861111111111112,648
200,2,1.0,550
200,5,0.014373716632443531,487
200,2,0.8034398034398035,407
200,0,0.9861111111111112,648
400,3,1.0,313
400,3,1.0,246
400,3,1.0,223
400,3,1.0,179
400,3,1.0,240
400,3,1.0,256
400,3,1.0,267
400,1,0.8707482993197279,294
400,1,0.31876138433515483,549
400,0,0.6756756756756757,185
400,1,0.8707482993197279,294
400,1,0.9562043795620438,274
400,3,0.4644808743169399,183
400,1,1.0,581
400,1,1.0,581
400,0,0.20540540540540542,185
400,3,0.7945945945945946,185
400,1,1.0,581
400,3,0.6960486322188449,329
400,1,1.0,581
400,2,0.9488636363636364,176
400,1,1.0,581
400,2,1.0,223
400,2,1.0,264
400,1,0.052884615384615384,208
400,0,0.8,515
400,0,1.0,330
400,0,1.0,292
400,0,1.0,227
400,2,1.0,249
400,2,1.0,265
400,2,1.0,151
400,0,1.0,295
400,0,1.0,295
400,2,1.0,138
400,5,0.47699757869249393,413
400,5,0.47699757869249393,413
400,5,0.5668073136427567,711
400,5,0.5668073136427567,711
400,2,1.0,244
400,5,0.5668073136427567,711
400,5,0.47699757869249393,413
400,5,0.5668073136427567,711
400,5,0.17796610169491525,354
400,5,0.17796610169491525,354
400,0,1.0,161
400,2,1.0,241
400,5,0.1507537688442211,199
400,2,0.7231638418079096,354
400,0,0.9971264367816092,348
800,3,1.0,177
800,3,1.0,134
800,3,1.0,122
800,3,1.0,122
800,3,1.0,171
800,3,1.0,143
800,3,1.0,120
800,1,0.6220472440944882,127
800,1,0.29411764705882354,102
800,0,0.2785714285714286,140
800,1,1.0,166
800,1,0.9615384615384616,260
800,3,0.62,100
800,1,0.9615384615384616,260
800,1,1.0,212
800,0,0.2903225806451613,155
800,3,0.7096774193548387,155
800,1,1.0,212
800,3,0.9568345323741008,139
800,1,1.0,212
800,2,0.968944099378882,161
800,1,1.0,122
800,2,0.6060606060606061,132
800,2,1.0,123
800,1,1.0,91
800,0,1.0,81
800,0,1.0,181
800,0,1.0,165
800,0,1.0,139
800,2,1.0,105
800,2,1.0,122
800,2,1.0,118
800,0,1.0,175
800,0,1.0,175
800,2,1.0,121
800,5,0.9814814814814815,108
800,5,0.9814814814814815,108
800,5,0.957983193277311,119
800,5,0.957983193277311,119
800,2,1.0,131
800,5,0.9814814814814815,162
800,5,1.0,114
800,5,0.9814814814814815,162
800,5,0.6571428571428571,140
800,5,0.6571428571428571,140
800,0,1.0,169
800,2,1.0,128
800,5,0.0625,160
800,2,0.7911392405063291,158
800,0,1.0,239
50,1,1.0,2710
50,2,0.6823327615780446,2915
50,0,0.8228800802809835,1993
50,2,0.9585706887622993,1931
50,1,1.0,1981
50,1,1.0,2194
50,2,0.6823327615780446,2915
50,1,1.0,1981
50,1,1.0,2194
50,5,0.06810035842293907,2511
50,5,0.06810035842293907,2511
50,2,0.8649249583101724,1799
50,2,0.8649249583101724,1799
50,2,0.8649249583101724,1799
50,5,0.2960606060606061,3300
50,1,1.0,1902
50,1,1.0,2288
50,5,0.2960606060606061,3300
50,5,0.2960606060606061,3300
50,1,0.998112317130722,2119
50,5,0.2960606060606061,3300
50,5,0.2960606060606061,3300
50,5,0.2960606060606061,3300
50,5,0.2960606060606061,3300
50,5,0.2960606060606061,3300
50,2,0.31125456076340163,3563
50,2,0.31125456076340163,3563
50,2,0.31125456076340163,3563
50,1,1.0,1997
50,1,0.9830242062244577,3181
50,0,0.3028450505525511,4253
50,0,0.3028450505525511,4253
50,0,1.0,2946
50,0,1.0,2388
50,0,1.0,2265
50,0,1.0,2265
50,0,1.0,2946
50,4,0.5729537366548043,1967
50,4,0.5729537366548043,1967
50,3,0.7402526084568918,1821
50,4,0.5729537366548043,1967
50,4,0.5729537366548043,1967
50,3,0.7402526084568918,1821
50,3,0.7402526084568918,1821
50,0,1.0,2671
50,3,0.7402526084568918,1821
50,0,1.0,2671
50,3,0.7402526084568918,1821
50,3,0.7402526084568918,1821
50,4,0.5729537366548043,1967
50,4,0.5729537366548043,1967
50,4,0.5729537366548043,1967
50,3,0.7402526084568918,1821
50,3,0.7402526084568918,1821
50,3,0.7402526084568918,1821
50,4,0.5729537366548043,1967
50,4,0.5729537366548043,1967
50,2,0.2586490939044481,1821
50,3,0.7402526084568918,1821
50,4,0.5729537366548043,1967
100,1,1.0,1056
100,2,0.9800947867298578,1055
100,0,0.46424870466321244,965
100,2,0.9501600365797896,2187
100,1,1.0,922
100,1,1.0,1032
100,2,0.9962871287128713,808
100,1,1.0,1096
100,1,0.9233644859813084,1070
100,5,0.13722397476340695,1268
100,5,0.13722397476340695,1268
100,2,0.9368029739776952,807
100,2,0.9368029739776952,807
100,2,0.8003731343283582,1072
100,5,0.01828681424446583,2078
100,1,1.0,998
100,1,1.0,1217
100,5,0.9278350515463918,582
100,5,0.9278350515463918,582
100,1,0.9942396313364056,868
100,5,0.31091772151898733,1264
100,5,0.9278350515463918,582
100,5,0.9278350515463918,582
100,5,0.9278350515463918,582
100,5,0.9278350515463918,582
100,2,0.927536231884058,759
100,2,0.12717948717948718,975
100,2,0.927536231884058,759
100,1,1.0,904
100,1,0.8952991452991453,1404
100,0,0.19915254237288135,708
100,0,0.6842105263157895,988
100,0,1.0,787
100,0,1.0,818
100,0,1.0,976
100,0,1.0,1219
100,0,1.0,1069
100,4,0.5592011412268189,701
100,4,0.5592011412268189,701
100,3,0.9343832020997376,1143
100,4,0.5592011412268189,701
100,4,0.5592011412268189,701
100,3,0.9343832020997376,1143
100,3,0.9343832020997376,1143
100,0,0.7645569620253164,1185
100,3,0.6402877697841727,695
100,0,0.7645569620253164,1185
100,3,0.9343832020997376,1143
100,3,0.9343832020997376,1143
100,4,1.0,727
100,4,1.0,727
100,4,1.0,727
100,3,0.6402877697841727,695
100,3,0.9343832020997376,1143
100,3,0.9343832020997376,1143
100,4,1.0,727
100,4,1.0,727
100,2,0.23544303797468355,1185
100,3,0.6402877697841727,695
100,4,1.0,727
200,1,1.0,625
200,2,0.9726962457337884,293
200,0,0.8372591006423983,467
200,2,0.9714285714285714,700
200,1,1.0,532
200,1,1.0,514
200,2,0.9911032028469751,562
200,1,1.0,397
200,1,1.0,515
200,5,0.25970149253731345,670
200,5,0.25970149253731345,670
200,2,0.9330024813895782,806
200,2,0.9330024813895782,806
200,2,0.9330024813895782,806
200,5,0.42908224076281287,839
200,1,1.0,458
200,1,1.0,542
200,5,0.9352014010507881,571
200,5,0.9352014010507881,571
200,1,1.0,381
200,5,0.42908224076281287,839
200,5,0.9352014010507881,571
200,5,0.9352014010507881,571
200,5,0.9352014010507881,571
200,5,0.9352014010507881,571
200,2,0.8725490196078431,408
200,2,0.39344262295081966,427
200,2,0.8725490196078431,408
200,1,1.0,532
200,1,1.0,541
200,0,0.21875,640
200,0,0.32657657657657657,444
200,0,1.0,269
200,0,1.0,562
200,0,1.0,521
200,0,1.0,474
200,0,1.0,559
200,4,0.8404907975460123,326
200,4,0.8404907975460123,326
200,3,1.0,651
200,4,0.8404907975460123,326
200,4,0.8404907975460123,326
200,3,1.0,490
200,3,1.0,651
200,0,0.9919678714859438,498
200,3,0.5241379310344828,435
200,0,1.0,439
200,3,1.0,490
200,3,1.0,651
200,4,1.0,462
200,4,1.0,462
200,4,1.0,229
200,3,0.5241379310344828,435
200,3,1.0,651
200,3,1.0,651
200,4,1.0,462
200,4,1.0,229
200,2,0.8951841359773371,353
200,3,0.5241379310344828,435
200,4,1.0,229
400,1,1.0,276
400,2,0.9961977186311787,263
400,0,0.8054474708171206,257
400,2,0.944153577661431,573
400,1,1.0,252
400,1,1.0,235
400,2,1.0,242
400,1,1.0,264
400,1,1.0,181
400,5,0.9826589595375722,173
400,5,0.9826589595375722,173
400,2,0.8576512455516014,281
400,2,0.8576512455516014,281
400,2,0.8576512455516014,281
400,5,0.8775510204081632,196
400,1,1.0,202
400,1,1.0,195
400,5,0.992619926199262,271
400,5,0.610062893081761,159
400,1,0.6565349544072948,329
400,5,0.8775510204081632,196
400,5,0.992619926199262,271
400,5,0.992619926199262,271
400,5,1.0,162
400,5,1.0,162
400,2,0.9592476489028213,319
400,2,0.3434650455927052,329
400,2,0.9972222222222222,360
400,1,1.0,239
400,1,1.0,271
400,0,0.5736842105263158,190
400,0,0.3146067415730337,178
400,0,1.0,225
400,0,1.0,293
400,0,1.0,179
400,0,1.0,224
400,0,1.0,231
400,4,0.8068965517241379,145
400,4,0.8068965517241379,145
400,3,1.0,205
400,4,0.7444444444444445,180
400,4,0.5304347826086957,230
400,3,1.0,272
400,3,1.0,234
400,0,1.0,229
400,3,0.5800865800865801,231
400,0,1.0,207
400,3,1.0,272
400,3,1.0,184
400,4,1.0,325
400,4,1.0,159
400,4,1.0,245
400,3,0.2028301886792453,212
400,3,1.0,184
400,3,1.0,184
400,4,1.0,159
400,4,1.0,245
400,2,1.0,152
400,3,0.2028301886792453,212
400,4,1.0,245
800,1,1.0,120
800,2,1.0,123
800,0,0.7639751552795031,161
800,2,0.9957805907172996,237
800,1,1.0,139
800,1,1.0,121
800,2,1.0,146
800,1,1.0,123
800,1,0.4942528735632184,261
800,5,0.9567901234567902,162
800,5,0.9567901234567902,162
800,2,0.8789808917197452,157
800,2,0.7763975155279503,161
800,2,0.7763975155279503,161
800,5,0.6438356164383562,292
800,1,1.0,125
800,1,1.0,126
800,5,0.6892655367231638,177
800,5,0.6892655367231638,177
800,1,1.0,150
800,5,0.6438356164383562,292
800,5,1.0,122
800,5,1.0,122
800,5,1.0,158
800,5,1.0,158
800,2,0.9722222222222222,72
800,2,0.9733333333333334,150
800,2,1.0,171
800,1,1.0,152
800,1,1.0,144
800,0,0.5170068027210885,147
800,0,0.49264705882352944,136
800,0,1.0,128
800,0,1.0,157
800,0,1.0,132
800,0,1.0,125
800,0,1.0,137
800,4,0.8543689320388349,103
800,4,1.0,92
800,3,1.0,150
800,4,1.0,92
800,4,0.8352272727272727,176
800,3,0.9333333333333333,135
800,3,0.9333333333333333,135
800,0,1.0,167
800,3,0.4957983193277311,119
800,0,1.0,136
800,3,1.0,181
800,3,1.0,156
800,4,1.0,237
800,4,1.0,149
800,4,1.0,237
800,3,0.5333333333333333,150
800,3,1.0,156
800,3,1.0,156
800,4,1.0,149
800,4,1.0,237
800,2,1.0,87
800,3,0.5333333333333333,150
800,4,1.0,237
50,3,0.982620320855615,1496
50,3,1.0,1850
50,3,1.0,2117
50,3,0.9990990990990991,2220
50,3,0.09846301633045149,2082
50,0,0.8299595141700404,1482
50,0,0.8299595141700404,1482
50,0,0.8299595141700404,1482
50,2,0.8544117647058823,1360
50,0,0.8299595141700404,1482
50,2,1.0,1966
50,2,0.9596482152095189,1933
50,2,0.5687936191425723,2006
50,0,0.6292741451709658,1667
50,0,0.6292741451709658,1667
50,2,0.7209892200380469,1577
50,0,0.6292741451709658,1667
50,0,0.6292741451709658,1667
50,0,0.6292741451709658,1667
50,0,0.6292741451709658,1667
50,2,1.0,1963
50,2,1.0,1929
50,3,0.9217021276595745,4700
50,3,0.28480340063761955,1882
50,2,1.0,1970
50,3,0.9217021276595745,4700
50,2,1.0,1929
50,3,1.0,1803
50,2,0.5654761904761905,2016
50,3,1.0,3296
50,1,0.010425531914893617,4700
50,1,0.010425531914893617,4700
50,1,0.010425531914893617,4700
50,1,0.010425531914893617,4700
50,1,0.010425531914893617,4700
50,1,0.010425531914893617,4700
50,1,0.010425531914893617,4700
50,1,0.010425531914893617,4700
50,1,0.010425531914893617,4700
50,1,0.010425531914893617,4700
100,3,0.8957528957528957,1036
100,3,1.0,1277
100,3,1.0,1233
100,3,1.0,989
100,3,0.42485207100591715,845
100,0,0.8160676532769556,946
100,0,0.8160676532769556,946
100,0,0.8160676532769556,946
100,2,1.0,1037
100,0,0.8302658486707567,489
100,2,0.8963486454652533,849
100,2,1.0,866
100,2,0.8569794050343249,874
100,0,0.8202875399361023,1252
100,0,0.8202875399361023,1252
100,2,0.6487394957983194,595
100,0,0.8202875399361023,1252
100,0,0.8202875399361023,1252
100,0,0.8202875399361023,1252
100,0,0.15472779369627507,698
100,2,1.0,1097
100,2,1.0,1072
100,3,0.6080870917573873,1929
100,3,0.36569148936170215,752
100,2,1.0,1025
100,3,0.6080870917573873,1929
100,2,0.9880952380952381,924
100,3,1.0,888
100,2,1.0,983
100,3,1.0,1000
100,1,0.025401762571280455,1929
100,1,0.025401762571280455,1929
100,1,0.025401762571280455,1929
100,1,0.025401762571280455,1929
100,1,0.025401762571280455,1929
100,1,0.025401762571280455,1929
100,1,0.025401762571280455,1929
100,1,0.025401762571280455,1929
100,1,0.025401762571280455,1929
100,1,0.025401762571280455,1929
200,3,1.0,448
200,3,1.0,352
200,3,1.0,478
200,3,1.0,427
200,3,0.4811529933481153,451
200,0,0.9023136246786633,389
200,0,0.7225548902195609,501
200,0,0.9307116104868914,534
200,2,1.0,535
200,0,0.9023136246786633,389
200,2,1.0,492
200,2,0.6652631578947369,475
200,2,0.9978070175438597,456
200,0,0.8861480075901328,527
200,0,0.8861480075901328,527
200,2,0.5203836930455635,417
200,0,0.8861480075901328,527
200,0,0.9373493975903614,415
200,0,0.34962406015037595,532
200,0,0.9373493975903614,415
200,2,1.0,461
200,2,1.0,545
200,3,0.2572533849129594,517
200,3,0.5060728744939271,494
200,2,1.0,443
200,3,0.9957671957671957,945
200,2,1.0,467
200,3,1.0,526
200,2,1.0,498
200,3,1.0,595
200,1,0.12189054726368159,402
200,1,0.12189054726368159,402
200,1,0.12189054726368159,402
200,1,0.12189054726368159,402
200,1,0.12189054726368159,402
200,1,0.12189054726368159,402
200,1,0.12189054726368159,402
200,1,0.12189054726368159,402
200,1,0.12189054726368159,402
200,1,0.12189054726368159,402
400,3,1.0,262
400,3,1.0,267
400,3,1.0,275
400,3,1.0,245
400,3,0.704225352112676,213
400,0,0.8027522935779816,218
400,0,1.0,212
400,0,0.8702290076335878,262
400,2,1.0,252
400,0,1.0,212
400,2,1.0,265
400,2,1.0,218
400,2,1.0,222
400,0,0.851145038167939,262
400,0,1.0,166
400,2,1.0,256
400,0,0.851145038167939,262
400,0,0.9310344827586207,261
400,0,0.6944444444444444,252
400,0,0.8671328671328671,143
400,2,1.0,230
400,2,1.0,198
400,3,0.7535545023696683,211
400,3,0.36492890995260663,211
400,2,1.0,259
400,3,0.9628252788104089,269
400,2,1.0,255
400,3,1.0,274
400,2,1.0,270
400,3,1.0,243
400,1,0.15806451612903225,310
400,1,0.15806451612903225,310
400,1,0.15806451612903225,310
400,1,0.15806451612903225,310
400,1,0.15806451612903225,310
400,1,0.15806451612903225,310
400,1,0.15806451612903225,310
400,1,0.15806451612903225,310
400,1,0.15806451612903225,310
400,1,0.15806451612903225,310
800,3,1.0,131
800,3,1.0,120
800,3,1.0,120
800,3,1.0,119
800,3,1.0,119
800,0,1.0,129
800,0,1.0,129
800,0,0.7326732673267327,101
800,2,1.0,134
800,0,1.0,126
800,2,1.0,118
800,2,0.991869918699187,123
800,2,1.0,151
800,0,0.8,140
800,0,1.0,126
800,2,1.0,80
800,0,0.9490445859872612,157
800,0,0.6823529411764706,85
800,0,1.0,117
800,0,0.8290598290598291,117
800,2,1.0,117
800,2,1.0,115
800,3,0.9912280701754386,114
800,3,0.85,100
800,2,1.0,137
800,3,1.0,114
800,2,1.0,117
800,3,1.0,145
800,2,1.0,126
800,3,1.0,188
800,1,0.05223880597014925,134
800,1,0.05223880597014925,134
800,1,0.4939759036144578,83
800,1,0.0072992700729927005,137
800,1,0.4939759036144578,83
800,1,0.4939759036144578,83
800,1,0.4939759036144578,83
800,1,0.4939759036144578,83
800,1,0.4939759036144578,83
800,1,0.4939759036144578,83
50,1,0.23974358974358975,3120
50,1,1.0,2217
50,1,0.23974358974358975,3120
50,1,1.0,2217
50,1,1.0,2217
50,1,1.0,1354
50,0,0.9961587708066582,1562
50,3,1.0,2310
50,1,1.0,1354
50,1,0.6568941823179111,2183
50,1,1.0,1354
50,0,0.9306393244873341,1658
50,0,0.9065934065934066,2002
50,1,0.6568941823179111,2183
50,0,0.8453065134099617,2088
50,0,0.2011002444987775,1636
50,0,0.2182875264270613,1892
50,2,0.013284470911589555,2183
50,2,0.1778913144449605,2153
50,2,0.1778913144449605,2153
50,2,0.1778913144449605,2153
50,2,0.1778913144449605,2153
50,3,0.959546925566343,2472
50,0,0.6446818392940084,2153
50,2,0.1778913144449605,2153
50,3,0.959546925566343,2472
50,2,0.1778913144449605,2153
50,2,0.1778913144449605,2153
50,2,0.1778913144449605,2153
50,2,0.1778913144449605,2153
50,3,0.8804255319148936,2350
50,3,0.8804255319148936,2350
50,3,1.0,3482
50,3,0.5636774679728711,1327
50,0,0.9741379310344828,1392
50,3,1.0,1153
50,0,0.9741379310344828,1392
50,3,1.0,1153
50,0,0.9741379310344828,1392
50,3,1.0,1540
100,1,0.20575783234546993,1181
100,1,1.0,723
100,1,0.43637782982045276,1281
100,1,1.0,1097
100,1,1.0,1097
100,1,1.0,1097
100,0,0.9740394600207685,963
100,3,1.0,608
100,1,1.0,931
100,1,0.43637782982045276,1281
100,1,1.0,931
100,0,0.7556346381969158,843
100,0,0.8876839659178931,1291
100,1,0.443208895949166,1259
100,0,0.9969834087481146,1326
100,0,0.14417887432536622,1297
100,0,0.9674185463659147,798
100,2,0.05480540111199365,1259
100,2,0.4232209737827715,801
100,2,0.4232209737827715,801
100,2,0.4232209737827715,801
100,2,0.4232209737827715,801
100,3,0.8535080956052429,1297
100,0,0.5767790262172284,801
100,2,0.4232209737827715,801
100,3,0.8535080956052429,1297
100,2,0.4232209737827715,801
100,2,0.4232209737827715,801
100,2,0.4232209737827715,801
100,2,0.4232209737827715,801
100,3,1.0,1240
100,3,1.0,1240
100,3,1.0,2065
100,3,0.8235294117647058,833
100,0,0.9863636363636363,880
100,3,1.0,954
100,0,0.9863636363636363,880
100,3,1.0,1419
100,0,0.975609756097561,697
100,3,1.0,783
200,1,0.9575033200531209,753
200,1,1.0,418
200,1,0.9575033200531209,753
200,1,1.0,564
200,1,1.0,791
200,1,1.0,791
200,0,1.0,494
200,3,1.0,515
200,1,1.0,928
200,1,0.6023054755043228,347
200,1,1.0,928
200,0,0.5626702997275205,734
200,0,1.0,505
200,1,0.38,800
200,0,0.9638783269961977,526
200,0,0.9149797570850202,247
200,0,0.6910714285714286,560
200,2,0.05,800
200,2,0.7033707865168539,445
200,2,0.7033707865168539,445
200,2,0.7033707865168539,445
200,2,0.7033707865168539,445
200,3,1.0,594
200,0,0.8622448979591837,392
200,2,0.7033707865168539,445
200,3,0.7914338919925512,537
200,2,0.7033707865168539,445
200,2,0.7033707865168539,445
200,2,0.7033707865168539,445
200,2,0.7033707865168539,445
200,3,1.0,485
200,3,1.0,485
200,3,1.0,874
200,3,0.8042635658914729,516
200,0,1.0,548
200,3,1.0,595
200,0,1.0,548
200,3,1.0,492
200,0,1.0,550
200,3,1.0,465
400,1,1.0,257
400,1,1.0,247
400,1,1.0,257
400,1,1.0,244
400,1,1.0,197
400,1,1.0,239
400,0,1.0,283
400,3,1.0,256
400,1,1.0,194
400,1,1.0,391
400,1,1.0,194
400,0,0.996031746031746,252
400,0,1.0,263
400,1,1.0,149
400,0,0.574468085106383,235
400,0,0.9707602339181286,171
400,0,1.0,214
400,2,0.27149321266968324,221
400,2,0.9301075268817204,186
400,2,0.9301075268817204,186
400,2,0.9301075268817204,186
400,2,0.9301075268817204,186
400,3,1.0,302
400,0,0.8442211055276382,199
400,2,0.9301075268817204,186
400,3,1.0,244
400,2,0.5542857142857143,175
400,2,0.9301075268817204,186
400,2,0.5542857142857143,175
400,2,0.5542857142857143,175
400,3,1.0,254
400,3,1.0,250
400,3,1.0,291
400,3,1.0,239
400,0,1.0,267
400,3,1.0,173
400,0,1.0,217
400,3,1.0,367
400,0,0.8371040723981901,221
400,3,1.0,220
800,1,0.9926470588235294,136
800,1,1.0,129
800,1,0.8159509202453987,163
800,1,1.0,159
800,1,1.0,147
800,1,1.0,147
800,0,1.0,124
800,3,1.0,125
800,1,1.0,163
800,1,1.0,230
800,1,1.0,163
800,0,1.0,139
800,0,1.0,127
800,1,1.0,313
800,0,0.983739837398374,123
800,0,1.0,85
800,0,1.0,96
800,2,0.26136363636363635,264
800,2,0.2734375,128
800,2,1.0,153
800,2,1.0,153
800,2,1.0,153
800,3,1.0,100
800,0,0.944954128440367,109
800,2,1.0,153
800,3,1.0,133
800,2,0.7794117647058824,136
800,2,0.7794117647058824,136
800,2,0.7794117647058824,136
800,2,0.7794117647058824,136
800,3,1.0,119
800,3,1.0,161
800,3,1.0,403
800,3,0.6736111111111112,144
800,0,1.0,80
800,3,1.0,71
800,0,1.0,142
800,3,1.0,133
800,0,1.0,175
800,3,1.0,141
50,3,0.336996336996337,1092
50,5,0.6173810460086512,5086
50,5,1.0,3753
50,3,1.0,1952
50,5,1.0,3753
50,5,0.4543103448275862,2320
50,3,1.0,2629
50,5,1.0,3753
50,5,0.6173810460086512,5086
50,5,0.4543103448275862,2320
50,5,1.0,3753
50,3,1.0,1246
50,5,1.0,3753
50,5,0.6173810460086512,5086
50,3,1.0,1798
50,3,1.0,3950
50,4,0.16378293354305937,5086
50,3,1.0,3950
50,4,0.16378293354305937,5086
50,2,0.11580810066850176,5086
50,2,0.43926209537069266,2873
50,4,0.19353070175438597,1824
50,0,0.6853070175438597,1824
50,3,0.9996096799375488,2562
50,2,0.31805157593123207,2443
50,2,0.8958499600957701,2506
50,4,0.3741307371349096,3595
50,4,0.3741307371349096,3595
50,3,0.25034770514603616,3595
50,3,0.9996096799375488,2562
50,4,0.3741307371349096,3595
50,0,0.9062968515742129,2668
50,0,0.9062968515742129,2668
50,4,0.3741307371349096,3595
50,2,0.8958499600957701,2506
50,2,0.33908205841446454,3595
50,2,0.33908205841446454,3595
50,2,0.6309904153354633,1252
50,0,0.9640287769784173,2224
50,0,0.9640287769784173,2224
50,2,0.8958499600957701,2506
50,2,1.0,1782
50,0,0.9169533169533169,2035
50,0,0.9169533169533169,2035
50,0,0.9169533169533169,2035
50,0,0.9882075471698113,2544
50,4,0.7384341637010676,2248
50,4,0.7384341637010676,2248
50,4,0.7384341637010676,2248
50,0,1.0,2260
100,3,0.2495201535508637,521
100,5,1.0,1378
100,5,1.0,1442
100,3,1.0,905
100,5,1.0,1378
100,5,0.06559714795008913,2805
100,3,0.9344028520499109,2805
100,5,0.6138140747176368,2302
100,5,1.0,2350
100,5,0.6138140747176368,2302
100,5,1.0,2350
100,3,1.0,1311
100,5,1.0,2350
100,5,0.6138140747176368,2302
100,3,1.0,1311
100,3,1.0,967
100,4,0.3218940052128584,2302
100,3,1.0,967
100,4,0.22935779816513763,872
100,2,0.573394495412844,872
100,2,0.17497556207233628,1023
100,4,0.014695077149155033,1361
100,0,0.9058402860548271,839
100,3,1.0,1196
100,2,0.8222477064220184,872
100,2,0.4823529411764706,850
100,4,0.4783882783882784,1365
100,4,0.4783882783882784,1365
100,3,0.6268882175226587,1324
100,3,1.0,1295
100,4,0.3731117824773414,1324
100,0,1.0,1343
100,0,1.0,1164
100,4,0.1798753339269813,1123
100,2,1.0,1051
100,2,0.8192341941228851,1123
100,2,0.8192341941228851,1123
100,2,0.7548476454293629,722
100,0,0.977,1000
100,0,0.977,1000
100,2,1.0,1208
100,2,1.0,1244
100,0,0.9666666666666667,1080
100,0,0.9666666666666667,1080
100,0,1.0,657
100,0,0.8159311087190527,929
100,4,0.7331571994715984,757
100,4,0.8072727272727273,1100
100,4,0.8072727272727273,1100
100,0,1.0,610
200,3,0.13875598086124402,418
200,5,1.0,531
200,5,1.0,519
200,3,1.0,433
200,5,1.0,554
200,5,0.7443181818181818,528
200,3,1.0,413
200,5,1.0,652
200,5,1.0,496
200,5,1.0,451
200,5,1.0,652
200,3,1.0,364
200,5,1.0,652
200,5,0.9865319865319865,297
200,3,1.0,478
200,3,1.0,489
200,4,0.7526595744680851,376
200,3,1.0,272
200,4,0.09433962264150944,371
200,2,0.7371794871794872,468
200,2,0.9369527145359019,571
200,4,0.1159090909090909,440
200,0,0.5753424657534246,292
200,3,1.0,524
200,2,0.7246049661399548,443
200,2,0.6982097186700768,782
200,4,0.5,554
200,4,0.5933232169954477,659
200,3,0.8210116731517509,771
200,3,1.0,585
200,4,0.7066326530612245,392
200,0,1.0,553
200,0,1.0,552
200,4,0.3231197771587744,359
200,2,1.0,624
200,2,0.6768802228412256,359
200,2,0.927536231884058,345
200,2,0.6361904761904762,525
200,0,1.0,487
200,0,1.0,399
200,2,1.0,486
200,2,1.0,455
200,0,0.8634615384615385,520
200,0,1.0,512
200,0,1.0,429
200,0,0.9085106382978724,470
200,4,0.9253731343283582,402
200,4,0.8099762470308789,421
200,4,0.9253731343283582,402
200,0,1.0,446
400,3,0.09090909090909091,231
400,5,1.0,248
400,5,1.0,387
400,3,1.0,392
400,5,1.0,368
400,5,0.45555555555555555,270
400,3,1.0,373
400,5,1.0,379
400,5,1.0,138
400,5,1.0,266
400,5,1.0,138
400,3,1.0,184
400,5,1.0,195
400,5,1.0,187
400,3,1.0,398
400,3,1.0,300
400,4,0.7777777777777778,306
400,3,1.0,378
400,4,0.16988416988416988,259
400,2,0.9377431906614786,257
400,2,0.6473029045643154,241
400,4,0.15079365079365079,252
400,0,0.8185654008438819,237
400,3,1.0,237
400,2,0.9423868312757202,243
400,2,0.241635687732342,269
400,4,0.6111111111111112,414
400,4,1.0,158
400,3,0.9655172413793104,232
400,3,1.0,264
400,4,0.7064439140811456,419
400,0,0.9918367346938776,245
400,0,1.0,221
400,4,0.3463203463203463,231
400,2,1.0,239
400,2,0.6923076923076923,195
400,2,1.0,191
400,2,0.8825622775800712,281
400,0,1.0,198
400,0,1.0,212
400,2,1.0,210
400,2,1.0,168
400,0,1.0,247
400,0,1.0,247
400,0,1.0,210
400,0,1.0,217
400,4,0.7877906976744186,344
400,4,0.7877906976744186,344
400,4,0.7877906976744186,344
400,0,1.0,193
800,3,0.07142857142857142,112
800,5,1.0,129
800,5,1.0,135
800,3,1.0,103
800,5,1.0,134
800,5,0.5789473684210527,114
800,3,1.0,142
800,5,1.0,143
800,5,1.0,257
800,5,1.0,162
800,5,1.0,88
800,3,1.0,234
800,5,1.0,183
800,5,1.0,102
800,3,1.0,126
800,3,1.0,243
800,4,0.8320610687022901,262
800,3,1.0,409
800,4,0.273972602739726,73
800,2,0.9806451612903225,155
800,2,0.9552238805970149,134
800,4,0.29,100
800,0,0.3010752688172043,93
800,3,1.0,121
800,2,0.45161290322580644,124
800,2,0.9932885906040269,149
800,4,0.8295819935691319,311
800,4,1.0,149
800,3,1.0,124
800,3,1.0,127
800,4,1.0,167
800,0,1.0,140
800,0,1.0,122
800,4,0.654320987654321,81
800,2,1.0,173
800,2,0.6697247706422018,109
800,2,1.0,99
800,2,0.7844311377245509,167
800,0,1.0,131
800,0,1.0,111
800,2,1.0,164
800,2,1.0,107
800,0,1.0,143
800,0,1.0,127
800,0,1.0,123
800,0,1.0,132
800,4,0.9017857142857143,112
800,4,0.48936170212765956,94
800,4,0.7448979591836735,98
800,0,1.0,122
50,3,0.4164926931106472,1916
50,3,0.42001576044129235,1269
50,3,0.4164926931106472,1916
50,3,0.4164926931106472,1916
50,3,0.42001576044129235,1269
50,3,0.12020680741059887,2321
50,3,0.4164926931106472,1916
50,3,0.4164926931106472,1916
50,2,0.8797931925894011,2321
50,2,1.0,2305
50,2,1.0,2099
50,2,1.0,1503
50,2,1.0,1970
50,2,1.0,1948
50,2,1.0,1311
50,2,1.0,1881
50,2,1.0,1881
50,2,1.0,3982
50,3,0.18371303926320892,2063
50,3,0.18371303926320892,2063
100,3,0.45925925925925926,1080
100,3,0.45925925925925926,1080
100,3,0.7348886532343585,943
100,3,0.7348886532343585,943
100,3,0.45925925925925926,1080
100,3,0.3062015503875969,1032
100,3,0.7348886532343585,943
100,3,0.7348886532343585,943
100,2,0.6937984496124031,1032
100,2,1.0,1369
100,2,1.0,905
100,2,1.0,816
100,2,1.0,965
100,2,1.0,774
100,2,1.0,1076
100,2,1.0,1313
100,2,1.0,1014
100,2,1.0,1058
100,3,0.26426076833527357,859
100,3,0.26426076833527357,859
200,3,1.0,336
200,3,0.5454545454545454,517
200,3,0.8625235404896422,531
200,3,0.8625235404896422,531
200,3,0.5454545454545454,517
200,3,0.6289752650176679,566
200,3,0.8625235404896422,531
200,3,1.0,336
200,2,1.0,382
200,2,1.0,590
200,2,1.0,402
200,2,1.0,520
200,2,1.0,375
200,2,1.0,638
200,2,1.0,271
200,2,1.0,521
200,2,1.0,617
200,2,1.0,531
200,3,0.36904761904761907,420
200,3,0.36904761904761907,420
400,3,1.0,200
400,3,0.8645833333333334,192
400,3,0.9782608695652174,230
400,3,0.9782608695652174,230
400,3,0.5740740740740741,216
400,3,0.949238578680203,197
400,3,0.9782608695652174,230
400,3,0.9327485380116959,342
400,2,1.0,230
400,2,1.0,222
400,2,1.0,187
400,2,1.0,246
400,2,1.0,226
400,2,1.0,281
400,2,1.0,295
400,2,1.0,169
400,2,1.0,228
400,2,1.0,288
400,3,0.244,250
400,3,0.244,250
800,3,0.9174311926605505,109
800,3,0.84375,160
800,3,1.0,110
800,3,1.0,195
800,3,0.04666666666666667,150
800,3,0.907608695652174,184
800,3,0.4925373134328358,134
800,3,0.9779411764705882,136
800,2,1.0,140
800,2,1.0,144
800,2,1.0,130
800,2,1.0,176
800,2,1.0,80
800,2,1.0,114
800,2,1.0,140
800,2,1.0,105
800,2,1.0,106
800,2,1.0,124
800,3,0.3885350318471338,157
800,3,0.3885350318471338,157
50,1,1.0,3183
50,1,1.0,1895
50,1,1.0,2193
50,1,1.0,2148
50,1,1.0,2245
50,1,1.0,2245
50,1,0.8834986474301172,5545
50,1,0.9624924379915305,3306
50,2,0.4528212422949265,2109
50,5,0.12505663797009514,4414
50,5,0.03898635477582846,2052
50,5,0.12505663797009514,4414
50,5,0.12505663797009514,4414
50,5,0.12505663797009514,4414
50,5,0.12505663797009514,4414
50,5,0.12505663797009514,4414
50,3,0.22587222473946533,4414
50,1,0.7953964194373402,3910
50,3,0.3231350979718116,2909
50,2,0.928849902534113,2052
50,3,0.3231350979718116,2909
50,3,0.22587222473946533,4414
50,3,0.22587222473946533,4414
50,3,0.22587222473946533,4414
50,2,0.6121431807884006,4414
50,3,0.3231350979718116,2909
50,3,0.3231350979718116,2909
50,1,0.7953964194373402,3910
50,2,0.587525844245348,5804
50,3,0.11543762922122675,5804
50,3,0.11543762922122675,5804
50,2,0.6768649020281884,2909
50,0,0.14475703324808184,3910
50,2,0.587525844245348,5804
50,0,0.03556864521975532,4414
50,2,0.587525844245348,5804
50,0,0.9986320109439124,1462
50,0,0.05823569951757409,5804
50,2,0.587525844245348,5804
50,2,0.587525844245348,5804
50,5,0.0651274982770503,5804
50,0,0.9986320109439124,1462
50,0,0.14475703324808184,3910
50,2,0.6121431807884006,4414
50,5,0.0651274982770503,5804
50,5,0.05025553662691652,1174
50,0,0.03556864521975532,4414
50,0,0.9986320109439124,1462
50,0,0.9318568994889267,1174
50,0,0.9318568994889267,1174
100,1,1.0,1541
100,1,1.0,949
100,1,1.0,1066
100,1,1.0,1060
100,1,1.0,1090
100,1,1.0,1381
100,1,0.8924544666088465,2306
100,1,1.0,1233
100,2,0.7305965362411803,1559
100,5,0.2970141435306443,1909
100,5,0.2970141435306443,1909
100,5,0.2970141435306443,1909
100,5,0.2970141435306443,1909
100,5,0.2970141435306443,1909
100,5,0.2970141435306443,1909
100,5,0.2970141435306443,1909
100,3,0.30539549502357255,1909
100,1,0.9994722955145119,1895
100,3,0.9798387096774194,744
100,2,0.8465286236297198,821
100,3,0.3718042366691015,1369
100,3,0.30539549502357255,1909
100,3,0.30539549502357255,1909
100,3,0.30539549502357255,1909
100,2,0.39759036144578314,1909
100,3,0.3718042366691015,1369
100,3,0.3718042366691015,1369
100,1,0.9994722955145119,1895
100,2,0.648397976391231,1186
100,3,0.33136593591905567,1186
100,3,0.2952815829528158,1314
100,2,0.6940639269406392,1314
100,0,0.44952893674293404,1486
100,2,1.0,846
100,0,0.44952893674293404,1486
100,2,0.9474442044636429,1389
100,0,0.9992805755395684,1390
100,0,0.20368574199806014,1031
100,2,0.07529558182949596,1607
100,2,0.40543161978661496,1031
100,5,0.39088263821532493,1031
100,0,0.9992805755395684,1390
100,0,0.44952893674293404,1486
100,2,0.550471063257066,1486
100,5,0.39088263821532493,1031
100,5,0.019945602901178604,1103
100,0,0.44952893674293404,1486
100,0,0.9992805755395684,1390
100,0,0.9628286491387126,1103
100,0,0.9628286491387126,1103
200,1,1.0,593
200,1,1.0,369
200,1,1.0,435
200,1,1.0,378
200,1,1.0,1007
200,1,1.0,487
200,1,0.7300068352699932,1463
200,1,1.0,470
200,2,0.6967418546365914,798
200,5,0.3052302888368462,1281
200,5,0.19883527454242927,1202
200,5,0.3052302888368462,1281
200,5,0.3052302888368462,1281
200,5,0.19883527454242927,1202
200,5,0.3052302888368462,1281
200,5,0.19883527454242927,1202
200,3,0.40749414519906324,1281
200,1,1.0,680
200,3,0.9831578947368421,475
200,2,0.781198003327787,1202
200,3,0.862776025236593,634
200,3,0.40749414519906324,1281
200,3,0.40749414519906324,1281
200,3,0.40749414519906324,1281
200,2,1.0,428
200,3,0.862776025236593,634
200,3,0.862776025236593,634
200,1,1.0,900
200,2,0.3162518301610542,683
200,3,0.6837481698389458,683
200,3,1.0,510
200,2,0.9181494661921709,562
200,0,0.5896739130434783,736
200,2,1.0,456
200,0,0.5896739130434783,736
200,2,0.9821673525377229,729
200,0,1.0,694
200,0,0.25625,480
200,2,0.8978534418948927,1351
200,2,0.6708333333333333,480
200,5,0.9528795811518325,382
200,0,1.0,694
200,0,0.3223954060705496,1219
200,2,0.8313953488372093,344
200,5,0.9528795811518325,382
200,5,0.9528795811518325,382
200,0,0.5896739130434783,736
200,0,1.0,609
200,0,0.9807692307692307,364
200,0,0.9807692307692307,364
400,1,1.0,231
400,1,1.0,174
400,1,1.0,156
400,1,1.0,442
400,1,1.0,244
400,1,1.0,279
400,1,0.7361963190184049,652
400,1,1.0,247
400,2,0.5479930191972077,573
400,5,0.5823095823095823,407
400,5,0.3970856102003643,549
400,5,0.3970856102003643,549
400,5,0.3970856102003643,549
400,5,0.7397260273972602,146
400,5,0.5823095823095823,407
400,5,0.3970856102003643,549
400,3,0.014742014742014743,407
400,1,1.0,341
400,3,0.9948979591836735,196
400,2,0.8765957446808511,235
400,3,1.0,246
400,3,0.9563758389261745,298
400,3,0.5706214689265536,354
400,3,0.3062730627306273,271
400,2,0.6937269372693727,271
400,3,0.09887005649717515,354
400,3,0.09887005649717515,354
400,1,1.0,414
400,2,0.12637362637362637,182
400,3,1.0,241
400,3,1.0,217
400,2,0.8833333333333333,300
400,0,1.0,183
400,2,1.0,303
400,0,0.3076923076923077,403
400,2,1.0,258
400,0,1.0,241
400,0,0.7222222222222222,126
400,2,0.5270655270655271,351
400,2,0.8977635782747604,313
400,5,0.9631578947368421,380
400,0,1.0,425
400,0,0.4382183908045977,696
400,2,0.368,250
400,5,0.9631578947368421,380
400,5,0.11180124223602485,161
400,0,0.632,250
400,0,1.0,265
400,0,0.9670658682634731,334
400,0,0.9670658682634731,334
800,1,1.0,160
800,1,1.0,120
800,1,1.0,143
800,1,1.0,155
800,1,1.0,127
800,1,1.0,131
800,1,0.7857142857142857,126
800,1,1.0,139
800,2,0.6363636363636364,187
800,5,0.8649425287356322,348
800,5,1.0,95
800,5,0.8649425287356322,348
800,5,1.0,95
800,5,0.7517241379310344,145
800,5,0.8649425287356322,348
800,5,0.8649425287356322,348
800,3,0.27835051546391754,97
800,1,1.0,153
800,3,1.0,135
800,2,0.9894736842105263,95
800,3,1.0,135
800,3,0.9629629629629629,162
800,3,1.0,136
800,3,0.7530864197530864,162
800,2,1.0,128
800,3,0.9,150
800,3,0.9,150
800,1,1.0,133
800,2,0.25,128
800,3,1.0,125
800,3,1.0,136
800,2,1.0,159
800,0,1.0,82
800,2,1.0,134
800,0,0.3017241379310345,116
800,2,1.0,158
800,0,1.0,248
800,0,0.6390977443609023,133
800,2,0.8245614035087719,114
800,2,1.0,118
800,5,0.9353233830845771,201
800,0,1.0,248
800,0,1.0,129
800,2,0.647887323943662,213
800,5,1.0,170
800,5,0.1875,144
800,0,0.352112676056338,213
800,0,1.0,332
800,0,1.0,161
800,0,1.0,161
50,0,1.0,4069
50,0,1.0,2136
50,0,1.0,1904
50,0,0.6428571428571429,2450
50,0,1.0,2497
50,0,1.0,1698
50,2,0.35714285714285715,2450
50,2,0.983633387888707,2444
50,0,1.0,2562
50,2,0.35714285714285715,2450
50,3,0.4922907488986784,1816
50,2,1.0,1070
50,3,0.4922907488986784,1816
50,3,0.4922907488986784,1816
50,0,1.0,2430
50,0,1.0,2430
50,2,1.0,2181
50,2,0.8562543192812716,2894
50,2,0.8839779005524862,2353
50,2,0.8839779005524862,2353
50,3,0.1437456807187284,2894
50,3,0.3033195020746888,2410
50,2,1.0,2285
50,3,0.9876543209876543,2187
50,0,1.0,2987
50,3,0.9876543209876543,2187
50,3,0.06067769897557131,2538
50,3,0.9876543209876543,2187
50,3,0.9876543209876543,2187
50,2,1.0,2029
100,0,1.0,1461
100,0,1.0,1356
100,0,1.0,982
100,0,0.7368815592203898,1334
100,0,1.0,1654
100,0,1.0,1096
100,2,0.18027210884353742,1176
100,2,0.9961722488038277,1045
100,0,1.0,877
100,2,0.18027210884353742,1176
100,3,0.8940719144800777,1029
100,2,0.8187919463087249,1341
100,3,0.8940719144800777,1029
100,3,0.8940719144800777,1029
100,0,1.0,1031
100,0,1.0,850
100,2,1.0,773
100,2,1.0,773
100,2,0.9555895865237366,653
100,2,0.9555895865237366,653
100,3,0.7573149741824441,581
100,3,0.7331560283687943,1128
100,2,1.0,972
100,3,1.0,694
100,0,1.0,1323
100,3,1.0,694
100,3,0.8333333333333334,1176
100,3,1.0,514
100,3,1.0,514
100,2,1.0,1013
200,0,1.0,292
200,0,1.0,582
200,0,1.0,474
200,0,0.8801128349788434,709
200,0,1.0,632
200,0,1.0,395
200,2,0.4802578565672844,1241
200,2,1.0,475
200,0,1.0,467
200,2,0.4802578565672844,1241
200,3,0.996116504854369,515
200,2,0.7728740581270183,929
200,3,0.7410526315789474,475
200,3,0.7410526315789474,475
200,0,1.0,505
200,0,1.0,463
200,2,1.0,429
200,2,1.0,478
200,2,1.0,319
200,2,0.9393346379647749,511
200,3,0.528023598820059,339
200,3,0.9980732177263969,519
200,2,1.0,563
200,3,1.0,308
200,0,1.0,528
200,3,1.0,308
200,3,0.44745762711864406,590
200,3,1.0,490
200,3,1.0,490
200,2,1.0,561
400,0,1.0,235
400,0,1.0,251
400,0,1.0,207
400,0,1.0,316
400,0,1.0,363
400,0,1.0,256
400,2,0.8978102189781022,137
400,2,1.0,293
400,0,1.0,249
400,2,0.47465437788018433,217
400,3,1.0,240
400,2,1.0,249
400,3,0.33191489361702126,235
400,3,0.7137096774193549,248
400,0,1.0,259
400,0,1.0,239
400,2,1.0,164
400,2,1.0,218
400,2,1.0,272
400,2,1.0,251
400,3,0.38461538461538464,208
400,3,0.986784140969163,227
400,2,1.0,223
400,3,1.0,413
400,0,1.0,282
400,3,1.0,413
400,3,0.9651162790697675,258
400,3,1.0,258
400,3,1.0,181
400,2,1.0,306
800,0,1.0,128
800,0,1.0,94
800,0,1.0,133
800,0,1.0,179
800,0,1.0,158
800,0,1.0,149
800,2,0.578125,64
800,2,1.0,138
800,0,1.0,124
800,2,0.6707317073170732,82
800,3,1.0,118
800,2,1.0,130
800,3,0.8181818181818182,121
800,3,0.8181818181818182,121
800,0,1.0,121
800,0,1.0,131
800,2,1.0,133
800,2,1.0,119
800,2,1.0,123
800,2,0.8728813559322034,118
800,3,0.717948717948718,117
800,3,0.9263157894736842,95
800,2,1.0,121
800,3,1.0,147
800,0,1.0,140
800,3,1.0,185
800,3,1.0,163
800,3,1.0,155
800,3,1.0,126
800,2,1.0,157
50,1,0.1644640234948605,2043
50,2,0.7825839499146272,1757
50,0,0.8355359765051396,2043
50,2,0.9399243140964996,2114
50,0,0.988256549232159,2214
50,3,0.26748531767218364,1873
50,3,0.26748531767218364,1873
50,0,0.7681617182564751,1583
50,3,0.26748531767218364,1873
50,0,0.9996491228070176,2850
50,3,0.6613007083065036,1553
50,3,0.6613007083065036,1553
50,3,0.6613007083065036,1553
50,2,0.25804988662131517,2205
50,3,0.6613007083065036,1553
50,3,0.6613007083065036,1553
50,2,0.9865841073271414,969
50,3,0.6613007083065036,1553
50,0,0.9996491228070176,2850
50,3,0.23147675012774654,1957
50,2,0.7685232498722534,1957
50,0,0.9852700490998363,1833
50,2,0.9884070416487764,2329
50,2,0.9269889224572004,1986
50,2,0.9823529411764705,3570
50,2,0.9506220839813375,2572
50,2,0.9506220839813375,2572
50,0,0.5715543813298106,2271
50,0,0.6724320508295094,2833
50,0,0.631467044649185,2822
50,1,1.0,2144
50,1,1.0,2144
50,1,1.0,2144
50,1,0.8899352560329605,3398
50,0,0.9713569638381668,2793
50,1,1.0,2612
50,1,1.0,3032
50,1,1.0,2764
50,1,1.0,1743
50,1,1.0,3032
100,1,0.2551487414187643,874
100,2,0.7600502512562815,796
100,0,0.9886480908152735,969
100,2,0.9275510204081633,980
100,0,0.7448512585812357,874
100,3,0.1441196464989803,1471
100,3,0.1441196464989803,1471
100,0,0.6839332748024582,1139
100,3,0.973293768545994,674
100,0,1.0,1292
100,3,0.39636752136752135,936
100,3,0.9688715953307393,514
100,3,0.9688715953307393,514
100,2,0.3160667251975417,1139
100,3,0.39636752136752135,936
100,3,0.39636752136752135,936
100,2,0.9575113808801214,659
100,3,0.973293768545994,674
100,0,1.0,1450
100,3,0.2838283828382838,1212
100,2,0.7161716171617162,1212
100,0,0.9985119047619048,1344
100,2,1.0,905
100,2,1.0,794
100,2,0.9948761742100769,1171
100,2,0.9809688581314879,1156
100,2,0.7603603603603604,555
100,0,0.993993993993994,999
100,0,0.5490506329113924,1896
100,0,1.0,1054
100,1,1.0,883
100,1,1.0,1176
100,1,1.0,1083
100,1,0.9253852392538524,1233
100,0,1.0,792
100,1,1.0,1176
100,1,1.0,1049
100,1,1.0,919
100,1,1.0,919
100,1,1.0,1049
200,1,0.3328488372093023,688
200,2,0.7190697674418605,1075
200,0,0.9885714285714285,525
200,2,1.0,522
200,0,1.0,559
200,3,0.25765765765765763,555
200,3,0.15934065934065933,546
200,0,0.9782135076252724,459
200,3,1.0,547
200,0,1.0,464
200,3,0.5435139573070608,609
200,3,1.0,364
200,3,1.0,364
200,2,0.9529411764705882,510
200,3,0.5435139573070608,609
200,3,0.5435139573070608,609
200,2,0.9529411764705882,510
200,3,0.6981132075471698,371
200,0,0.9973333333333333,375
200,3,0.40391459074733094,562
200,2,0.5960854092526691,562
200,0,1.0,707
200,2,0.9814241486068112,323
200,2,1.0,482
200,2,1.0,578
200,2,0.9853211009174312,545
200,2,0.848780487804878,410
200,0,0.9979674796747967,492
200,0,0.9983870967741936,620
200,0,0.9905956112852664,638
200,1,1.0,512
200,1,1.0,497
200,1,1.0,497
200,1,0.9983660130718954,612
200,0,1.0,464
200,1,1.0,536
200,1,1.0,681
200,1,1.0,676
200,1,1.0,533
200,1,1.0,667
400,1,0.5501285347043702,389
400,2,1.0,248
400,0,0.968421052631579,285
400,2,1.0,288
400,0,1.0,232
400,3,0.17279411764705882,272
400,3,0.4818181818181818,220
400,0,1.0,294
400,3,1.0,216
400,0,1.0,235
400,3,0.6858407079646017,226
400,3,1.0,186
400,3,1.0,276
400,2,1.0,235
400,3,0.8774509803921569,204
400,3,0.8774509803921569,204
400,2,1.0,235
400,3,1.0,209
400,0,0.9958847736625515,243
400,3,0.3546511627906977,344
400,2,0.37748344370860926,302
400,0,0.9476439790575916,382
400,2,1.0,285
400,2,1.0,179
400,2,1.0,303
400,2,1.0,262
400,2,0.8727272727272727,220
400,0,0.5964912280701754,228
400,0,1.0,254
400,0,1.0,271
400,1,1.0,311
400,1,1.0,214
400,1,1.0,237
400,1,1.0,254
400,0,1.0,285
400,1,1.0,221
400,1,1.0,243
400,1,1.0,241
400,1,1.0,235
400,1,1.0,237
800,1,0.6428571428571429,168
800,2,1.0,127
800,0,1.0,172
800,2,1.0,129
800,0,1.0,126
800,3,0.3582089552238806,134
800,3,0.6351351351351351,148
800,0,1.0,133
800,3,1.0,149
800,0,1.0,129
800,3,0.4097222222222222,144
800,3,1.0,149
800,3,1.0,160
800,2,1.0,134
800,3,0.4892086330935252,139
800,3,0.4892086330935252,139
800,2,1.0,131
800,3,1.0,90
800,0,1.0,130
800,3,0.104,125
800,2,0.8214285714285714,140
800,0,1.0,247
800,2,1.0,154
800,2,1.0,85
800,2,1.0,127
800,2,1.0,164
800,2,1.0,150
800,0,1.0,158
800,0,1.0,121
800,0,1.0,117
800,1,1.0,168
800,1,1.0,124
800,1,1.0,143
800,1,1.0,139
800,0,1.0,130
800,1,1.0,134
800,1,1.0,146
800,1,1.0,142
800,1,1.0,154
800,1,1.0,148
50,2,1.0,1779
50,2,1.0,2282
50,2,1.0,2173
50,3,0.8809218950064021,4686
50,3,0.8809218950064021,4686
50,2,0.34362717574396406,1781
50,2,1.0,1656
50,2,0.6439543127215439,2539
50,2,1.0,2422
50,3,0.992467043314501,4779
50,2,1.0,2113
50,3,1.0,1962
50,3,0.992467043314501,4779
50,3,0.992467043314501,4779
50,3,1.0,1962
50,3,0.9417004048582996,1235
50,3,0.992467043314501,4779
50,2,1.0,1828
50,3,0.9606828763579928,1933
50,2,1.0,2415
100,2,1.0,711
100,2,1.0,980
100,2,1.0,1052
100,3,1.0,1797
100,3,0.695977549111319,1069
100,2,0.7005586592178771,895
100,2,1.0,989
100,2,0.8277945619335347,993
100,2,1.0,1099
100,3,1.0,1055
100,2,1.0,912
100,3,1.0,1265
100,3,1.0,1055
100,3,1.0,1055
100,3,1.0,1265
100,3,0.8934280639431617,1689
100,3,1.0,1821
100,2,1.0,1123
100,3,0.6229050279329609,1790
100,2,1.0,967
200,2,1.0,406
200,2,1.0,548
200,2,1.0,447
200,3,1.0,324
200,3,0.8421052631578947,361
200,2,0.6076923076923076,520
200,2,1.0,489
200,2,0.11300639658848614,469
200,2,1.0,348
200,3,1.0,727
200,2,1.0,527
200,3,1.0,736
200,3,1.0,314
200,3,1.0,314
200,3,1.0,488
200,3,0.4228295819935691,622
200,3,1.0,423
200,2,1.0,548
200,3,0.9974747474747475,396
200,2,1.0,595
400,2,1.0,241
400,2,1.0,229
400,2,1.0,223
400,3,1.0,407
400,3,0.3763440860215054,279
400,2,0.7582417582417582,273
400,2,1.0,197
400,2,0.8638743455497382,191
400,2,1.0,180
400,3,1.0,278
400,2,1.0,281
400,3,1.0,214
400,3,1.0,151
400,3,1.0,235
400,3,1.0,407
400,3,1.0,192
400,3,1.0,422
400,2,1.0,306
400,3,1.0,332
400,2,1.0,340
800,2,1.0,115
800,2,1.0,158
800,2,1.0,124
800,3,1.0,65
800,3,1.0,139
800,2,1.0,118
800,2,1.0,125
800,2,0.7575757575757576,132
800,2,1.0,116
800,3,1.0,190
800,2,1.0,138
800,3,1.0,217
800,3,1.0,169
800,3,1.0,197
800,3,1.0,193
800,3,1.0,162
800,3,1.0,142
800,2,1.0,150
800,3,0.7559523809523809,168
800,2,1.0,134
50,3,0.4328878558977339,1721
50,3,0.07542113323124043,2612
50,3,0.2643906312028583,2519
50,3,0.4328878558977339,1721
50,3,0.2643906312028583,2519
50,3,0.07542113323124043,2612
50,3,0.2643906312028583,2519
50,4,0.33951497860199714,2103
50,3,0.4328878558977339,1721
50,4,0.33951497860199714,2103
50,3,0.07542113323124043,2612
50,5,0.014582164890633763,1783
50,4,0.33951497860199714,2103
50,4,0.33951497860199714,2103
50,4,0.33951497860199714,2103
50,4,0.33951497860199714,2103
50,4,0.33951497860199714,2103
50,3,0.2643906312028583,2519
50,4,0.33951497860199714,2103
50,4,0.33951497860199714,2103
50,4,0.33951497860199714,2103
50,5,0.986922406277245,1147
50,5,0.12374821173104435,1398
50,5,0.12374821173104435,1398
50,2,0.9978768577494692,2355
50,5,0.986922406277245,1147
50,2,0.8755364806866953,1398
50,5,0.986922406277245,1147
50,5,0.986922406277245,1147
50,5,0.986922406277245,1147
50,5,0.986922406277245,1147
50,2,0.9954275262917238,2187
50,2,0.9836552748885586,2019
50,2,0.9954275262917238,2187
50,2,0.9954275262917238,2187
50,2,0.9836552748885586,2019
50,2,0.9071951607768227,6282
50,5,0.986922406277245,1147
50,0,0.995264743865691,2323
50,0,1.0,1746
50,0,1.0,1746
50,0,1.0,1690
50,0,0.561035758323058,2433
50,0,1.0,2225
50,0,0.9869547492865879,2453
50,0,0.9869547492865879,2453
50,0,0.9770310506167589,2351
50,2,0.9387857501254391,1993
50,2,0.9905692152239811,2969
50,1,0.042404473438956196,2146
50,1,0.042404473438956196,2146
50,0,0.9770310506167589,2351
50,1,0.042404473438956196,2146
50,1,0.042404473438956196,2146
50,1,0.042404473438956196,2146
50,1,0.042404473438956196,2146
50,1,0.042404473438956196,2146
50,1,0.042404473438956196,2146
50,1,0.042404473438956196,2146
50,1,0.042404473438956196,2146
100,3,0.7786259541984732,917
100,3,0.9644970414201184,507
100,3,0.9644970414201184,507
100,3,0.7786259541984732,917
100,3,0.9644970414201184,507
100,3,0.08338368580060423,1655
100,3,0.9644970414201184,507
100,4,0.42805100182149364,1647
100,3,0.7786259541984732,917
100,4,0.42805100182149364,1647
100,3,0.9644970414201184,507
100,5,0.9757914338919925,537
100,4,0.42805100182149364,1647
100,4,0.42805100182149364,1647
100,4,0.42805100182149364,1647
100,4,0.42805100182149364,1647
100,4,0.42805100182149364,1647
100,3,0.20414428242517269,1303
100,4,0.42805100182149364,1647
100,4,0.42805100182149364,1647
100,4,0.42805100182149364,1647
100,5,0.9757914338919925,537
100,5,0.02578268876611418,1086
100,5,0.02578268876611418,1086
100,2,0.9705340699815838,1086
100,5,0.4546762589928058,1390
100,2,0.5453237410071943,1390
100,5,0.4546762589928058,1390
100,5,0.4546762589928058,1390
100,5,0.4546762589928058,1390
100,5,0.4546762589928058,1390
100,2,0.9946236559139785,1116
100,2,1.0,814
100,2,0.795774647887324,1420
100,2,0.9946236559139785,1116
100,2,0.96579476861167,994
100,2,0.976643598615917,1156
100,5,0.023356401384083045,1156
100,0,1.0,1321
100,0,1.0,758
100,0,1.0,1064
100,0,1.0,1032
100,0,0.49963154016212236,1357
100,0,1.0,865
100,0,1.0,1035
100,0,0.9526276831976314,1351
100,0,1.0,865
100,2,0.953204476093591,983
100,2,0.9746621621621622,592
100,1,0.09933142311365807,1047
100,1,0.09933142311365807,1047
100,0,0.9990281827016521,1029
100,1,0.09933142311365807,1047
100,1,0.09933142311365807,1047
100,1,0.09933142311365807,1047
100,1,0.09933142311365807,1047
100,1,0.09933142311365807,1047
100,1,0.09933142311365807,1047
100,1,0.09933142311365807,1047
100,1,0.09933142311365807,1047
200,3,0.6961093585699264,951
200,3,0.96045197740113,354
200,3,0.96045197740113,354
200,3,0.6961093585699264,951
200,3,0.96045197740113,354
200,3,0.30839002267573695,441
200,3,0.623688155922039,667
200,4,0.3840749414519906,854
200,3,0.6961093585699264,951
200,4,0.3840749414519906,854
200,3,0.96045197740113,354
200,5,0.9933333333333333,300
200,4,0.3840749414519906,854
200,4,0.3840749414519906,854
200,4,1.0,369
200,4,0.3840749414519906,854
200,4,1.0,369
200,3,0.623688155922039,667
200,4,0.3840749414519906,854
200,4,0.3840749414519906,854
200,4,1.0,369
200,5,0.9955156950672646,446
200,5,0.24896265560165975,482
200,5,0.042483660130718956,612
200,2,1.0,553
200,5,0.9881235154394299,421
200,2,0.9637931034482758,580
200,5,0.9881235154394299,421
200,5,0.9881235154394299,421
200,5,0.9881235154394299,421
200,5,0.13,500
200,2,1.0,435
200,2,1.0,434
200,2,1.0,309
200,2,0.9940387481371088,671
200,2,1.0,497
200,2,1.0,348
200,5,0.20105820105820105,567
200,0,1.0,530
200,0,1.0,500
200,0,1.0,555
200,0,1.0,565
200,0,0.8962962962962963,540
200,0,1.0,475
200,0,1.0,562
200,0,1.0,562
200,0,1.0,459
200,2,0.9553956834532374,695
200,2,0.956,500
200,1,0.17604355716878403,551
200,1,0.17604355716878403,551
200,0,1.0,470
200,1,0.17604355716878403,551
200,1,0.17604355716878403,551
200,1,0.17604355716878403,551
200,1,0.17604355716878403,551
200,1,0.17604355716878403,551
200,1,0.17604355716878403,551
200,1,0.17604355716878403,551
200,1,0.17604355716878403,551
400,3,0.6461232604373758,503
400,3,0.9745222929936306,314
400,3,0.9745222929936306,314
400,3,0.6461232604373758,503
400,3,0.9745222929936306,314
400,3,0.6131687242798354,243
400,3,0.7257142857142858,350
400,4,1.0,137
400,3,0.9888888888888889,360
400,4,1.0,137
400,3,0.6131687242798354,243
400,5,1.0,190
400,4,1.0,137
400,4,0.6666666666666666,291
400,4,0.9341463414634147,410
400,4,0.6666666666666666,291
400,4,0.9341463414634147,410
400,3,0.7257142857142858,350
400,4,0.6666666666666666,291
400,4,0.6666666666666666,291
400,4,0.9341463414634147,410
400,5,0.9805825242718447,206
400,5,0.9805825242718447,206
400,5,0.01607717041800643,311
400,2,1.0,317
400,5,1.0,261
400,2,1.0,235
400,5,1.0,261
400,5,1.0,261
400,5,1.0,261
400,5,0.47157190635451507,299
400,2,1.0,227
400,2,1.0,188
400,2,1.0,232
400,2,0.9953051643192489,213
400,2,1.0,303
400,2,1.0,226
400,5,0.9140271493212669,221
400,0,1.0,184
400,0,1.0,279
400,0,1.0,251
400,0,1.0,244
400,0,0.8767123287671232,219
400,0,1.0,237
400,0,1.0,229
400,0,1.0,239
400,0,1.0,225
400,2,0.6334405144694534,311
400,2,0.9190600522193212,383
400,1,0.3620689655172414,232
400,1,0.3620689655172414,232
400,0,1.0,218
400,1,0.3620689655172414,232
400,1,0.3620689655172414,232
400,1,0.3620689655172414,232
400,1,0.3620689655172414,232
400,1,0.3620689655172414,232
400,1,0.3620689655172414,232
400,1,0.3620689655172414,232
400,1,0.3620689655172414,232
800,3,0.7777777777777778,270
800,3,1.0,115
800,3,1.0,115
800,3,0.7777777777777778,270
800,3,1.0,115
800,3,0.990909090909091,110
800,3,1.0,158
800,4,1.0,132
800,3,1.0,165
800,4,1.0,132
800,3,0.8365384615384616,104
800,5,0.9873417721518988,158
800,4,1.0,132
800,4,0.9127906976744186,172
800,4,1.0,143
800,4,0.3333333333333333,102
800,4,1.0,143
800,3,0.8198198198198198,111
800,4,0.9127906976744186,172
800,4,0.3333333333333333,102
800,4,0.8211920529801324,302
800,5,1.0,117
800,5,0.9873417721518988,158
800,5,0.08955223880597014,134
800,2,1.0,121
800,5,0.25263157894736843,190
800,2,1.0,112
800,5,1.0,151
800,5,1.0,151
800,5,1.0,151
800,5,1.0,151
800,2,1.0,88
800,2,1.0,95
800,2,1.0,101
800,2,1.0,118
800,2,1.0,80
800,2,1.0,129
800,5,0.90625,64
800,0,1.0,141
800,0,1.0,155
800,0,1.0,122
800,0,1.0,159
800,0,0.831081081081081,148
800,0,1.0,125
800,0,1.0,135
800,0,1.0,134
800,0,1.0,127
800,2,1.0,97
800,2,1.0,131
800,1,0.0915032679738562,153
800,1,0.0915032679738562,153
800,0,1.0,149
800,1,0.35514018691588783,214
800,1,0.35514018691588783,214
800,1,0.35514018691588783,214
800,1,0.35514018691588783,214
800,1,0.35514018691588783,214
800,1,0.35514018691588783,214
800,1,0.35514018691588783,214
800,1,0.35514018691588783,214
50,0,0.7550535077288941,3364
50,0,0.7550535077288941,3364
50,3,0.9442998438313378,1921
50,0,0.7550535077288941,3364
50,2,0.651193989804132,3727
50,2,0.24494649227110582,3364
50,2,0.9039130434782608,2300
50,0,0.7550535077288941,3364
50,0,0.7550535077288941,3364
50,3,0.08778877887788779,1515
50,0,0.9984455958549223,1930
50,0,0.9984455958549223,1930
50,3,1.0,2773
50,2,0.9975012493753124,2001
50,0,0.9776357827476039,1252
50,0,0.9984455958549223,1930
50,0,0.9776357827476039,1252
50,3,1.0,2167
50,3,0.9924852388620504,1863
50,3,1.0,2167
50,3,1.0,1808
50,3,1.0,2045
50,3,1.0,1808
50,2,1.0,2002
50,2,0.784,1500
50,2,1.0,2000
50,3,0.4558918222794591,1553
50,2,1.0,1675
50,2,1.0,1424
50,2,1.0,1424
100,0,0.9933665008291874,1206
100,0,0.9933665008291874,1206
100,3,0.8870481927710844,1328
100,0,0.9933665008291874,1206
100,2,0.6154708520179372,892
100,2,0.09041309431021044,1283
100,2,0.6154708520179372,892
100,0,0.9095869056897895,1283
100,0,0.9095869056897895,1283
100,3,0.9405737704918032,488
100,0,0.9965870307167235,879
100,0,1.0,1323
100,3,0.9592439456585942,1693
100,2,1.0,901
100,0,1.0,1323
100,0,1.0,1323
100,0,0.700709219858156,1410
100,3,1.0,850
100,3,1.0,802
100,3,1.0,1105
100,3,1.0,751
100,3,1.0,916
100,3,1.0,916
100,2,1.0,913
100,2,0.16483516483516483,1274
100,2,1.0,748
100,3,0.7746883988494727,1043
100,2,1.0,975
100,2,1.0,1289
100,2,1.0,1289
200,0,0.9966499162479062,597
200,0,0.8340486409155937,699
200,3,1.0,527
200,0,0.9966499162479062,597
200,2,0.33189655172413796,464
200,2,0.1659513590844063,699
200,2,1.0,493
200,0,0.8340486409155937,699
200,0,1.0,329
200,3,0.978494623655914,372
200,0,1.0,534
200,0,1.0,534
200,3,1.0,383
200,2,1.0,328
200,0,1.0,586
200,0,1.0,494
200,0,1.0,473
200,3,1.0,418
200,3,1.0,532
200,3,1.0,326
200,3,1.0,607
200,3,1.0,664
200,3,1.0,590
200,2,1.0,597
200,2,0.6746724890829694,458
200,2,1.0,540
200,3,0.9079646017699115,565
200,2,1.0,665
200,2,1.0,665
200,2,1.0,665
400,0,1.0,265
400,0,1.0,238
400,3,1.0,438
400,0,1.0,265
400,2,0.975,240
400,2,0.7450980392156863,153
400,2,0.4532710280373832,214
400,0,0.2549019607843137,153
400,0,1.0,253
400,3,0.4934210526315789,152
400,0,1.0,254
400,0,1.0,234
400,3,1.0,214
400,2,1.0,212
400,0,1.0,247
400,0,1.0,277
400,0,1.0,286
400,3,1.0,202
400,3,1.0,267
400,3,1.0,247
400,3,1.0,201
400,3,1.0,401
400,3,1.0,224
400,2,1.0,174
400,2,1.0,295
400,2,1.0,267
400,3,0.4635036496350365,274
400,2,1.0,266
400,2,1.0,378
400,2,1.0,276
800,0,1.0,127
800,0,1.0,118
800,3,1.0,132
800,0,1.0,129
800,2,0.9578947368421052,95
800,2,0.5643564356435643,202
800,2,1.0,126
800,0,0.43564356435643564,202
800,0,1.0,117
800,3,0.24731182795698925,93
800,0,1.0,127
800,0,1.0,122
800,3,1.0,109
800,2,1.0,94
800,0,1.0,111
800,0,0.8490566037735849,159
800,0,1.0,139
800,3,1.0,137
800,3,1.0,126
800,3,1.0,139
800,3,1.0,140
800,3,1.0,136
800,3,1.0,113
800,2,1.0,107
800,2,0.5766871165644172,163
800,2,1.0,124
800,3,0.6824324324324325,148
800,2,1.0,88
800,2,1.0,167
800,2,1.0,179
50,0,1.0,2056
50,2,0.9810874704491725,2115
50,3,0.8959687906371911,1538
50,0,0.23563218390804597,4524
50,0,1.0,1969
50,3,0.9730962152302781,2193
50,0,1.0,1969
50,3,0.9907692307692307,2275
50,3,0.8959687906371911,1538
50,3,0.9907692307692307,2275
50,3,0.7832071576049553,1453
50,3,0.7832071576049553,1453
50,0,0.8929440389294404,2877
50,0,1.0,1963
50,3,0.24862518089725036,3455
50,0,0.8929440389294404,2877
50,3,0.24862518089725036,3455
50,3,0.24862518089725036,3455
50,0,0.8929440389294404,2877
50,0,0.8929440389294404,2877
50,0,0.8929440389294404,2877
50,2,1.0,2303
50,1,0.9978804578211107,2359
50,2,0.999569151227919,2321
50,1,0.9978804578211107,2359
50,1,0.8952338129496403,2224
50,1,0.8952338129496403,2224
50,2,1.0,2356
50,2,1.0,2356
50,1,0.8952338129496403,2224
50,2,1.0,2078
50,1,1.0,2202
50,2,1.0,2356
50,1,1.0,1715
50,2,1.0,2429
50,2,0.9787573021773766,1883
50,1,1.0,1915
50,2,1.0,2429
50,1,1.0,2597
50,1,1.0,2302
100,0,1.0,1101
100,2,0.9166666666666666,1176
100,3,0.9929577464788732,994
100,0,0.14865550481988837,1971
100,0,1.0,951
100,3,1.0,799
100,0,1.0,1201
100,3,1.0,1208
100,3,0.9929577464788732,994
100,3,0.9888211382113821,984
100,3,0.6647058823529411,1360
100,3,0.6647058823529411,1360
100,0,1.0,1025
100,0,1.0,1206
100,3,0.6647058823529411,1360
100,0,1.0,1025
100,3,0.6647058823529411,1360
100,3,0.4323922734026746,673
100,0,0.9547270306258322,1502
100,0,0.9547270306258322,1502
100,0,0.9232283464566929,1016
100,2,1.0,925
100,1,1.0,996
100,2,1.0,894
100,1,1.0,1084
100,1,1.0,1130
100,1,1.0,1130
100,2,1.0,1030
100,2,1.0,1030
100,1,1.0,970
100,2,1.0,884
100,1,1.0,1103
100,2,1.0,1107
100,1,1.0,1052
100,2,1.0,1095
100,2,1.0,1187
100,1,1.0,1025
100,2,1.0,927
100,1,1.0,926
100,1,1.0,834
200,0,1.0,385
200,2,0.9452332657200812,493
200,3,0.9942418426103646,521
200,0,0.09902912621359224,515
200,0,1.0,385
200,3,1.0,548
200,0,1.0,455
200,3,1.0,386
200,3,0.9942418426103646,521
200,3,0.983739837398374,492
200,3,1.0,623
200,3,1.0,623
200,0,1.0,538
200,0,1.0,503
200,3,0.5367521367521367,585
200,0,1.0,487
200,3,0.5367521367521367,585
200,3,0.5367521367521367,585
200,0,1.0,608
200,0,1.0,608
200,0,1.0,459
200,2,1.0,425
200,1,1.0,431
200,2,1.0,467
200,1,1.0,504
200,1,1.0,539
200,1,1.0,483
200,2,1.0,494
200,2,1.0,494
200,1,1.0,483
200,2,1.0,522
200,1,1.0,417
200,2,1.0,471
200,1,1.0,526
200,2,1.0,450
200,2,1.0,450
200,1,1.0,463
200,2,1.0,504
200,1,1.0,503
200,1,1.0,436
400,0,1.0,219
400,2,1.0,245
400,3,1.0,261
400,0,0.9967213114754099,305
400,0,1.0,257
400,3,1.0,202
400,0,1.0,252
400,3,1.0,288
400,3,0.9952830188679245,212
400,3,1.0,296
400,3,1.0,217
400,3,1.0,233
400,0,1.0,262
400,0,1.0,256
400,3,0.8884615384615384,260
400,0,1.0,259
400,3,0.8884615384615384,260
400,3,0.8884615384615384,260
400,0,1.0,242
400,0,1.0,242
400,0,1.0,378
400,2,1.0,243
400,1,1.0,261
400,2,1.0,233
400,1,1.0,240
400,1,1.0,236
400,1,1.0,236
400,2,1.0,235
400,2,1.0,235
400,1,1.0,240
400,2,1.0,237
400,1,1.0,222
400,2,1.0,280
400,1,1.0,230
400,2,1.0,241
400,2,1.0,245
400,1,1.0,249
400,2,1.0,237
400,1,1.0,225
400,1,1.0,210
800,0,1.0,111
800,2,1.0,140
800,3,1.0,174
800,0,0.75,260
800,0,1.0,121
800,3,1.0,81
800,0,1.0,121
800,3,1.0,131
800,3,0.9767441860465116,129
800,3,1.0,122
800,3,1.0,127
800,3,1.0,127
800,0,1.0,192
800,0,1.0,121
800,3,1.0,134
800,0,1.0,124
800,3,0.9661016949152542,118
800,3,0.9661016949152542,118
800,0,1.0,137
800,0,1.0,137
800,0,1.0,128
800,2,1.0,128
800,1,1.0,141
800,2,1.0,136
800,1,1.0,123
800,1,1.0,146
800,1,1.0,146
800,2,1.0,140
800,2,1.0,140
800,1,1.0,121
800,2,1.0,123
800,1,1.0,121
800,2,1.0,138
800,1,1.0,121
800,2,1.0,116
800,2,1.0,123
800,1,1.0,124
800,2,1.0,137
800,1,1.0,132
800,1,1.0,149
50,1,0.6627488606380427,4169
50,0,0.6124382207578254,2428
50,0,0.6124382207578254,2428
50,0,0.6124382207578254,2428
50,0,0.6124382207578254,2428
50,5,0.3094267210362197,4169
50,5,0.3094267210362197,4169
50,0,0.6124382207578254,2428
50,1,1.0,2216
50,5,0.3875617792421746,2428
50,5,0.3875617792421746,2428
50,5,0.3875617792421746,2428
50,0,0.7492507492507493,2002
50,5,0.06170966110268083,1977
50,5,0.24925074925074925,2002
50,5,0.3875617792421746,2428
50,5,0.3875617792421746,2428
50,5,0.24925074925074925,2002
50,0,0.7492507492507493,2002
50,0,0.7492507492507493,2002
50,1,1.0,1738
50,0,0.08226567768037761,1483
50,1,1.0,1738
50,0,0.7492507492507493,2002
50,1,1.0,1921
50,1,0.998088867654085,2093
50,1,1.0,1777
50,1,1.0,2263
50,1,1.0,2117
50,2,0.994008388256441,1669
50,2,0.994008388256441,1669
50,2,0.2757130509939499,2314
50,3,0.7242869490060502,2314
50,3,0.7242869490060502,2314
50,3,0.7242869490060502,2314
50,3,0.25162689804772237,2766
50,3,0.25162689804772237,2766
50,1,0.8226101075705298,4927
50,2,1.0,2423
50,3,0.1829787234042553,2115
50,3,0.9736103312745649,1781
50,2,1.0,1466
50,3,0.25162689804772237,2766
50,3,0.9736103312745649,1781
50,2,1.0,2423
50,2,1.0,1466
50,3,0.9736103312745649,1781
50,2,1.0,2423
50,2,1.0,2423
50,2,1.0,1466
100,1,1.0,1096
100,0,0.6574585635359116,543
100,0,0.6204217536071032,901
100,0,0.6574585635359116,543
100,0,0.40396158463385357,1666
100,5,0.9972451790633609,726
100,5,0.9972451790633609,726
100,0,0.6204217536071032,901
100,1,1.0,795
100,5,0.3795782463928968,901
100,5,0.3795782463928968,901
100,5,0.5960384153661464,1666
100,0,0.7887517146776406,729
100,5,0.12318840579710146,966
100,5,0.5960384153661464,1666
100,5,0.5960384153661464,1666
100,5,0.5960384153661464,1666
100,5,0.5960384153661464,1666
100,0,0.7887517146776406,729
100,0,0.7887517146776406,729
100,1,1.0,1020
100,0,0.04388422035480859,1071
100,1,1.0,611
100,0,0.6303348653972423,1523
100,1,1.0,876
100,1,0.9755102040816327,735
100,1,1.0,1024
100,1,1.0,1040
100,1,1.0,923
100,2,1.0,999
100,2,0.9745762711864406,590
100,2,0.9745762711864406,590
100,3,0.8155339805825242,721
100,3,0.8155339805825242,721
100,3,0.9539877300613497,652
100,3,0.815968841285297,1027
100,3,0.815968841285297,1027
100,1,1.0,989
100,2,1.0,847
100,3,0.9539877300613497,652
100,3,0.815968841285297,1027
100,2,1.0,856
100,3,0.5857438016528925,968
100,3,1.0,847
100,2,1.0,1160
100,2,1.0,856
100,3,0.5857438016528925,968
100,2,1.0,1160
100,2,1.0,1226
100,2,1.0,856
200,1,1.0,478
200,0,0.6957928802588996,618
200,0,0.4464075382803298,849
200,0,0.6957928802588996,618
200,0,0.6957928802588996,618
200,5,1.0,466
200,5,1.0,466
200,0,0.4464075382803298,849
200,1,1.0,275
200,5,0.44051825677267376,849
200,5,0.44051825677267376,849
200,5,0.7762762762762763,666
200,0,0.6474576271186441,590
200,5,0.44051825677267376,849
200,5,0.3525423728813559,590
200,5,0.7762762762762763,666
200,5,0.7762762762762763,666
200,5,0.3525423728813559,590
200,0,0.705078125,512
200,0,0.705078125,512
200,1,1.0,533
200,0,0.07195571955719557,542
200,1,1.0,533
200,0,0.8962848297213623,646
200,1,1.0,616
200,1,1.0,454
200,1,1.0,863
200,1,1.0,416
200,1,1.0,533
200,2,0.9983471074380166,605
200,2,0.9864176570458404,589
200,2,0.9864176570458404,589
200,3,0.8478915662650602,664
200,3,0.8478915662650602,664
200,3,0.8923841059602649,604
200,3,0.89198606271777,574
200,3,0.89198606271777,574
200,1,1.0,583
200,2,1.0,618
200,3,0.9584199584199584,481
200,3,1.0,586
200,2,0.4959266802443992,982
200,3,0.10150891632373114,729
200,3,0.9584199584199584,481
200,2,1.0,702
200,2,0.4959266802443992,982
200,3,0.6233009708737864,515
200,2,1.0,702
200,2,1.0,526
200,2,0.9982046678635548,557
400,1,1.0,226
400,0,0.7709251101321586,227
400,0,1.0,261
400,0,0.7709251101321586,227
400,0,1.0,233
400,5,1.0,430
400,5,1.0,241
400,0,0.7952941176470588,425
400,1,1.0,256
400,5,1.0,148
400,5,0.9671361502347418,213
400,5,0.4484304932735426,223
400,0,0.8016877637130801,237
400,5,0.2669683257918552,221
400,5,1.0,265
400,5,0.8362369337979094,287
400,5,0.8362369337979094,287
400,5,1.0,265
400,0,0.8764478764478765,259
400,0,0.8764478764478765,259
400,1,1.0,244
400,0,0.11587982832618025,233
400,1,1.0,223
400,0,0.9964664310954063,283
400,1,1.0,176
400,1,1.0,255
400,1,1.0,243
400,1,1.0,228
400,1,1.0,217
400,2,1.0,252
400,2,1.0,276
400,2,1.0,276
400,3,0.674074074074074,270
400,3,0.674074074074074,270
400,3,1.0,246
400,3,1.0,255
400,3,1.0,255
400,1,1.0,310
400,2,1.0,299
400,3,1.0,238
400,3,1.0,190
400,2,1.0,254
400,3,0.5732217573221757,239
400,3,1.0,250
400,2,1.0,271
400,2,1.0,254
400,3,0.873015873015873,252
400,2,1.0,280
400,2,1.0,287
400,2,1.0,410
800,1,1.0,120
800,0,0.9859154929577465,142
800,0,1.0,144
800,0,0.9859154929577465,142
800,0,0.3561643835616438,146
800,5,1.0,148
800,5,1.0,104
800,0,0.8507462686567164,134
800,1,1.0,120
800,5,1.0,85
800,5,0.9767441860465116,129
800,5,0.717741935483871,124
800,0,0.5826086956521739,115
800,5,0.2014388489208633,139
800,5,1.0,134
800,5,0.6722689075630253,119
800,5,0.9920634920634921,126
800,5,1.0,140
800,0,0.8306451612903226,124
800,0,1.0,136
800,1,1.0,134
800,0,0.09848484848484848,132
800,1,1.0,129
800,0,0.09174311926605505,109
800,1,1.0,100
800,1,1.0,123
800,1,1.0,127
800,1,1.0,140
800,1,1.0,121
800,2,1.0,131
800,2,1.0,150
800,2,1.0,150
800,3,0.5641025641025641,156
800,3,0.823170731707317,164
800,3,0.984,125
800,3,1.0,149
800,3,1.0,149
800,1,1.0,135
800,2,1.0,156
800,3,1.0,109
800,3,1.0,140
800,2,1.0,129
800,3,0.35664335664335667,143
800,3,1.0,132
800,2,1.0,147
800,2,1.0,257
800,3,1.0,144
800,2,1.0,161
800,2,1.0,132
800,2,1.0,257
50,0,0.4313304721030043,1864
50,0,0.9915966386554622,2142
50,0,0.9915966386554622,2142
50,2,0.9070723684210527,1216
50,2,0.9826127819548872,2128
50,2,0.9826127819548872,2128
50,0,0.9915966386554622,2142
50,0,0.9915966386554622,2142
50,2,0.9826127819548872,2128
50,2,0.9826127819548872,2128
50,0,0.09292763157894737,1216
50,0,1.0,1289
50,2,0.9070723684210527,1216
50,0,0.9915966386554622,2142
50,2,0.7268795741849634,3006
50,2,0.6550983899821109,2795
50,2,0.8938053097345132,1695
50,0,0.8422680412371134,1940
50,0,0.28888888888888886,2115
50,2,0.6550983899821109,2795
50,1,0.9973506743737958,4152
50,1,0.9973506743737958,4152
50,1,0.9996349032493611,2739
50,1,1.0,1977
50,1,0.9996349032493611,2739
50,1,1.0,2332
50,1,1.0,2963
50,1,1.0,1724
50,1,1.0,1829
50,1,1.0,3279
100,0,0.9959016393442623,488
100,0,1.0,1060
100,0,1.0,1060
100,2,1.0,566
100,2,0.9955634427684117,1127
100,2,0.9955634427684117,1127
100,0,1.0,862
100,0,1.0,862
100,2,0.8846459824980112,1257
100,2,0.9955634427684117,1127
100,0,0.9070904645476773,818
100,0,1.0,833
100,2,0.8883720930232558,1075
100,0,0.9821200510855683,783
100,2,0.9989626556016598,964
100,2,0.7579462102689487,1227
100,2,0.8385146804835925,1158
100,0,0.9151515151515152,825
100,0,0.7212643678160919,696
100,2,1.0,754
100,1,0.9947249434815373,1327
100,1,1.0,726
100,1,1.0,1101
100,1,1.0,1030
100,1,1.0,1101
100,1,1.0,794
100,1,1.0,1269
100,1,1.0,821
100,1,1.0,892
100,1,1.0,1453
200,0,0.9977827050997783,451
200,0,1.0,612
200,0,1.0,612
200,2,1.0,478
200,2,1.0,572
200,2,0.9309734513274336,565
200,0,1.0,612
200,0,1.0,612
200,2,0.9309734513274336,565
200,2,1.0,572
200,0,0.9763157894736842,380
200,0,1.0,529
200,2,1.0,478
200,0,0.98828125,512
200,2,1.0,624
200,2,1.0,309
200,2,0.7466960352422908,908
200,0,0.989100817438692,367
200,0,0.7433035714285714,448
200,2,1.0,383
200,1,0.9968354430379747,632
200,1,1.0,730
200,1,1.0,253
200,1,1.0,728
200,1,1.0,253
200,1,1.0,421
200,1,1.0,520
200,1,1.0,465
200,1,1.0,506
200,1,1.0,447
400,0,1.0,198
400,0,1.0,221
400,0,1.0,221
400,2,1.0,294
400,2,1.0,276
400,2,0.8685897435897436,312
400,0,1.0,190
400,0,1.0,190
400,2,1.0,249
400,2,1.0,213
400,0,0.9920634920634921,126
400,0,1.0,216
400,2,0.8785046728971962,214
400,0,0.9479166666666666,192
400,2,1.0,219
400,2,1.0,272
400,2,0.8893129770992366,262
400,0,0.973404255319149,188
400,0,0.8105726872246696,227
400,2,1.0,186
400,1,1.0,256
400,1,1.0,155
400,1,1.0,222
400,1,1.0,242
400,1,1.0,222
400,1,1.0,185
400,1,1.0,216
400,1,1.0,278
400,1,1.0,241
400,1,1.0,271
800,0,0.56,150
800,0,1.0,124
800,0,1.0,124
800,2,1.0,208
800,2,1.0,126
800,2,1.0,142
800,0,1.0,143
800,0,1.0,106
800,2,1.0,142
800,2,1.0,111
800,0,1.0,82
800,0,1.0,163
800,2,0.9144736842105263,152
800,0,0.9852941176470589,136
800,2,1.0,128
800,2,1.0,136
800,2,0.9586206896551724,145
800,0,0.9913793103448276,116
800,0,0.5739130434782609,115
800,2,1.0,131
800,1,1.0,109
800,1,1.0,118
800,1,1.0,124
800,1,1.0,126
800,1,1.0,124
800,1,1.0,138
800,1,1.0,138
800,1,1.0,140
800,1,1.0,115
800,1,1.0,108
50,2,1.0,2073
50,2,1.0,2188
50,3,1.0,2218
50,2,1.0,2321
50,3,1.0,1677
50,2,0.9889819303658,2269
50,2,1.0,2001
50,3,0.9932185706833594,1917
50,3,0.9932185706833594,1917
50,2,0.7759493670886076,1580
50,3,1.0,1468
50,3,0.9888268156424581,1611
50,3,1.0,1611
50,3,1.0,1606
50,2,1.0,2123
50,3,0.6620352985354863,2663
50,2,0.8555431131019037,1786
50,3,0.6620352985354863,2663
50,2,1.0,1228
50,2,1.0,2315
100,2,1.0,1083
100,2,1.0,974
100,3,1.0,1130
100,2,1.0,1060
100,3,1.0,1374
100,2,0.9828734538534729,1051
100,2,1.0,1060
100,3,0.9984591679506933,649
100,3,1.0,795
100,2,0.869281045751634,765
100,3,1.0,689
100,3,1.0,668
100,3,1.0,895
100,3,1.0,885
100,2,1.0,937
100,3,1.0,909
100,2,1.0,1157
100,3,0.3055555555555556,972
100,2,1.0,553
100,2,1.0,941
200,2,1.0,476
200,2,1.0,433
200,3,1.0,592
200,2,1.0,415
200,3,1.0,483
200,2,1.0,489
200,2,1.0,386
200,3,1.0,419
200,3,1.0,509
200,2,0.8288135593220339,590
200,3,1.0,257
200,3,1.0,494
200,3,1.0,307
200,3,1.0,610
200,2,1.0,506
200,3,1.0,562
200,2,1.0,539
200,3,0.6574225122349103,613
200,2,1.0,453
200,2,1.0,432
400,2,1.0,224
400,2,1.0,214
400,3,1.0,282
400,2,1.0,230
400,3,1.0,255
400,2,0.9420289855072463,207
400,2,1.0,210
400,3,1.0,172
400,3,1.0,181
400,2,1.0,160
400,3,1.0,185
400,3,1.0,281
400,3,1.0,224
400,3,1.0,211
400,2,1.0,225
400,3,1.0,243
400,2,1.0,258
400,3,1.0,237
400,2,1.0,189
400,2,1.0,228
800,2,1.0,119
800,2,1.0,114
800,3,1.0,111
800,2,1.0,131
800,3,1.0,140
800,2,1.0,140
800,2,1.0,125
800,3,1.0,107
800,3,1.0,143
800,2,1.0,99
800,3,1.0,104
800,3,1.0,73
800,3,1.0,92
800,3,1.0,122
800,2,1.0,113
800,3,1.0,147
800,2,1.0,142
800,3,1.0,145
800,2,1.0,94
800,2,1.0,157
50,0,1.0,1438
50,4,0.09864944216089254,1703
50,4,0.6472125435540069,3444
50,0,1.0,2024
50,4,0.6472125435540069,3444
50,4,0.6472125435540069,3444
50,4,0.6472125435540069,3444
50,4,0.6472125435540069,3444
50,4,0.6472125435540069,3444
50,4,0.6472125435540069,3444
50,4,0.6472125435540069,3444
50,4,0.6472125435540069,3444
50,0,1.0,1849
50,0,1.0,1475
50,0,1.0,3083
50,2,0.9038919777601271,1259
50,2,0.9038919777601271,1259
50,2,0.9038919777601271,1259
50,2,0.9522197140707299,2658
50,0,0.9934052757793765,1668
50,0,1.0,2095
50,0,1.0,1832
50,2,0.9522197140707299,2658
50,0,1.0,1960
50,2,0.9742424242424242,1980
50,0,1.0,2256
50,2,0.8934472934472935,1755
50,2,0.9742424242424242,1980
50,2,0.9742424242424242,1980
50,2,0.8934472934472935,1755
100,0,0.7594846098783107,1397
100,4,0.18198037466547726,1121
100,4,0.9273167777104785,1651
100,0,1.0,887
100,4,0.9273167777104785,1651
100,4,0.9273167777104785,1651
100,4,0.9273167777104785,1651
100,4,0.9273167777104785,1651
100,4,0.9142053445850914,711
100,4,0.9142053445850914,711
100,4,0.9142053445850914,711
100,4,0.9142053445850914,711
100,0,1.0,844
100,0,1.0,882
100,0,1.0,1105
100,2,0.6187943262411347,564
100,2,0.6187943262411347,564
100,2,0.9751724137931035,725
100,2,0.7902374670184696,1516
100,0,0.9963735267452403,1103
100,0,1.0,1040
100,0,1.0,973
100,2,0.9746227709190672,1458
100,0,1.0,970
100,2,0.996996996996997,999
100,0,1.0,992
100,2,0.9024199843871975,1281
100,2,0.9570957095709571,909
100,2,0.996996996996997,999
100,2,0.9024199843871975,1281
200,0,1.0,608
200,4,0.29493087557603687,434
200,4,0.9590818363273453,1002
200,0,1.0,432
200,4,0.9590818363273453,1002
200,4,0.9590818363273453,1002
200,4,0.9551166965888689,557
200,4,0.9551166965888689,557
200,4,0.931899641577061,279
200,4,0.9551166965888689,557
200,4,0.9551166965888689,557
200,4,0.931899641577061,279
200,0,1.0,487
200,0,1.0,775
200,0,1.0,499
200,2,0.989010989010989,273
200,2,0.989010989010989,273
200,2,0.9980237154150198,506
200,2,0.9944954128440368,545
200,0,1.0,610
200,0,1.0,501
200,0,1.0,451
200,2,0.9594594594594594,444
200,0,1.0,258
200,2,0.9773519163763066,574
200,0,1.0,424
200,2,0.8162729658792651,381
200,2,0.9971631205673759,705
200,2,0.9971631205673759,705
200,2,0.9119601328903655,602
400,0,1.0,297
400,4,0.34074074074074073,405
400,4,1.0,334
400,0,1.0,226
400,4,1.0,334
400,4,1.0,334
400,4,1.0,151
400,4,1.0,151
400,4,0.9537037037037037,324
400,4,0.9560185185185185,432
400,4,0.9560185185185185,432
400,4,0.9537037037037037,324
400,0,1.0,228
400,0,1.0,236
400,0,1.0,212
400,2,0.2857142857142857,196
400,2,1.0,171
400,2,1.0,308
400,2,1.0,179
400,0,1.0,280
400,0,1.0,222
400,0,1.0,188
400,2,0.8990825688073395,327
400,0,1.0,240
400,2,1.0,215
400,0,1.0,230
400,2,0.7134146341463414,164
400,2,1.0,237
400,2,1.0,237
400,2,0.9587628865979382,194
800,0,1.0,136
800,4,1.0,168
800,4,1.0,131
800,0,1.0,102
800,4,0.9788135593220338,236
800,4,0.9788135593220338,236
800,4,1.0,119
800,4,1.0,119
800,4,1.0,137
800,4,1.0,121
800,4,0.9891891891891892,185
800,4,1.0,137
800,0,1.0,132
800,0,1.0,111
800,0,1.0,120
800,2,0.991304347826087,115
800,2,0.991304347826087,115
800,2,1.0,73
800,2,1.0,104
800,0,1.0,135
800,0,1.0,130
800,0,1.0,125
800,2,0.9459459459459459,148
800,0,1.0,120
800,2,1.0,156
800,0,1.0,256
800,2,0.7711864406779662,118
800,2,1.0,174
800,2,1.0,174
800,2,0.9646017699115044,113
50,5,1.0,3832
50,5,0.9628496503496503,2288
50,5,1.0,2883
50,1,0.9987883683360258,2476
50,5,1.0,1448
50,1,0.16422018348623854,1090
50,1,0.9987883683360258,2476
50,5,1.0,1827
50,1,0.9987883683360258,2476
50,5,1.0,2520
50,1,0.9987883683360258,2476
50,1,0.9987883683360258,2476
50,1,0.9854662898667743,2477
50,1,0.9854662898667743,2477
50,5,1.0,2357
50,1,0.9854662898667743,2477
50,1,0.9854662898667743,2477
50,5,0.987489574645538,1199
50,5,0.9973474801061007,2639
50,5,1.0,2208
100,5,1.0,1617
100,5,1.0,553
100,5,1.0,2010
100,1,1.0,546
100,5,1.0,1124
100,1,0.11693290734824281,1565
100,1,1.0,546
100,5,0.8830670926517572,1565
100,1,0.9966722129783694,1202
100,5,1.0,1153
100,1,0.9905956112852664,1276
100,1,0.9905956112852664,1276
100,1,0.9650190114068441,1315
100,1,0.9650190114068441,1315
100,5,1.0,1163
100,1,0.9926739926739927,1092
100,1,0.9650190114068441,1315
100,5,1.0,794
100,5,1.0,1160
100,5,1.0,799
200,5,1.0,852
200,5,1.0,694
200,5,1.0,415
200,1,1.0,607
200,5,1.0,406
200,1,0.03288201160541586,517
200,1,1.0,607
200,5,0.9671179883945842,517
200,1,0.924433249370277,397
200,5,1.0,513
200,1,1.0,791
200,1,1.0,791
200,1,0.9983844911147012,619
200,1,0.9983844911147012,619
200,5,1.0,494
200,1,0.9954545454545455,440
200,1,0.8704663212435233,386
200,5,1.0,736
200,5,1.0,766
200,5,1.0,428
400,5,1.0,313
400,5,1.0,376
400,5,1.0,509
400,1,1.0,258
400,5,1.0,302
400,1,0.2372159090909091,704
400,1,1.0,258
400,5,1.0,230
400,1,0.9695431472081218,197
400,5,1.0,246
400,1,1.0,284
400,1,1.0,284
400,1,1.0,260
400,1,0.836,250
400,5,1.0,394
400,1,1.0,299
400,1,1.0,293
400,5,1.0,237
400,5,1.0,306
400,5,1.0,202
800,5,1.0,177
800,5,1.0,128
800,5,1.0,246
800,1,1.0,137
800,5,1.0,120
800,1,0.3870967741935484,217
800,1,1.0,135
800,5,1.0,133
800,1,1.0,120
800,5,1.0,121
800,1,1.0,157
800,1,1.0,125
800,1,1.0,131
800,1,1.0,110
800,5,1.0,150
800,1,0.9817351598173516,219
800,1,1.0,144
800,5,1.0,172
800,5,1.0,179
800,5,1.0,131
50,2,0.1844172164624568,3183
50,0,0.8155827835375432,3183
50,2,0.9423994546693933,2934
50,2,0.5312977099236641,1965
50,2,0.5312977099236641,1965
50,3,0.4687022900763359,1965
50,0,1.0,2728
50,3,0.837457337883959,2344
50,3,1.0,2057
50,0,1.0,1732
50,3,1.0,2057
50,2,0.7588752196836556,2845
50,3,1.0,2233
50,2,0.7588752196836556,2845
50,3,0.9937027707808564,1588
50,3,1.0,1599
50,0,1.0,1900
50,3,0.9854046881910659,2261
50,2,0.5832606800348736,3441
50,3,0.3961057832025574,3441
50,2,0.2920997920997921,962
50,3,0.6069389547650417,2277
50,2,0.5832606800348736,3441
50,2,0.2920997920997921,962
50,0,1.0,2006
50,0,0.888208269525268,1306
50,0,0.8880475932936722,1849
50,0,1.0,1801
50,0,1.0,1801
50,0,1.0,1875
100,2,0.9166666666666666,504
100,0,1.0,779
100,2,0.9008264462809917,1089
100,2,0.5877329192546584,1288
100,2,0.5877329192546584,1288
100,3,0.41226708074534163,1288
100,0,1.0,1136
100,3,1.0,1221
100,3,0.9564164648910412,826
100,0,1.0,1015
100,3,1.0,1017
100,2,0.8423236514522822,1205
100,3,1.0,1883
100,2,0.5830065359477125,765
100,3,0.9140969162995595,908
100,3,1.0,1883
100,0,1.0,930
100,3,0.9957761351636748,947
100,2,0.12595097210481826,1183
100,3,0.8740490278951818,1183
100,2,0.23202614379084968,612
100,3,0.9441233140655106,1038
100,2,0.5285306704707561,1402
100,2,0.5285306704707561,1402
100,0,1.0,1223
100,0,0.9652351738241309,978
100,0,1.0,1006
100,0,1.0,907
100,0,1.0,799
100,0,1.0,745
200,2,0.1755485893416928,319
200,0,1.0,446
200,2,0.8542141230068337,439
200,2,0.9780701754385965,456
200,2,0.9780701754385965,456
200,3,0.5654761904761905,504
200,0,1.0,544
200,3,1.0,637
200,3,1.0,512
200,0,1.0,470
200,3,1.0,506
200,2,0.7392241379310345,464
200,3,1.0,321
200,2,0.922509225092251,542
200,3,0.8721973094170403,446
200,3,1.0,1187
200,0,1.0,545
200,3,1.0,568
200,2,0.988527724665392,523
200,3,1.0,469
200,2,0.6817204301075269,465
200,3,0.9872159090909091,704
200,2,0.7880085653104925,467
200,2,0.5552884615384616,416
200,0,1.0,619
200,0,1.0,741
200,0,1.0,481
200,0,1.0,503
200,0,1.0,509
200,0,1.0,518
400,2,0.9447236180904522,199
400,0,1.0,212
400,2,1.0,243
400,2,1.0,200
400,2,1.0,200
400,3,0.37130801687763715,237
400,0,1.0,229
400,3,1.0,293
400,3,1.0,346
400,0,1.0,228
400,3,1.0,245
400,2,0.8109090909090909,275
400,3,1.0,219
400,2,0.8402061855670103,194
400,3,0.7394636015325671,261
400,3,1.0,201
400,0,1.0,233
400,3,1.0,228
400,2,0.3,240
400,3,1.0,253
400,2,0.42592592592592593,216
400,3,1.0,188
400,2,0.8563049853372434,341
400,2,0.5904761904761905,315
400,0,1.0,383
400,0,1.0,186
400,0,1.0,235
400,0,1.0,245
400,0,1.0,238
400,0,1.0,222
800,2,0.9711538461538461,104
800,0,1.0,136
800,2,1.0,109
800,2,1.0,138
800,2,1.0,101
800,3,0.16111111111111112,180
800,0,1.0,129
800,3,1.0,126
800,3,1.0,132
800,0,1.0,121
800,3,1.0,97
800,2,1.0,117
800,3,1.0,116
800,2,0.8157894736842105,114
800,3,1.0,122
800,3,1.0,166
800,0,1.0,118
800,3,1.0,132
800,2,0.8230088495575221,113
800,3,1.0,128
800,2,0.8048780487804879,123
800,3,1.0,84
800,2,1.0,128
800,2,0.8757396449704142,169
800,0,1.0,172
800,0,1.0,126
800,0,1.0,131
800,0,1.0,133
800,0,1.0,167
800,0,1.0,164
