strategy,class,dist_to_boundary,local_purity
uniform,3,13.892443656921387,1.0
uniform,3,13.152946472167969,1.0
uniform,3,2.8284270763397217,0.8347107438016529
uniform,2,85.23497009277344,1.0
uniform,2,149.46571350097656,1.0
uniform,2,63.5688591003418,1.0
uniform,3,8.0,1.0
uniform,3,12.0,1.0
uniform,2,105.9292221069336,1.0
uniform,3,38.0,1.0
uniform,2,120.30377960205078,1.0
uniform,3,26.419689178466797,1.0
uniform,3,24.698177337646484,1.0
uniform,3,20.51828384399414,1.0
uniform,2,87.132080078125,1.0
uniform,2,137.64447021484375,1.0
uniform,2,107.05606079101562,1.0
uniform,2,33.541019439697266,1.0
uniform,3,17.0,1.0
uniform,2,2.0,0.6818181818181818
boundary,2,0.0,0.6528925619834711
boundary,3,10.816654205322266,1.0
boundary,2,166.30093383789062,1.0
boundary,2,74.24284362792969,1.0
boundary,2,77.79460144042969,1.0
boundary,3,1.0,0.628099173553719
boundary,2,2.0,0.7933884297520661
boundary,3,1.0,0.6363636363636364
boundary,2,18.0,1.0
boundary,3,0.0,0.5371900826446281
boundary,3,6.324555397033691,1.0
boundary,3,1.0,0.5950413223140496
boundary,3,4.4721360206604,0.9204545454545454
boundary,2,31.764760971069336,1.0
boundary,2,47.434165954589844,1.0
boundary,2,8.9442720413208,1.0
boundary,3,3.1622776985168457,0.8677685950413223
boundary,3,9.848857879638672,1.0
boundary,3,1.4142135381698608,0.6859504132231405
boundary,2,15.29705810546875,1.0
interior,3,20.2237491607666,1.0
interior,3,6.324555397033691,1.0
interior,2,226.01991271972656,1.0
interior,3,15.132745742797852,1.0
interior,3,7.211102485656738,1.0
interior,2,197.46392822265625,1.0
interior,2,220.43592834472656,1.0
interior,2,203.3642120361328,1.0
interior,2,233.06007385253906,1.0
interior,2,202.0816650390625,1.0
interior,2,163.41664123535156,1.0
interior,2,178.48809814453125,1.0
interior,3,18.681541442871094,1.0
interior,3,18.027755737304688,1.0
interior,3,20.615528106689453,1.0
interior,3,25.495098114013672,1.0
interior,3,25.05992889404297,1.0
interior,2,105.07616424560547,1.0
interior,2,12.806248664855957,1.0
interior,3,11.661903381347656,1.0
uniform,2,249.03211975097656,1.0
uniform,3,5.385164737701416,0.9848484848484849
uniform,2,141.15240478515625,1.0
uniform,3,2.8284270763397217,0.7424242424242424
uniform,2,19.0,1.0
uniform,2,31.764760971069336,1.0
uniform,2,73.23933410644531,1.0
uniform,3,0.0,0.5537190082644629
uniform,3,6.7082037925720215,1.0
uniform,3,10.049875259399414,1.0
uniform,2,72.00694274902344,1.0
uniform,3,4.123105525970459,0.9421487603305785
uniform,3,25.317977905273438,1.0
uniform,3,24.59674835205078,1.0
uniform,2,89.0,1.0
uniform,2,1.4142135381698608,0.7272727272727273
uniform,2,46.27094268798828,1.0
uniform,2,65.19202423095703,1.0
uniform,3,13.03840446472168,1.0
uniform,3,1.4142135381698608,0.7024793388429752
boundary,3,2.0,0.7355371900826446
boundary,3,1.0,0.6611570247933884
boundary,3,3.1622776985168457,0.8677685950413223
boundary,2,62.64183807373047,1.0
boundary,2,49.40647888183594,1.0
boundary,2,21.470911026000977,1.0
boundary,2,2.8284270763397217,0.8512396694214877
boundary,3,1.0,0.6767676767676768
boundary,2,81.58431243896484,1.0
boundary,3,0.0,0.5371900826446281
boundary,3,6.324555397033691,1.0
boundary,3,14.866068840026855,1.0
boundary,2,87.66413116455078,1.0
boundary,2,92.00543212890625,1.0
boundary,2,29.4108829498291,1.0
boundary,2,23.409399032592773,1.0
boundary,3,8.246211051940918,1.0
boundary,2,27.20294189453125,1.0
boundary,3,2.0,0.7603305785123967
boundary,3,1.0,0.5252525252525253
interior,2,128.87591552734375,1.0
interior,2,209.773681640625,1.0
interior,2,206.6494598388672,1.0
interior,2,123.32882690429688,1.0
interior,2,206.73654174804688,1.0
interior,2,202.765869140625,1.0
interior,2,197.76754760742188,1.0
interior,2,177.71043395996094,1.0
interior,3,22.022714614868164,1.0
interior,2,190.8821563720703,1.0
interior,3,25.0,1.0
interior,3,21.02379608154297,1.0
interior,2,162.56076049804688,1.0
interior,3,29.0,1.0
interior,3,30.805843353271484,1.0
interior,3,29.546573638916016,1.0
interior,3,31.95309066772461,1.0
interior,3,27.294687271118164,1.0
interior,3,2.2360680103302,0.7768595041322314
interior,3,11.0,1.0
uniform,3,6.7082037925720215,1.0
uniform,2,87.46427917480469,1.0
uniform,2,2.8284270763397217,0.8429752066115702
uniform,2,1.0,0.6363636363636364
uniform,3,4.4721360206604,0.9586776859504132
uniform,2,146.66969299316406,1.0
uniform,3,17.0,1.0
uniform,3,22.847318649291992,1.0
uniform,3,7.071067810058594,1.0
uniform,3,22.472204208374023,1.0
uniform,3,4.4721360206604,0.9586776859504132
uniform,2,149.77316284179688,1.0
uniform,3,3.605551242828369,0.9008264462809917
uniform,2,110.44002532958984,1.0
uniform,3,2.8284270763397217,0.8347107438016529
uniform,2,38.94868469238281,1.0
uniform,2,36.67424011230469,1.0
uniform,2,19.92485809326172,1.0
uniform,2,69.87130737304688,1.0
uniform,3,6.7082037925720215,1.0
boundary,3,5.830951690673828,0.990909090909091
boundary,3,5.385164737701416,0.9834710743801653
boundary,2,59.81638717651367,1.0
boundary,2,62.2414665222168,1.0
boundary,3,9.848857879638672,1.0
boundary,3,9.0,1.0
boundary,3,4.4721360206604,0.9504132231404959
boundary,2,18.384777069091797,1.0
boundary,3,4.123105525970459,0.9173553719008265
boundary,2,50.32891845703125,1.0
boundary,3,7.211102485656738,1.0
boundary,2,67.5425796508789,1.0
boundary,2,64.66065216064453,1.0
boundary,2,33.970577239990234,1.0
boundary,2,18.439088821411133,1.0
boundary,3,1.0,0.5785123966942148
boundary,3,6.0,1.0
boundary,2,91.3509750366211,1.0
boundary,3,0.0,0.5371900826446281
boundary,2,31.256999969482422,1.0
interior,3,8.9442720413208,1.0
interior,2,94.64142608642578,1.0
interior,2,199.36148071289062,1.0
interior,2,223.37860107421875,1.0
interior,2,59.36328887939453,1.0
interior,2,251.20509338378906,1.0
interior,2,249.09837341308594,1.0
interior,2,240.1103973388672,1.0
interior,2,193.25889587402344,1.0
interior,3,2.8284270763397217,0.8099173553719008
interior,3,15.524174690246582,1.0
interior,3,24.59674835205078,1.0
interior,3,27.20294189453125,1.0
interior,3,37.336307525634766,1.0
interior,3,31.95309066772461,1.0
interior,3,36.2353401184082,1.0
interior,2,1.4142135381698608,0.6942148760330579
interior,2,106.21205139160156,1.0
interior,3,9.0,1.0
interior,3,2.0,0.768595041322314
uniform,2,43.416587829589844,1.0
uniform,2,205.08778381347656,1.0
uniform,3,0.0,0.5785123966942148
uniform,2,236.72979736328125,1.0
uniform,2,107.33126068115234,1.0
uniform,2,71.30918884277344,1.0
uniform,3,1.4142135381698608,0.6942148760330579
uniform,2,77.27871704101562,1.0
uniform,3,1.0,0.6198347107438017
uniform,3,3.0,0.8512396694214877
uniform,3,7.6157732009887695,1.0
uniform,2,68.70953369140625,1.0
uniform,3,23.323806762695312,1.0
uniform,3,8.9442720413208,1.0
uniform,2,66.18912506103516,1.0
uniform,2,22.090721130371094,1.0
uniform,3,1.0,0.6115702479338843
uniform,3,2.0,0.7272727272727273
uniform,2,2.8284270763397217,0.8842975206611571
uniform,3,10.29563045501709,1.0
boundary,2,44.65422821044922,1.0
boundary,2,55.02726745605469,1.0
boundary,2,18.357559204101562,1.0
boundary,3,0.0,0.512396694214876
boundary,2,129.5569305419922,1.0
boundary,2,0.0,0.5454545454545454
boundary,3,10.770329475402832,1.0
boundary,3,4.123105525970459,0.9256198347107438
boundary,3,10.630146026611328,1.0
boundary,2,21.931713104248047,1.0
boundary,2,6.4031243324279785,1.0
boundary,2,69.1158447265625,1.0
boundary,2,54.625999450683594,1.0
boundary,2,25.01999282836914,1.0
boundary,3,1.4142135381698608,0.6611570247933884
boundary,3,6.324555397033691,1.0
boundary,3,2.8284270763397217,0.8264462809917356
boundary,3,9.848857879638672,1.0
boundary,3,2.0,0.7520661157024794
boundary,3,2.0,0.6767676767676768
interior,2,192.0234375,1.0
interior,2,41.231056213378906,1.0
interior,2,227.49505615234375,1.0
interior,2,85.86617279052734,1.0
interior,2,222.31959533691406,1.0
interior,2,123.32882690429688,1.0
interior,2,177.5528106689453,1.0
interior,3,25.0,1.0
interior,3,34.539833068847656,1.0
interior,3,34.885528564453125,1.0
interior,2,137.92752075195312,1.0
interior,3,29.96664810180664,1.0
interior,3,31.906112670898438,1.0
interior,2,169.17742919921875,1.0
interior,3,20.59126091003418,1.0
interior,3,10.29563045501709,1.0
interior,3,23.706539154052734,1.0
interior,3,8.062257766723633,1.0
interior,3,2.2360680103302,0.7272727272727273
interior,2,35.46829605102539,1.0
uniform,3,8.062257766723633,1.0
uniform,2,112.27198791503906,1.0
uniform,2,181.41664123535156,1.0
uniform,2,247.41261291503906,1.0
uniform,2,62.297672271728516,1.0
uniform,2,92.72000885009766,1.0
uniform,3,5.385164737701416,0.9834710743801653
uniform,3,30.0,1.0
uniform,3,22.203603744506836,1.0
uniform,3,9.848857879638672,1.0
uniform,3,1.4142135381698608,0.6776859504132231
uniform,3,7.8102498054504395,1.0
uniform,2,1.0,0.6931818181818182
uniform,2,57.0,1.0
uniform,2,25.942243576049805,1.0
uniform,2,74.32361602783203,1.0
uniform,2,35.22782897949219,1.0
uniform,3,1.4142135381698608,0.6611570247933884
uniform,3,13.34166431427002,1.0
uniform,3,4.242640495300293,0.8787878787878788
boundary,3,15.231546401977539,1.0
boundary,3,0.0,0.5041322314049587
boundary,2,24.166091918945312,1.0
boundary,2,28.861740112304688,1.0
boundary,3,1.4142135381698608,0.6859504132231405
boundary,2,96.69022369384766,1.0
boundary,3,8.062257766723633,1.0
boundary,3,1.0,0.6446280991735537
boundary,3,6.324555397033691,1.0
boundary,2,91.76055908203125,1.0
boundary,2,108.46197509765625,1.0
boundary,3,20.51828384399414,1.0
boundary,3,0.0,0.5289256198347108
boundary,2,93.62158203125,1.0
boundary,2,46.615447998046875,1.0
boundary,2,30.0,1.0
boundary,2,29.96664810180664,1.0
boundary,2,28.17800521850586,1.0
boundary,3,0.0,0.5702479338842975
boundary,3,1.0,0.5272727272727272
interior,3,21.3775577545166,1.0
interior,2,165.1090545654297,1.0
interior,2,228.5607147216797,1.0
interior,2,204.24740600585938,1.0
interior,2,182.4636993408203,1.0
interior,2,16.76305389404297,1.0
interior,2,200.48191833496094,1.0
interior,3,14.866068840026855,1.0
interior,2,182.48287963867188,1.0
interior,3,23.34523582458496,1.0
interior,2,185.88436889648438,1.0
interior,2,157.94302368164062,1.0
interior,3,26.832815170288086,1.0
interior,3,35.7770881652832,1.0
interior,3,23.25940704345703,1.0
interior,3,24.1867733001709,1.0
interior,3,21.095022201538086,1.0
interior,3,12.727922439575195,1.0
interior,2,92.6552734375,1.0
interior,3,2.2360680103302,0.8016528925619835
uniform,5,15.524174690246582,1.0
uniform,5,5.0,1.0
uniform,5,10.770329475402832,1.0
uniform,1,0.0,0.33766233766233766
uniform,1,0.0,0.35064935064935066
uniform,5,12.369317054748535,1.0
uniform,1,2.0,0.4696969696969697
uniform,1,0.0,0.375
uniform,1,2.0,0.5
uniform,2,201.99256896972656,1.0
uniform,5,8.9442720413208,1.0
uniform,1,1.0,0.5113636363636364
uniform,1,1.0,0.4444444444444444
uniform,1,2.0,0.5
uniform,1,3.0,0.6060606060606061
uniform,5,3.0,0.8181818181818182
uniform,1,0.0,0.2909090909090909
uniform,5,8.0,1.0
uniform,5,17.464248657226562,1.0
uniform,5,8.5440034866333,1.0
uniform,5,1.0,0.6446280991735537
uniform,2,21.931713104248047,1.0
uniform,2,61.400325775146484,1.0
uniform,2,87.32124328613281,1.0
uniform,2,144.24978637695312,1.0
uniform,2,141.400146484375,1.0
uniform,2,121.10326385498047,1.0
uniform,2,151.0099334716797,1.0
uniform,2,317.92138671875,1.0
uniform,2,215.3555145263672,1.0
boundary,5,0.0,0.48484848484848486
boundary,1,0.0,0.25
boundary,5,10.198039054870605,1.0
boundary,1,0.0,0.24675324675324675
boundary,1,1.0,0.3181818181818182
boundary,2,7.0,1.0
boundary,5,2.0,0.71900826446281
boundary,1,0.0,0.42045454545454547
boundary,1,0.0,0.3939393939393939
boundary,1,0.0,0.40404040404040403
boundary,2,75.95393371582031,1.0
boundary,1,0.0,0.45454545454545453
boundary,1,1.0,0.5113636363636364
boundary,1,1.0,0.5340909090909091
boundary,5,7.0,1.0
boundary,5,2.0,0.8016528925619835
boundary,1,2.0,0.4675324675324675
boundary,5,2.2360680103302,0.8512396694214877
boundary,5,7.0,1.0
boundary,2,14.0,1.0
boundary,5,1.0,0.6363636363636364
boundary,5,0.0,0.5371900826446281
boundary,5,2.2360680103302,0.8099173553719008
boundary,2,35.608985900878906,1.0
boundary,2,56.58621597290039,1.0
boundary,2,157.95252990722656,1.0
boundary,2,145.7738037109375,1.0
boundary,2,257.4839782714844,1.0
boundary,2,176.37744140625,1.0
boundary,2,192.1067352294922,1.0
interior,5,17.8885440826416,1.0
interior,1,1.0,0.3484848484848485
interior,2,249.12847900390625,1.0
interior,1,2.0,0.4696969696969697
interior,1,3.0,0.6212121212121212
interior,1,3.0,0.6515151515151515
interior,1,3.0,0.7121212121212122
interior,1,1.0,0.48484848484848486
interior,1,1.4142135381698608,0.5454545454545454
interior,1,2.2360680103302,0.6233766233766234
interior,1,2.8284270763397217,0.5714285714285714
interior,1,3.605551242828369,0.6666666666666666
interior,5,10.0,1.0
interior,5,8.9442720413208,1.0
interior,5,13.0,1.0
interior,5,15.0,1.0
interior,2,245.28350830078125,1.0
interior,5,16.0,1.0
interior,5,8.0,1.0
interior,5,17.464248657226562,1.0
interior,5,16.552946090698242,1.0
interior,5,15.231546401977539,1.0
interior,2,54.120235443115234,1.0
interior,2,205.3411865234375,1.0
interior,2,216.76023864746094,1.0
interior,2,101.07917785644531,1.0
interior,2,129.65338134765625,1.0
interior,2,171.2337646484375,1.0
interior,2,164.98484802246094,1.0
interior,2,263.6000671386719,1.0
uniform,5,6.082762718200684,1.0
uniform,5,6.082762718200684,1.0
uniform,5,8.9442720413208,1.0
uniform,1,1.0,0.3484848484848485
uniform,1,0.0,0.3181818181818182
uniform,1,2.0,0.5
uniform,1,0.0,0.42045454545454547
uniform,1,0.0,0.4318181818181818
uniform,1,2.0,0.5757575757575758
uniform,5,5.0,1.0
uniform,5,3.0,0.859504132231405
uniform,5,4.0,0.9008264462809917
uniform,1,2.0,0.5844155844155844
uniform,1,2.0,0.6103896103896104
uniform,1,2.0,0.6363636363636364
uniform,1,1.4142135381698608,0.4090909090909091
uniform,2,168.34487915039062,1.0
uniform,5,5.0,1.0
uniform,2,78.43468475341797,1.0
uniform,5,5.0,1.0
uniform,5,10.816654205322266,1.0
uniform,5,7.211102485656738,1.0
uniform,2,269.11151123046875,1.0
uniform,2,242.5386505126953,1.0
uniform,2,230.2281494140625,1.0
uniform,2,190.19200134277344,1.0
uniform,2,220.9072265625,1.0
uniform,2,260.86395263671875,1.0
uniform,2,212.72047424316406,1.0
uniform,2,316.1407775878906,1.0
boundary,5,1.0,0.7676767676767676
boundary,5,1.4142135381698608,0.6694214876033058
boundary,1,0.0,0.3246753246753247
boundary,5,1.0,0.7024793388429752
boundary,1,0.0,0.4318181818181818
boundary,5,0.0,0.6611570247933884
boundary,1,2.2360680103302,0.5909090909090909
boundary,1,0.0,0.41414141414141414
boundary,2,220.00454711914062,1.0
boundary,1,0.0,0.43434343434343436
boundary,5,0.0,0.5785123966942148
boundary,1,0.0,0.4
boundary,5,3.0,0.8264462809917356
boundary,1,1.4142135381698608,0.4090909090909091
boundary,1,1.0,0.4155844155844156
boundary,1,0.0,0.3181818181818182
boundary,1,0.0,0.42424242424242425
boundary,5,4.0,0.9090909090909091
boundary,5,1.0,0.628099173553719
boundary,2,162.08639526367188,1.0
boundary,2,29.0,1.0
boundary,5,0.0,0.5537190082644629
boundary,5,0.0,0.44155844155844154
boundary,2,63.071388244628906,1.0
boundary,2,39.66106414794922,1.0
boundary,2,49.92995071411133,1.0
boundary,2,71.02112579345703,1.0
boundary,2,108.2450942993164,1.0
boundary,2,147.86817932128906,1.0
boundary,2,194.26271057128906,1.0
interior,5,16.492422103881836,1.0
interior,5,17.0,1.0
interior,5,17.492855072021484,1.0
interior,5,12.0,1.0
interior,5,13.03840446472168,1.0
interior,5,13.892443656921387,1.0
interior,1,2.0,0.4393939393939394
interior,1,1.0,0.4805194805194805
interior,1,3.0,0.6212121212121212
interior,1,3.0,0.6818181818181818
interior,1,3.0,0.7121212121212122
interior,1,1.0,0.5454545454545454
interior,1,3.0,0.7272727272727273
interior,1,3.1622776985168457,0.7272727272727273
interior,1,3.605551242828369,0.6666666666666666
interior,1,2.8284270763397217,0.5194805194805194
interior,5,9.0,1.0
interior,5,6.0,1.0
interior,5,17.0,1.0
interior,5,13.0,1.0
interior,2,106.92988586425781,1.0
interior,2,191.19100952148438,1.0
interior,2,138.05795288085938,1.0
interior,2,209.35377502441406,1.0
interior,2,239.26763916015625,1.0
interior,2,230.80078125,1.0
interior,2,294.2124938964844,1.0
interior,2,240.520263671875,1.0
interior,2,321.734375,1.0
interior,2,250.9442138671875,1.0
uniform,5,7.280109882354736,1.0
uniform,1,0.0,0.25
uniform,5,12.649110794067383,1.0
uniform,1,0.0,0.2727272727272727
uniform,5,10.630146026611328,1.0
uniform,5,5.830951690673828,1.0
uniform,1,0.0,0.3246753246753247
uniform,1,1.0,0.36363636363636365
uniform,5,1.4142135381698608,0.7272727272727273
uniform,1,0.0,0.3522727272727273
uniform,2,166.5893096923828,1.0
uniform,5,4.4721360206604,0.9669421487603306
uniform,1,0.0,0.40404040404040403
uniform,1,2.0,0.5584415584415584
uniform,2,88.28363037109375,1.0
uniform,1,2.0,0.6103896103896104
uniform,2,97.32420349121094,1.0
uniform,1,0.0,0.494949494949495
uniform,2,115.5724868774414,1.0
uniform,1,1.0,0.4155844155844156
uniform,2,54.230987548828125,1.0
uniform,5,11.0,1.0
uniform,5,9.219544410705566,1.0
uniform,5,4.0,0.9338842975206612
uniform,5,12.041594505310059,1.0
uniform,2,240.35391235351562,1.0
uniform,2,109.11003875732422,1.0
uniform,2,117.74549102783203,1.0
uniform,2,217.86233520507812,1.0
uniform,2,235.98304748535156,1.0
boundary,1,0.0,0.2222222222222222
boundary,2,8.062257766723633,1.0
boundary,1,0.0,0.25925925925925924
boundary,5,10.0,1.0
boundary,1,0.0,0.33766233766233766
boundary,1,0.0,0.32954545454545453
boundary,5,1.0,0.6446280991735537
boundary,1,0.0,0.3522727272727273
boundary,1,0.0,0.3977272727272727
boundary,5,4.0,0.9421487603305785
boundary,5,2.0,0.6942148760330579
boundary,1,0.0,0.47474747474747475
boundary,1,1.0,0.5454545454545454
boundary,1,1.0,0.48484848484848486
boundary,1,0.0,0.3181818181818182
boundary,5,1.4142135381698608,0.8181818181818182
boundary,5,5.0,1.0
boundary,5,8.485280990600586,1.0
boundary,2,165.65626525878906,1.0
boundary,5,5.0,1.0
boundary,2,2.0,0.7024793388429752
boundary,5,5.830951690673828,0.9917355371900827
boundary,2,78.77182006835938,1.0
boundary,5,2.0,0.6931818181818182
boundary,2,99.46356201171875,1.0
boundary,2,60.20797348022461,1.0
boundary,2,164.10362243652344,1.0
boundary,2,129.06199645996094,1.0
boundary,2,252.51731872558594,1.0
boundary,2,203.17971801757812,1.0
interior,5,2.2360680103302,0.7532467532467533
interior,5,17.492855072021484,1.0
interior,5,16.0,1.0
interior,5,4.0,0.8842975206611571
interior,1,1.0,0.37662337662337664
interior,5,11.045360565185547,1.0
interior,1,2.8284270763397217,0.6060606060606061
interior,1,3.0,0.6212121212121212
interior,5,3.0,0.7933884297520661
interior,1,3.0,0.6818181818181818
interior,1,1.0,0.5340909090909091
interior,1,3.0,0.7272727272727273
interior,1,3.1622776985168457,0.7272727272727273
interior,1,3.605551242828369,0.6666666666666666
interior,1,2.8284270763397217,0.5194805194805194
interior,1,1.4142135381698608,0.4090909090909091
interior,2,188.4091339111328,1.0
interior,5,8.602325439453125,1.0
interior,5,17.029386520385742,1.0
interior,5,9.0,1.0
interior,5,14.317821502685547,1.0
interior,2,272.7287902832031,1.0
interior,2,202.765869140625,1.0
interior,2,107.91200256347656,1.0
interior,2,154.67384338378906,1.0
interior,2,276.31866455078125,1.0
interior,2,177.51901245117188,1.0
interior,2,293.4910583496094,1.0
interior,2,250.79872131347656,1.0
interior,2,350.8917236328125,1.0
uniform,1,0.0,0.23809523809523808
uniform,5,13.0,1.0
uniform,1,1.0,0.2727272727272727
uniform,5,10.198039054870605,1.0
uniform,5,5.0,0.9834710743801653
uniform,1,0.0,0.3246753246753247
uniform,1,1.0,0.3939393939393939
uniform,1,1.4142135381698608,0.42424242424242425
uniform,5,8.0,1.0
uniform,1,2.0,0.5
uniform,5,6.0,1.0
uniform,5,0.0,0.6363636363636364
uniform,5,8.0,1.0
uniform,1,0.0,0.32727272727272727
uniform,1,1.0,0.36363636363636365
uniform,1,0.0,0.32323232323232326
uniform,1,0.0,0.42424242424242425
uniform,2,214.3478546142578,1.0
uniform,5,7.280109882354736,1.0
uniform,5,2.0,0.7272727272727273
uniform,5,3.0,0.8181818181818182
uniform,2,111.35977935791016,1.0
uniform,2,172.53985595703125,1.0
uniform,2,61.032779693603516,1.0
uniform,2,98.68130493164062,1.0
uniform,2,152.81687927246094,1.0
uniform,2,145.15164184570312,1.0
uniform,2,309.80316162109375,1.0
uniform,2,181.01104736328125,1.0
uniform,2,220.53797912597656,1.0
boundary,1,0.0,0.2222222222222222
boundary,1,0.0,0.25925925925925924
boundary,5,5.0,1.0
boundary,1,1.0,0.2727272727272727
boundary,5,3.0,0.7933884297520661
boundary,5,1.0,0.6033057851239669
boundary,5,3.1622776985168457,0.8512396694214877
boundary,1,0.0,0.3246753246753247
boundary,5,2.2360680103302,0.8016528925619835
boundary,5,2.0,0.743801652892562
boundary,2,4.0,0.9256198347107438
boundary,1,1.0,0.4659090909090909
boundary,1,1.0,0.48863636363636365
boundary,1,1.0,0.40404040404040403
boundary,1,2.0,0.45454545454545453
boundary,1,0.0,0.32323232323232326
boundary,1,0.0,0.42424242424242425
boundary,5,4.0,0.9545454545454546
boundary,5,1.0,0.6363636363636364
boundary,5,6.0,1.0
boundary,5,4.4721360206604,0.9669421487603306
boundary,2,67.11929321289062,1.0
boundary,2,42.42640686035156,1.0
boundary,2,10.29563045501709,1.0
boundary,2,139.63523864746094,1.0
boundary,2,115.13470458984375,1.0
boundary,2,53.5350341796875,1.0
boundary,2,73.49829864501953,1.0
boundary,2,162.82505798339844,1.0
boundary,2,138.9244384765625,1.0
interior,5,16.278820037841797,1.0
interior,5,11.313708305358887,1.0
interior,1,1.0,0.3484848484848485
interior,5,5.385164737701416,1.0
interior,1,1.4142135381698608,0.42424242424242425
interior,5,10.770329475402832,1.0
interior,1,1.0,0.37662337662337664
interior,2,227.63568115234375,1.0
interior,1,1.0,0.4659090909090909
interior,1,2.0,0.5324675324675324
interior,1,3.0,0.6515151515151515
interior,5,9.219544410705566,1.0
interior,1,3.0,0.6818181818181818
interior,1,3.0,0.7121212121212122
interior,1,3.1622776985168457,0.7272727272727273
interior,1,2.0,0.5454545454545454
interior,5,10.440306663513184,1.0
interior,5,10.29563045501709,1.0
interior,5,7.6157732009887695,1.0
interior,5,17.72004508972168,1.0
interior,5,16.552946090698242,1.0
interior,2,27.784887313842773,1.0
interior,2,102.57679748535156,1.0
interior,2,199.49185180664062,1.0
interior,2,286.89544677734375,1.0
interior,2,214.21717834472656,1.0
interior,2,299.86663818359375,1.0
interior,2,231.76712036132812,1.0
interior,2,291.29022216796875,1.0
interior,2,227.10791015625,1.0
uniform,5,17.0,1.0
uniform,5,4.4721360206604,0.9545454545454546
uniform,1,0.0,0.2727272727272727
uniform,5,7.071067810058594,1.0
uniform,5,3.0,0.8512396694214877
uniform,5,6.4031243324279785,0.9917355371900827
uniform,1,2.0,0.5
uniform,1,2.0,0.5584415584415584
uniform,1,3.0,0.6818181818181818
uniform,1,0.0,0.48484848484848486
uniform,1,1.0,0.5568181818181818
uniform,1,1.0,0.48484848484848486
uniform,1,1.0,0.4444444444444444
uniform,1,2.8284270763397217,0.5194805194805194
uniform,1,2.0,0.5454545454545454
uniform,5,5.0,1.0
uniform,5,8.246211051940918,1.0
uniform,5,16.124515533447266,1.0
uniform,5,14.317821502685547,1.0
uniform,2,119.01260375976562,1.0
uniform,2,195.6016387939453,1.0
uniform,5,2.2360680103302,0.8099173553719008
uniform,2,81.12335968017578,1.0
uniform,2,202.2003936767578,1.0
uniform,2,293.3428039550781,1.0
uniform,2,140.57737731933594,1.0
uniform,2,143.78456115722656,1.0
uniform,2,258.936279296875,1.0
uniform,2,199.3238525390625,1.0
uniform,2,215.64785766601562,1.0
boundary,2,73.0,1.0
boundary,1,0.0,0.25
boundary,1,1.0,0.26666666666666666
boundary,5,12.206555366516113,1.0
boundary,1,0.0,0.2987012987012987
boundary,5,4.123105525970459,0.9421487603305785
boundary,1,0.0,0.375
boundary,5,0.0,0.6859504132231405
boundary,5,0.0,0.6161616161616161
boundary,1,0.0,0.4318181818181818
boundary,1,0.0,0.3939393939393939
boundary,1,2.0,0.5324675324675324
boundary,5,5.0,0.9752066115702479
boundary,1,0.0,0.45454545454545453
boundary,1,0.0,0.36363636363636365
boundary,1,0.0,0.2909090909090909
boundary,5,1.0,0.6363636363636364
boundary,5,7.0,1.0
boundary,5,10.0,1.0
boundary,2,64.66065216064453,1.0
boundary,2,202.76341247558594,1.0
boundary,2,246.0,1.0
boundary,5,2.8284270763397217,0.7840909090909091
boundary,5,0.0,0.48484848484848486
boundary,2,97.52947998046875,1.0
boundary,2,33.61547088623047,1.0
boundary,2,60.14149856567383,1.0
boundary,2,93.05912017822266,1.0
boundary,2,184.0679168701172,1.0
boundary,2,173.10401916503906,1.0
interior,5,12.083045959472656,1.0
interior,5,13.45362377166748,1.0
interior,5,12.083045959472656,1.0
interior,1,2.0,0.5584415584415584
interior,1,3.0,0.6515151515151515
interior,1,3.0,0.6818181818181818
interior,1,3.0,0.7121212121212122
interior,1,3.0,0.7272727272727273
interior,5,4.123105525970459,0.9586776859504132
interior,1,2.0,0.5
interior,1,2.8284270763397217,0.5714285714285714
interior,1,3.605551242828369,0.6666666666666666
interior,1,2.8284270763397217,0.5194805194805194
interior,1,1.4142135381698608,0.4090909090909091
interior,5,14.142135620117188,1.0
interior,5,15.0,1.0
interior,5,18.0,1.0
interior,5,15.0,1.0
interior,5,17.0,1.0
interior,5,16.6433162689209,1.0
interior,2,215.6154022216797,1.0
interior,2,138.2353057861328,1.0
interior,2,114.38968658447266,1.0
interior,2,251.40008544921875,1.0
interior,2,268.0018615722656,1.0
interior,2,253.05532836914062,1.0
interior,2,239.70816040039062,1.0
interior,2,320.93768310546875,1.0
interior,2,329.7574768066406,1.0
interior,2,313.1676940917969,1.0
uniform,3,5.385164737701416,1.0
uniform,3,20.880613327026367,1.0
uniform,2,20.51828384399414,1.0
uniform,2,2.2360680103302,0.7933884297520661
uniform,3,5.656854152679443,0.9752066115702479
uniform,3,16.124515533447266,1.0
uniform,2,4.123105525970459,0.9256198347107438
uniform,2,9.05538558959961,1.0
uniform,3,31.016124725341797,1.0
uniform,3,18.357559204101562,1.0
uniform,2,31.78049659729004,1.0
uniform,0,7.071067810058594,1.0
uniform,0,8.5440034866333,1.0
uniform,0,9.486832618713379,1.0
uniform,2,15.29705810546875,1.0
uniform,2,55.31726837158203,1.0
uniform,2,54.64430618286133,1.0
uniform,0,8.062257766723633,1.0
uniform,2,51.4781494140625,1.0
uniform,0,20.39607810974121,1.0
uniform,0,15.29705810546875,1.0
uniform,0,0.0,0.5619834710743802
uniform,0,22.135944366455078,1.0
uniform,0,1.0,0.6033057851239669
uniform,0,4.123105525970459,0.9421487603305785
uniform,2,15.132745742797852,1.0
uniform,3,1.0,0.5950413223140496
uniform,3,12.083045959472656,1.0
uniform,1,1.0,0.5454545454545454
uniform,1,0.0,0.5537190082644629
uniform,1,0.0,0.5785123966942148
uniform,1,3.0,0.7878787878787878
uniform,1,6.0,1.0
uniform,1,4.4721360206604,0.9545454545454546
uniform,1,2.0,0.71900826446281
uniform,1,0.0,0.5371900826446281
uniform,1,6.7082037925720215,1.0
uniform,3,23.34523582458496,1.0
uniform,1,1.0,0.6493506493506493
uniform,3,19.0,1.0
boundary,0,0.0,0.4431818181818182
boundary,0,0.0,0.36363636363636365
boundary,3,23.853721618652344,1.0
boundary,3,5.099019527435303,0.9834710743801653
boundary,3,13.152946472167969,1.0
boundary,3,39.11521530151367,1.0
boundary,3,35.22782897949219,1.0
boundary,3,5.830951690673828,0.9917355371900827
boundary,0,0.0,0.5619834710743802
boundary,2,2.8284270763397217,0.8347107438016529
boundary,3,0.0,0.5785123966942148
boundary,0,0.0,0.5537190082644629
boundary,0,0.0,0.5785123966942148
boundary,0,1.0,0.6528925619834711
boundary,2,19.416488647460938,1.0
boundary,0,2.8284270763397217,0.8016528925619835
boundary,2,1.0,0.6115702479338843
boundary,0,4.0,0.9173553719008265
boundary,0,10.440306663513184,1.0
boundary,2,40.199501037597656,1.0
boundary,0,0.0,0.5151515151515151
boundary,2,16.0,1.0
boundary,2,11.704699516296387,1.0
boundary,2,9.219544410705566,1.0
boundary,1,0.0,0.42045454545454547
boundary,3,7.6157732009887695,1.0
boundary,2,11.661903381347656,1.0
boundary,3,16.0,1.0
boundary,1,3.605551242828369,0.8181818181818182
boundary,1,0.0,0.4909090909090909
boundary,1,1.0,0.5959595959595959
boundary,1,1.0,0.6090909090909091
boundary,2,31.30495262145996,1.0
boundary,1,0.0,0.5371900826446281
boundary,2,6.4031243324279785,0.9917355371900827
boundary,1,2.2360680103302,0.7636363636363637
boundary,1,1.0,0.628099173553719
boundary,3,27.294687271118164,1.0
boundary,1,1.4142135381698608,0.6859504132231405
boundary,1,0.0,0.5206611570247934
interior,3,21.40093421936035,1.0
interior,3,21.954498291015625,1.0
interior,3,52.88667297363281,1.0
interior,3,54.64430618286133,1.0
interior,3,45.96738052368164,1.0
interior,2,4.0,0.9173553719008265
interior,3,52.17279052734375,1.0
interior,3,42.01190185546875,1.0
interior,3,26.172504425048828,1.0
interior,0,16.278820037841797,1.0
interior,2,61.269893646240234,1.0
interior,2,24.041629791259766,1.0
interior,0,23.409399032592773,1.0
interior,0,20.39607810974121,1.0
interior,2,79.5110092163086,1.0
interior,0,13.928388595581055,1.0
interior,0,19.92485809326172,1.0
interior,0,1.0,0.5950413223140496
interior,0,28.44292449951172,1.0
interior,2,98.08159637451172,1.0
interior,2,99.16148376464844,1.0
interior,0,22.135944366455078,1.0
interior,0,19.92485809326172,1.0
interior,0,17.0880069732666,1.0
interior,2,61.61168670654297,1.0
interior,2,90.3548583984375,1.0
interior,2,44.0,1.0
interior,2,88.48163604736328,1.0
interior,1,1.4142135381698608,0.42424242424242425
interior,1,0.0,0.4636363636363636
interior,1,3.0,0.7613636363636364
interior,1,5.099019527435303,0.9848484848484849
interior,1,1.4142135381698608,0.6636363636363637
interior,1,6.0,1.0
interior,3,26.68332862854004,1.0
interior,1,5.0,0.9772727272727273
interior,1,7.280109882354736,1.0
interior,1,5.0,0.9753086419753086
interior,3,25.961509704589844,1.0
interior,1,8.0,1.0
uniform,2,24.331050872802734,1.0
uniform,2,26.570659637451172,1.0
uniform,2,23.853721618652344,1.0
uniform,2,11.180339813232422,1.0
uniform,3,3.0,0.8347107438016529
uniform,2,10.630146026611328,1.0
uniform,3,7.211102485656738,1.0
uniform,3,19.646883010864258,1.0
uniform,3,5.0,0.9586776859504132
uniform,3,4.0,0.9090909090909091
uniform,3,46.06517028808594,1.0
uniform,2,19.235383987426758,1.0
uniform,3,41.0,1.0
uniform,3,22.803508758544922,1.0
uniform,0,3.1622776985168457,0.8347107438016529
uniform,3,1.0,0.6611570247933884
uniform,0,21.840330123901367,1.0
uniform,0,8.9442720413208,1.0
uniform,2,41.43669891357422,1.0
uniform,0,23.409399032592773,1.0
uniform,0,13.152946472167969,1.0
uniform,0,9.219544410705566,1.0
uniform,2,2.0,0.743801652892562
uniform,2,69.57010650634766,1.0
uniform,0,24.351591110229492,1.0
uniform,0,23.0867919921875,1.0
uniform,0,6.324555397033691,1.0
uniform,0,1.0,0.5606060606060606
uniform,2,16.6433162689209,1.0
uniform,1,1.0,0.45454545454545453
uniform,1,1.0,0.5151515151515151
uniform,1,4.4721360206604,0.9393939393939394
uniform,1,2.0,0.7070707070707071
uniform,1,3.1622776985168457,0.8295454545454546
uniform,1,2.2360680103302,0.7373737373737373
uniform,3,5.656854152679443,0.9834710743801653
uniform,1,7.071067810058594,1.0
uniform,1,1.0,0.5950413223140496
uniform,1,3.1622776985168457,0.8181818181818182
uniform,1,0.0,0.5606060606060606
boundary,3,9.899495124816895,1.0
boundary,2,11.704699516296387,1.0
boundary,3,13.0,1.0
boundary,2,13.892443656921387,1.0
boundary,3,13.0,1.0
boundary,3,17.0,1.0
boundary,3,8.9442720413208,1.0
boundary,3,6.324555397033691,1.0
boundary,3,19.697715759277344,1.0
boundary,3,11.704699516296387,1.0
boundary,0,0.0,0.5289256198347108
boundary,0,6.324555397033691,1.0
boundary,0,3.605551242828369,0.8925619834710744
boundary,0,0.0,0.5619834710743802
boundary,2,36.34556198120117,1.0
boundary,0,19.235383987426758,1.0
boundary,0,0.0,0.5454545454545454
boundary,0,4.123105525970459,0.9504132231404959
boundary,0,8.062257766723633,1.0
boundary,0,13.34166431427002,1.0
boundary,2,57.21887969970703,1.0
boundary,0,0.0,0.5537190082644629
boundary,2,26.0,1.0
boundary,2,17.0,1.0
boundary,2,10.440306663513184,1.0
boundary,2,14.142135620117188,1.0
boundary,3,1.0,0.6528925619834711
boundary,2,0.0,0.5867768595041323
boundary,1,0.0,0.3246753246753247
boundary,3,5.099019527435303,1.0
boundary,1,2.0,0.6136363636363636
boundary,1,1.4142135381698608,0.6262626262626263
boundary,1,1.0,0.5636363636363636
boundary,1,0.0,0.512396694214876
boundary,2,29.068883895874023,1.0
boundary,1,0.0,0.5537190082644629
boundary,1,1.0,0.6033057851239669
boundary,1,4.123105525970459,0.9393939393939394
boundary,1,0.0,0.5272727272727272
boundary,1,1.0,0.6493506493506493
interior,3,29.0,1.0
interior,3,1.0,0.6694214876033058
interior,3,39.357337951660156,1.0
interior,3,38.18376541137695,1.0
interior,3,58.600341796875,1.0
interior,3,25.0,1.0
interior,3,44.94440841674805,1.0
interior,3,24.166091918945312,1.0
interior,3,6.324555397033691,0.9917355371900827
interior,0,20.615528106689453,1.0
interior,2,62.68173599243164,1.0
interior,0,18.248287200927734,1.0
interior,0,13.34166431427002,1.0
interior,2,89.5600357055664,1.0
interior,0,22.803508758544922,1.0
interior,0,23.0867919921875,1.0
interior,0,28.861740112304688,1.0
interior,2,99.28242492675781,1.0
interior,0,29.120439529418945,1.0
interior,2,62.96824645996094,1.0
interior,0,28.160255432128906,1.0
interior,2,61.188232421875,1.0
interior,2,87.09190368652344,1.0
interior,2,63.03173828125,1.0
interior,2,67.05221557617188,1.0
interior,2,92.35800170898438,1.0
interior,0,10.770329475402832,1.0
interior,0,8.062257766723633,1.0
interior,2,74.40430450439453,1.0
interior,1,1.0,0.4025974025974026
interior,1,1.0,0.5454545454545454
interior,1,5.385164737701416,1.0
interior,1,4.0,0.898989898989899
interior,1,7.280109882354736,1.0
interior,1,6.0,1.0
interior,1,8.062257766723633,1.0
interior,3,37.0,1.0
interior,1,8.0,1.0
interior,1,6.0,1.0
interior,1,6.0,1.0
uniform,3,21.470911026000977,1.0
uniform,2,7.071067810058594,1.0
uniform,3,47.381431579589844,1.0
uniform,3,36.8917350769043,1.0
uniform,3,49.36598205566406,1.0
uniform,2,8.5440034866333,1.0
uniform,3,35.7770881652832,1.0
uniform,3,35.35533905029297,1.0
uniform,3,4.123105525970459,0.9256198347107438
uniform,3,20.248456954956055,1.0
uniform,3,1.4142135381698608,0.6942148760330579
uniform,3,11.045360565185547,1.0
uniform,0,3.0,0.8347107438016529
uniform,0,9.486832618713379,1.0
uniform,0,4.0,0.9173553719008265
uniform,2,18.0,1.0
uniform,0,13.928388595581055,1.0
uniform,0,12.369317054748535,1.0
uniform,2,35.12833786010742,1.0
uniform,2,42.379241943359375,1.0
uniform,0,21.540658950805664,1.0
uniform,0,9.486832618713379,1.0
uniform,0,28.861740112304688,1.0
uniform,2,57.42821502685547,1.0
uniform,2,88.8875732421875,1.0
uniform,0,11.704699516296387,1.0
uniform,0,4.123105525970459,0.9504132231404959
uniform,2,23.0,1.0
uniform,2,46.22769546508789,1.0
uniform,2,1.0,0.6776859504132231
uniform,1,0.0,0.2857142857142857
uniform,1,3.0,0.7272727272727273
uniform,1,3.0,0.7613636363636364
uniform,1,5.385164737701416,1.0
uniform,1,4.123105525970459,0.9318181818181818
uniform,1,1.0,0.628099173553719
uniform,1,5.830951690673828,1.0
uniform,1,6.0,1.0
uniform,1,8.0,1.0
uniform,1,0.0,0.5606060606060606
boundary,3,16.155494689941406,1.0
boundary,2,11.180339813232422,1.0
boundary,3,13.0,1.0
boundary,3,19.02629852294922,1.0
boundary,3,13.892443656921387,1.0
boundary,3,14.21267032623291,1.0
boundary,3,6.4031243324279785,1.0
boundary,3,16.552946090698242,1.0
boundary,2,0.0,0.5454545454545454
boundary,0,4.123105525970459,0.9338842975206612
boundary,0,2.0,0.7272727272727273
boundary,3,5.0,1.0
boundary,3,2.0,0.7272727272727273
boundary,0,1.4142135381698608,0.7024793388429752
boundary,2,9.219544410705566,1.0
boundary,0,8.9442720413208,1.0
boundary,2,36.878177642822266,1.0
boundary,0,1.4142135381698608,0.7024793388429752
boundary,0,7.071067810058594,1.0
boundary,0,13.601470947265625,1.0
boundary,0,2.2360680103302,0.7851239669421488
boundary,0,2.0,0.7272727272727273
boundary,0,2.0,0.7355371900826446
boundary,2,41.19466018676758,1.0
boundary,2,28.635643005371094,1.0
boundary,2,50.477718353271484,1.0
boundary,2,11.0,1.0
boundary,2,5.099019527435303,0.9834710743801653
boundary,2,10.198039054870605,1.0
boundary,1,0.0,0.24242424242424243
boundary,1,0.0,0.3246753246753247
boundary,1,2.0,0.5584415584415584
boundary,1,1.0,0.5113636363636364
boundary,1,0.0,0.4636363636363636
boundary,1,0.0,0.4909090909090909
boundary,3,13.152946472167969,1.0
boundary,1,3.0,0.7878787878787878
boundary,1,0.0,0.5537190082644629
boundary,1,1.0,0.6446280991735537
boundary,1,1.4142135381698608,0.6363636363636364
interior,3,37.121421813964844,1.0
interior,3,52.39274597167969,1.0
interior,3,54.451812744140625,1.0
interior,3,42.44997024536133,1.0
interior,3,48.50773239135742,1.0
interior,3,42.94182205200195,1.0
interior,3,35.510562896728516,1.0
interior,3,23.76972770690918,1.0
interior,3,18.973665237426758,1.0
interior,0,10.198039054870605,1.0
interior,0,1.0,0.6033057851239669
interior,0,18.439088821411133,1.0
interior,2,38.62641525268555,1.0
interior,0,21.189620971679688,1.0
interior,2,30.5941162109375,1.0
interior,2,84.81155395507812,1.0
interior,0,25.298221588134766,1.0
interior,2,53.75872039794922,1.0
interior,2,89.40357971191406,1.0
interior,0,30.08321762084961,1.0
interior,2,92.02716827392578,1.0
interior,2,72.80110168457031,1.0
interior,0,9.219544410705566,1.0
interior,0,11.704699516296387,1.0
interior,0,2.0,0.7520661157024794
interior,2,61.188232421875,1.0
interior,0,8.9442720413208,1.0
interior,2,48.05205535888672,1.0
interior,2,65.19202423095703,1.0
interior,1,2.8284270763397217,0.6515151515151515
interior,1,2.0,0.6704545454545454
interior,1,0.0,0.512396694214876
interior,1,2.8284270763397217,0.7386363636363636
interior,1,3.1622776985168457,0.8295454545454546
interior,1,1.0,0.6033057851239669
interior,1,5.099019527435303,0.987012987012987
interior,3,23.0,1.0
interior,1,6.0,1.0
interior,1,3.1622776985168457,0.8181818181818182
interior,1,4.0,0.9142857142857143
uniform,3,19.02629852294922,1.0
uniform,3,1.0,0.628099173553719
uniform,3,28.160255432128906,1.0
uniform,3,23.706539154052734,1.0
uniform,2,7.8102498054504395,1.0
uniform,2,10.630146026611328,1.0
uniform,3,40.0,1.0
uniform,3,23.600847244262695,1.0
uniform,3,15.264337539672852,1.0
uniform,3,0.0,0.5785123966942148
uniform,2,6.324555397033691,1.0
uniform,0,14.142135620117188,1.0
uniform,0,11.704699516296387,1.0
uniform,2,7.071067810058594,1.0
uniform,0,9.486832618713379,1.0
uniform,0,10.198039054870605,1.0
uniform,0,11.704699516296387,1.0
uniform,0,23.34523582458496,1.0
uniform,0,19.313207626342773,1.0
uniform,2,89.73851013183594,1.0
uniform,2,56.22277069091797,1.0
uniform,0,21.587032318115234,1.0
uniform,0,15.231546401977539,1.0
uniform,0,14.317821502685547,1.0
uniform,2,52.49761962890625,1.0
uniform,2,17.0,1.0
uniform,2,15.231546401977539,1.0
uniform,2,6.0,1.0
uniform,1,2.0,0.4696969696969697
uniform,1,2.0,0.5606060606060606
uniform,1,3.1622776985168457,0.7727272727272727
uniform,1,1.0,0.5656565656565656
uniform,1,2.2360680103302,0.7045454545454546
uniform,3,15.81138801574707,1.0
uniform,1,2.0,0.7363636363636363
uniform,1,5.099019527435303,0.987012987012987
uniform,1,3.605551242828369,0.8727272727272727
uniform,3,36.0,1.0
uniform,1,8.062257766723633,1.0
uniform,1,5.0,1.0
boundary,0,1.0,0.4805194805194805
boundary,2,27.20294189453125,1.0
boundary,3,1.0,0.6776859504132231
boundary,3,0.0,0.6198347107438017
boundary,3,4.242640495300293,0.9173553719008265
boundary,3,5.656854152679443,0.9834710743801653
boundary,3,0.0,0.6198347107438017
boundary,3,3.1622776985168457,0.8760330578512396
boundary,3,31.11269760131836,1.0
boundary,3,0.0,0.5785123966942148
boundary,2,12.0,1.0
boundary,2,1.0,0.628099173553719
boundary,0,0.0,0.32231404958677684
boundary,3,13.0,1.0
boundary,0,4.123105525970459,0.9421487603305785
boundary,3,10.049875259399414,1.0
boundary,2,19.697715759277344,1.0
boundary,0,1.0,0.6776859504132231
boundary,0,3.0,0.859504132231405
boundary,0,2.0,0.743801652892562
boundary,2,13.928388595581055,1.0
boundary,0,17.72004508972168,1.0
boundary,0,1.0,0.6115702479338843
boundary,0,3.0,0.8512396694214877
boundary,0,2.0,0.7272727272727273
boundary,2,38.4837646484375,1.0
boundary,2,18.0,1.0
boundary,2,15.0,1.0
boundary,2,16.76305389404297,1.0
boundary,1,0.0,0.12121212121212122
boundary,1,1.0,0.3787878787878788
boundary,1,2.0,0.5151515151515151
boundary,1,0.0,0.45454545454545453
boundary,2,32.202484130859375,1.0
boundary,1,1.0,0.5959595959595959
boundary,1,0.0,0.512396694214876
boundary,1,0.0,0.5785123966942148
boundary,1,2.2360680103302,0.7636363636363637
boundary,1,0.0,0.5041322314049587
boundary,1,4.0,0.88
interior,3,10.770329475402832,1.0
interior,3,45.343135833740234,1.0
interior,3,29.4108829498291,1.0
interior,3,51.62363815307617,1.0
interior,3,48.79549026489258,1.0
interior,3,59.21148681640625,1.0
interior,3,40.853397369384766,1.0
interior,3,57.48912811279297,1.0
interior,3,38.910152435302734,1.0
interior,2,36.055511474609375,1.0
interior,0,12.165525436401367,1.0
interior,0,24.351591110229492,1.0
interior,0,22.56102752685547,1.0
interior,2,88.45903015136719,1.0
interior,2,90.09439849853516,1.0
interior,2,55.081756591796875,1.0
interior,0,18.973665237426758,1.0
interior,0,30.364452362060547,1.0
interior,2,90.24411010742188,1.0
interior,0,27.20294189453125,1.0
interior,0,23.409399032592773,1.0
interior,2,64.93843078613281,1.0
interior,0,1.0,0.6776859504132231
interior,2,84.5280990600586,1.0
interior,0,14.866068840026855,1.0
interior,0,12.369317054748535,1.0
interior,2,12.083045959472656,1.0
interior,2,39.623226165771484,1.0
interior,2,21.21320343017578,1.0
interior,3,0.0,0.5454545454545454
interior,1,2.0,0.6363636363636364
interior,1,3.0,0.7662337662337663
interior,1,5.385164737701416,1.0
interior,1,6.7082037925720215,1.0
interior,1,7.0,1.0
interior,1,5.385164737701416,1.0
interior,1,6.0,1.0
interior,1,6.082762718200684,1.0
interior,1,3.0,0.8311688311688312
interior,1,1.0,0.6515151515151515
uniform,2,30.4138126373291,1.0
uniform,2,6.324555397033691,1.0
uniform,2,20.2237491607666,1.0
uniform,3,24.041629791259766,1.0
uniform,3,40.71854782104492,1.0
uniform,3,1.0,0.6033057851239669
uniform,3,20.0,1.0
uniform,3,30.0,1.0
uniform,0,6.0,1.0
uniform,3,1.0,0.6528925619834711
uniform,3,7.0,1.0
uniform,2,51.62363815307617,1.0
uniform,0,2.0,0.7107438016528925
uniform,0,9.486832618713379,1.0
uniform,0,17.72004508972168,1.0
uniform,0,16.76305389404297,1.0
uniform,0,21.3775577545166,1.0
uniform,0,17.464248657226562,1.0
uniform,2,50.48762130737305,1.0
uniform,0,23.409399032592773,1.0
uniform,2,66.0302963256836,1.0
uniform,0,1.0,0.5950413223140496
uniform,0,4.4721360206604,0.9586776859504132
uniform,2,14.866068840026855,1.0
uniform,2,14.317821502685547,1.0
uniform,2,25.942243576049805,1.0
uniform,2,23.853721618652344,1.0
uniform,1,0.0,0.12121212121212122
uniform,3,6.0,1.0
uniform,1,0.0,0.3246753246753247
uniform,1,0.0,0.3181818181818182
uniform,1,3.0,0.7954545454545454
uniform,1,5.830951690673828,1.0
uniform,1,3.1622776985168457,0.8484848484848485
uniform,3,24.59674835205078,1.0
uniform,3,26.476404190063477,1.0
uniform,1,4.0,0.9191919191919192
uniform,1,3.0,0.8080808080808081
uniform,1,4.123105525970459,0.9
uniform,1,6.0,1.0
boundary,2,7.6157732009887695,1.0
boundary,2,5.0,0.9669421487603306
boundary,3,4.4721360206604,0.9504132231404959
boundary,3,13.892443656921387,1.0
boundary,3,7.280109882354736,1.0
boundary,3,18.973665237426758,1.0
boundary,0,1.0,0.6528925619834711
boundary,3,20.2237491607666,1.0
boundary,3,6.324555397033691,1.0
boundary,0,6.7082037925720215,1.0
boundary,0,3.0,0.859504132231405
boundary,2,36.34556198120117,1.0
boundary,2,17.029386520385742,1.0
boundary,3,11.0,1.0
boundary,0,6.082762718200684,1.0
boundary,2,7.280109882354736,1.0
boundary,2,32.280025482177734,1.0
boundary,2,25.298221588134766,1.0
boundary,0,3.1622776985168457,0.8677685950413223
boundary,0,1.0,0.5950413223140496
boundary,0,11.401754379272461,1.0
boundary,0,2.2360680103302,0.7851239669421488
boundary,0,5.0,0.9752066115702479
boundary,0,0.0,0.5619834710743802
boundary,2,8.062257766723633,1.0
boundary,2,5.0,0.9752066115702479
boundary,2,1.0,0.6115702479338843
boundary,1,0.0,0.3246753246753247
boundary,1,0.0,0.38636363636363635
boundary,1,0.0,0.43434343434343436
boundary,3,14.0,1.0
boundary,3,0.0,0.5041322314049587
boundary,1,0.0,0.4636363636363636
boundary,3,19.92485809326172,1.0
boundary,1,2.0,0.7070707070707071
boundary,1,1.4142135381698608,0.6636363636363637
boundary,1,3.605551242828369,0.8787878787878788
boundary,1,1.0,0.628099173553719
boundary,1,1.0,0.5950413223140496
boundary,1,2.2360680103302,0.7272727272727273
interior,3,17.464248657226562,1.0
interior,3,41.03656768798828,1.0
interior,3,48.41487503051758,1.0
interior,3,42.52058410644531,1.0
interior,3,36.619667053222656,1.0
interior,3,53.0,1.0
interior,2,23.021728515625,1.0
interior,3,50.0,1.0
interior,3,38.63935852050781,1.0
interior,3,33.13608169555664,1.0
interior,3,29.832868576049805,1.0
interior,2,47.381431579589844,1.0
interior,2,76.68767547607422,1.0
interior,0,24.515300750732422,1.0
interior,0,25.0,1.0
interior,0,18.439088821411133,1.0
interior,0,27.658634185791016,1.0
interior,2,66.85057830810547,1.0
interior,0,26.925823211669922,1.0
interior,0,3.1622776985168457,0.8677685950413223
interior,0,13.601470947265625,1.0
interior,2,99.80982208251953,1.0
interior,0,23.76972770690918,1.0
interior,2,96.00521087646484,1.0
interior,0,29.832868576049805,1.0
interior,2,4.0,0.9173553719008265
interior,0,18.439088821411133,1.0
interior,2,70.60453033447266,1.0
interior,2,43.32435989379883,1.0
interior,2,50.21951675415039,1.0
interior,1,5.0,0.9696969696969697
interior,1,2.0,0.7070707070707071
interior,1,5.099019527435303,0.9848484848484849
interior,1,4.123105525970459,0.922077922077922
interior,1,5.830951690673828,1.0
interior,1,1.0,0.6033057851239669
interior,1,7.0,1.0
interior,1,6.7082037925720215,1.0
interior,1,8.0,1.0
interior,1,7.0,1.0
uniform,3,40.79215621948242,1.0
uniform,3,20.099750518798828,1.0
uniform,2,61.91122817993164,1.0
uniform,3,15.231546401977539,1.0
uniform,3,6.4031243324279785,1.0
uniform,3,1.0,0.6363636363636364
uniform,3,17.262676239013672,1.0
uniform,3,7.0,1.0
uniform,2,27.20294189453125,1.0
uniform,3,2.2360680103302,0.7603305785123967
uniform,3,19.697715759277344,1.0
uniform,3,16.76305389404297,1.0
uniform,2,62.0,1.0
uniform,2,15.524174690246582,1.0
uniform,2,5.385164737701416,0.9834710743801653
uniform,0,6.324555397033691,1.0
uniform,0,4.4721360206604,0.9586776859504132
uniform,2,41.01219177246094,1.0
uniform,2,10.440306663513184,1.0
uniform,0,29.4108829498291,1.0
uniform,2,51.865211486816406,1.0
uniform,0,61.032779693603516,1.0
uniform,0,71.7844009399414,1.0
uniform,2,41.1096076965332,1.0
uniform,0,70.88018035888672,1.0
uniform,0,18.027755737304688,1.0
uniform,0,31.14482307434082,1.0
uniform,4,0.0,0.4214876033057851
uniform,0,116.34861755371094,1.0
uniform,4,3.1622776985168457,0.8760330578512396
uniform,4,3.605551242828369,0.9008264462809917
uniform,4,6.082762718200684,1.0
uniform,4,5.099019527435303,0.9834710743801653
uniform,2,12.0,1.0
uniform,4,12.083045959472656,1.0
uniform,0,59.0,1.0
uniform,4,0.0,0.6103896103896104
uniform,4,7.071067810058594,1.0
uniform,4,9.848857879638672,1.0
uniform,4,12.0,1.0
boundary,3,4.123105525970459,0.9504132231404959
boundary,2,0.0,0.5619834710743802
boundary,3,30.08321762084961,1.0
boundary,3,11.704699516296387,1.0
boundary,3,9.219544410705566,1.0
boundary,3,9.0,1.0
boundary,2,2.0,0.7272727272727273
boundary,3,5.0,0.9669421487603306
boundary,2,1.0,0.6363636363636364
boundary,2,3.1622776985168457,0.8842975206611571
boundary,2,5.0,1.0
boundary,2,6.082762718200684,1.0
boundary,2,47.16990661621094,1.0
boundary,3,1.0,0.6115702479338843
boundary,3,7.6157732009887695,1.0
boundary,3,15.65247631072998,1.0
boundary,2,23.409399032592773,1.0
boundary,3,3.1622776985168457,0.8677685950413223
boundary,0,2.8284270763397217,0.8181818181818182
boundary,2,21.470911026000977,1.0
boundary,0,0.0,0.5454545454545454
boundary,0,24.351591110229492,1.0
boundary,0,8.9442720413208,1.0
boundary,0,2.0,0.7272727272727273
boundary,0,5.385164737701416,0.9917355371900827
boundary,0,53.3104133605957,1.0
boundary,2,17.0880069732666,1.0
boundary,0,4.123105525970459,0.9421487603305785
boundary,4,1.4142135381698608,0.7107438016528925
boundary,4,2.0,0.7272727272727273
boundary,4,6.7082037925720215,1.0
boundary,4,5.0,0.9752066115702479
boundary,0,32.140316009521484,1.0
boundary,4,5.0,0.9752066115702479
boundary,4,1.0,0.5950413223140496
boundary,0,133.0,1.0
boundary,4,2.0,0.6818181818181818
boundary,4,6.0,1.0
boundary,4,9.0,1.0
boundary,4,1.0,0.6818181818181818
interior,3,65.92420196533203,1.0
interior,3,68.0,1.0
interior,3,65.73431396484375,1.0
interior,3,43.416587829589844,1.0
interior,2,80.28075408935547,1.0
interior,3,50.0,1.0
interior,3,51.4781494140625,1.0
interior,3,41.04875183105469,1.0
interior,3,40.79215621948242,1.0
interior,3,43.382022857666016,1.0
interior,2,17.464248657226562,1.0
interior,3,2.0,0.7520661157024794
interior,2,81.09870910644531,1.0
interior,2,92.57429504394531,1.0
interior,2,88.83692932128906,1.0
interior,2,83.63013458251953,1.0
interior,2,78.49203491210938,1.0
interior,2,11.180339813232422,1.0
interior,2,73.68174743652344,1.0
interior,0,64.19501495361328,1.0
interior,2,59.46427536010742,1.0
interior,0,84.11896514892578,1.0
interior,0,19.235383987426758,1.0
interior,0,88.56636047363281,1.0
interior,0,66.61080932617188,1.0
interior,0,124.91997528076172,1.0
interior,0,51.788028717041016,1.0
interior,4,4.0,0.9256198347107438
interior,4,3.605551242828369,0.9008264462809917
interior,4,10.198039054870605,1.0
interior,4,7.071067810058594,1.0
interior,0,109.01834869384766,1.0
interior,4,9.486832618713379,1.0
interior,4,10.198039054870605,1.0
interior,4,1.4142135381698608,0.6859504132231405
interior,4,0.0,0.5041322314049587
interior,0,124.0,1.0
interior,0,53.0,1.0
interior,4,9.848857879638672,1.0
interior,4,13.0,1.0
uniform,3,12.369317054748535,1.0
uniform,3,27.0,1.0
uniform,3,39.560081481933594,1.0
uniform,3,29.0,1.0
uniform,3,30.4138126373291,1.0
uniform,3,0.0,0.5867768595041323
uniform,3,3.1622776985168457,0.9504132231404959
uniform,2,2.0,0.7603305785123967
uniform,2,32.557640075683594,1.0
uniform,3,5.0,0.9752066115702479
uniform,3,24.73863410949707,1.0
uniform,2,31.048349380493164,1.0
uniform,2,67.67569732666016,1.0
uniform,2,12.041594505310059,1.0
uniform,3,4.4721360206604,0.9504132231404959
uniform,2,38.27531814575195,1.0
uniform,2,52.009613037109375,1.0
uniform,2,81.4002456665039,1.0
uniform,0,40.16217041015625,1.0
uniform,2,42.72002029418945,1.0
uniform,0,73.00685119628906,1.0
uniform,0,12.369317054748535,1.0
uniform,2,19.235383987426758,1.0
uniform,0,106.56922912597656,1.0
uniform,0,102.39628601074219,1.0
uniform,0,99.98500061035156,1.0
uniform,0,115.7410888671875,1.0
uniform,0,30.066593170166016,1.0
uniform,4,0.0,0.5289256198347108
uniform,4,4.0,0.9090909090909091
uniform,4,4.0,0.9256198347107438
uniform,4,0.0,0.5619834710743802
uniform,4,2.8284270763397217,0.8181818181818182
uniform,4,2.8284270763397217,0.7933884297520661
uniform,0,84.148681640625,1.0
uniform,4,8.246211051940918,1.0
uniform,4,0.0,0.5545454545454546
uniform,4,9.433980941772461,1.0
uniform,4,1.0,0.6636363636363637
uniform,0,38.0,1.0
boundary,3,63.150611877441406,1.0
boundary,3,5.656854152679443,0.9659090909090909
boundary,3,39.0,1.0
boundary,3,48.05205535888672,1.0
boundary,3,6.4031243324279785,1.0
boundary,3,0.0,0.5371900826446281
boundary,3,0.0,0.5867768595041323
boundary,2,39.84971618652344,1.0
boundary,2,12.369317054748535,1.0
boundary,3,3.605551242828369,0.8842975206611571
boundary,2,22.203603744506836,1.0
boundary,3,9.219544410705566,1.0
boundary,3,0.0,0.5785123966942148
boundary,2,0.0,0.5289256198347108
boundary,2,5.830951690673828,0.9917355371900827
boundary,0,3.0,0.8512396694214877
boundary,0,16.492422103881836,1.0
boundary,0,19.313207626342773,1.0
boundary,0,25.298221588134766,1.0
boundary,2,40.04996871948242,1.0
boundary,0,52.49761962890625,1.0
boundary,2,57.070133209228516,1.0
boundary,0,27.85677719116211,1.0
boundary,0,7.071067810058594,1.0
boundary,2,24.515300750732422,1.0
boundary,0,75.27283477783203,1.0
boundary,2,1.4142135381698608,0.7107438016528925
boundary,0,111.0,1.0
boundary,4,2.2360680103302,0.7851239669421488
boundary,4,1.0,0.48760330578512395
boundary,4,6.7082037925720215,1.0
boundary,4,2.0,0.7520661157024794
boundary,4,1.0,0.5041322314049587
boundary,4,0.0,0.45454545454545453
boundary,0,6.7082037925720215,1.0
boundary,4,0.0,0.5867768595041323
boundary,2,12.369317054748535,1.0
boundary,4,0.0,0.5727272727272728
boundary,4,0.0,0.625
boundary,4,2.0,0.7922077922077922
interior,3,67.0,1.0
interior,3,59.41380310058594,1.0
interior,2,27.85677719116211,1.0
interior,3,54.7448616027832,1.0
interior,3,57.0,1.0
interior,3,53.0848388671875,1.0
interior,3,45.54119110107422,1.0
interior,2,54.918121337890625,1.0
interior,3,21.189620971679688,1.0
interior,2,39.051246643066406,1.0
interior,3,21.3775577545166,1.0
interior,3,6.4031243324279785,1.0
interior,2,17.20465087890625,1.0
interior,3,23.409399032592773,1.0
interior,2,61.0,1.0
interior,2,71.02112579345703,1.0
interior,2,78.892333984375,1.0
interior,2,101.0197982788086,1.0
interior,0,29.120439529418945,1.0
interior,0,38.27531814575195,1.0
interior,2,77.16217041015625,1.0
interior,2,71.7844009399414,1.0
interior,0,65.78753662109375,1.0
interior,0,63.24555206298828,1.0
interior,0,60.083274841308594,1.0
interior,0,86.02325439453125,1.0
interior,0,108.37435150146484,1.0
interior,0,92.26592254638672,1.0
interior,4,8.246211051940918,1.0
interior,4,12.649110794067383,1.0
interior,0,134.0,1.0
interior,0,95.0,1.0
interior,4,11.704699516296387,1.0
interior,4,14.317821502685547,1.0
interior,4,12.083045959472656,1.0
interior,4,12.041594505310059,1.0
interior,4,11.045360565185547,1.0
interior,4,13.34166431427002,1.0
interior,4,13.0,1.0
interior,4,10.0,1.0
uniform,3,60.0,1.0
uniform,3,59.0,1.0
uniform,3,57.0,1.0
uniform,3,54.918121337890625,1.0
uniform,3,38.63935852050781,1.0
uniform,3,29.0,1.0
uniform,2,39.924930572509766,1.0
uniform,2,24.59674835205078,1.0
uniform,3,6.082762718200684,1.0
uniform,3,40.49691390991211,1.0
uniform,3,0.0,0.5289256198347108
uniform,3,2.0,0.7107438016528925
uniform,2,10.630146026611328,1.0
uniform,2,7.6157732009887695,1.0
uniform,2,53.15073013305664,1.0
uniform,0,1.0,0.6033057851239669
uniform,0,12.369317054748535,1.0
uniform,2,107.20541381835938,1.0
uniform,0,1.0,0.6363636363636364
uniform,2,53.23532485961914,1.0
uniform,0,6.7082037925720215,1.0
uniform,0,50.59644317626953,1.0
uniform,0,12.083045959472656,1.0
uniform,2,57.245086669921875,1.0
uniform,2,34.48188018798828,1.0
uniform,0,51.865211486816406,1.0
uniform,2,43.32435989379883,1.0
uniform,0,32.572994232177734,1.0
uniform,0,24.351591110229492,1.0
uniform,4,0.0,0.5454545454545454
uniform,4,0.0,0.5785123966942148
uniform,4,0.0,0.48760330578512395
uniform,4,1.0,0.6528925619834711
uniform,4,4.0,0.9256198347107438
uniform,4,4.0,0.9173553719008265
uniform,4,0.0,0.5537190082644629
uniform,4,8.5440034866333,1.0
uniform,4,10.198039054870605,1.0
uniform,0,102.0,1.0
uniform,4,10.0,1.0
boundary,3,48.0,1.0
boundary,3,39.458839416503906,1.0
boundary,3,24.0,1.0
boundary,2,0.0,0.5371900826446281
boundary,2,4.123105525970459,0.9421487603305785
boundary,3,18.867961883544922,1.0
boundary,3,2.2360680103302,0.7851239669421488
boundary,2,12.206555366516113,1.0
boundary,3,9.219544410705566,1.0
boundary,3,10.630146026611328,1.0
boundary,3,23.021728515625,1.0
boundary,3,20.615528106689453,1.0
boundary,3,2.2360680103302,0.7768595041322314
boundary,2,74.3303451538086,1.0
boundary,0,1.0,0.6033057851239669
boundary,2,12.649110794067383,1.0
boundary,0,6.7082037925720215,1.0
boundary,2,6.324555397033691,1.0
boundary,0,3.605551242828369,0.9090909090909091
boundary,2,0.0,0.5454545454545454
boundary,2,67.18630981445312,1.0
boundary,0,25.0,1.0
boundary,2,13.03840446472168,1.0
boundary,0,1.0,0.5950413223140496
boundary,0,32.893768310546875,1.0
boundary,0,2.0,0.768595041322314
boundary,0,3.605551242828369,0.9008264462809917
boundary,2,14.317821502685547,1.0
boundary,4,0.0,0.5619834710743802
boundary,4,2.2360680103302,0.8016528925619835
boundary,4,0.0,0.5454545454545454
boundary,4,4.123105525970459,0.9338842975206612
boundary,0,3.0,0.859504132231405
boundary,4,0.0,0.5619834710743802
boundary,4,5.830951690673828,1.0
boundary,4,1.0,0.5619834710743802
boundary,0,1.0,0.8099173553719008
boundary,4,6.324555397033691,1.0
boundary,4,1.4142135381698608,0.6666666666666666
boundary,4,4.4721360206604,0.9431818181818182
interior,2,76.02631378173828,1.0
interior,3,64.19501495361328,1.0
interior,3,57.48912811279297,1.0
interior,3,49.47726821899414,1.0
interior,3,38.832977294921875,1.0
interior,3,35.1710090637207,1.0
interior,3,12.0,1.0
interior,3,20.124610900878906,1.0
interior,3,26.90724754333496,1.0
interior,3,40.70626449584961,1.0
interior,3,27.658634185791016,1.0
interior,2,37.36308288574219,1.0
interior,2,9.05538558959961,1.0
interior,2,74.3303451538086,1.0
interior,2,93.62158203125,1.0
interior,2,10.198039054870605,1.0
interior,0,22.472204208374023,1.0
interior,2,86.92525482177734,1.0
interior,2,78.10890197753906,1.0
interior,2,73.37574768066406,1.0
interior,2,35.44009017944336,1.0
interior,0,77.16217041015625,1.0
interior,0,68.4105224609375,1.0
interior,0,76.843994140625,1.0
interior,0,81.59656524658203,1.0
interior,0,48.46648406982422,1.0
interior,0,92.02716827392578,1.0
interior,0,99.29753112792969,1.0
interior,0,71.44927978515625,1.0
interior,4,7.211102485656738,1.0
interior,4,8.9442720413208,1.0
interior,4,12.369317054748535,1.0
interior,4,12.369317054748535,1.0
interior,4,13.34166431427002,1.0
interior,4,8.9442720413208,1.0
interior,0,95.0,1.0
interior,4,14.317821502685547,1.0
interior,4,13.416407585144043,1.0
interior,4,12.083045959472656,1.0
interior,4,0.0,0.5909090909090909
uniform,3,5.656854152679443,0.9696969696969697
uniform,3,57.00876998901367,1.0
uniform,3,45.0,1.0
uniform,2,11.180339813232422,1.0
uniform,3,13.152946472167969,1.0
uniform,3,11.0,1.0
uniform,3,11.704699516296387,1.0
uniform,3,25.70992088317871,1.0
uniform,2,1.0,0.6363636363636364
uniform,2,42.01190185546875,1.0
uniform,3,18.973665237426758,1.0
uniform,3,36.055511474609375,1.0
uniform,2,35.35533905029297,1.0
uniform,2,2.2360680103302,0.8016528925619835
uniform,2,50.695167541503906,1.0
uniform,3,4.242640495300293,0.9256198347107438
uniform,2,23.0867919921875,1.0
uniform,2,6.4031243324279785,0.9917355371900827
uniform,2,36.055511474609375,1.0
uniform,2,89.73851013183594,1.0
uniform,0,13.601470947265625,1.0
uniform,0,16.492422103881836,1.0
uniform,0,1.4142135381698608,0.6942148760330579
uniform,0,15.524174690246582,1.0
uniform,0,57.567352294921875,1.0
uniform,0,40.804412841796875,1.0
uniform,0,31.62277603149414,1.0
uniform,0,2.2360680103302,0.8016528925619835
uniform,0,2.0,0.7603305785123967
uniform,0,105.38026428222656,1.0
uniform,4,1.0,0.4132231404958678
uniform,4,5.099019527435303,0.9834710743801653
uniform,4,4.123105525970459,0.9421487603305785
uniform,4,6.082762718200684,1.0
uniform,4,6.324555397033691,1.0
uniform,4,8.5440034866333,1.0
uniform,4,9.486832618713379,1.0
uniform,4,5.0,0.9752066115702479
uniform,4,11.661903381347656,1.0
uniform,4,11.180339813232422,1.0
boundary,3,7.211102485656738,1.0
boundary,3,10.770329475402832,1.0
boundary,2,40.360870361328125,1.0
boundary,3,6.0,1.0
boundary,3,8.246211051940918,1.0
boundary,3,11.0,1.0
boundary,2,1.0,0.6611570247933884
boundary,2,10.770329475402832,1.0
boundary,3,8.0,1.0
boundary,2,28.44292449951172,1.0
boundary,3,2.2360680103302,0.7933884297520661
boundary,3,4.242640495300293,0.9338842975206612
boundary,3,4.123105525970459,0.9173553719008265
boundary,3,4.123105525970459,0.9090909090909091
boundary,2,7.071067810058594,1.0
boundary,2,6.324555397033691,1.0
boundary,2,8.062257766723633,1.0
boundary,0,9.219544410705566,1.0
boundary,2,33.241539001464844,1.0
boundary,2,4.0,0.9173553719008265
boundary,0,2.0,0.7603305785123967
boundary,0,71.47027587890625,1.0
boundary,0,64.19501495361328,1.0
boundary,0,5.0,0.9752066115702479
boundary,0,13.928388595581055,1.0
boundary,0,4.123105525970459,0.9421487603305785
boundary,4,0.0,0.5537190082644629
boundary,2,1.4142135381698608,0.6942148760330579
boundary,4,0.0,0.5454545454545454
boundary,4,2.0,0.7355371900826446
boundary,4,0.0,0.512396694214876
boundary,4,0.0,0.512396694214876
boundary,4,2.8284270763397217,0.8099173553719008
boundary,0,71.11258697509766,1.0
boundary,0,6.324555397033691,1.0
boundary,4,1.0,0.5950413223140496
boundary,4,5.099019527435303,0.9834710743801653
boundary,4,1.4142135381698608,0.7373737373737373
boundary,0,1.0,0.5681818181818182
boundary,4,1.0,0.5909090909090909
interior,3,66.21932983398438,1.0
interior,3,59.13543701171875,1.0
interior,3,63.0,1.0
interior,3,62.0,1.0
interior,2,74.24958038330078,1.0
interior,2,63.51377868652344,1.0
interior,3,46.51881408691406,1.0
interior,3,40.804412841796875,1.0
interior,3,37.121421813964844,1.0
interior,3,25.495098114013672,1.0
interior,3,29.529645919799805,1.0
interior,2,29.4108829498291,1.0
interior,3,31.320919036865234,1.0
interior,2,6.324555397033691,1.0
interior,2,19.416488647460938,1.0
interior,0,21.540658950805664,1.0
interior,2,88.95504760742188,1.0
interior,2,93.60555267333984,1.0
interior,2,73.0,1.0
interior,2,81.90848541259766,1.0
interior,0,77.49193572998047,1.0
interior,0,66.40782928466797,1.0
interior,2,42.04759216308594,1.0
interior,0,58.18934631347656,1.0
interior,0,74.3303451538086,1.0
interior,0,91.78779602050781,1.0
interior,0,117.0042724609375,1.0
interior,4,4.4721360206604,0.9586776859504132
interior,4,7.211102485656738,1.0
interior,4,5.385164737701416,0.9917355371900827
interior,4,8.5440034866333,1.0
interior,0,43.011627197265625,1.0
interior,4,11.704699516296387,1.0
interior,0,116.0,1.0
interior,4,10.198039054870605,1.0
interior,4,5.385164737701416,1.0
interior,4,13.416407585144043,1.0
interior,4,12.041594505310059,1.0
interior,0,117.0,1.0
interior,4,14.764822959899902,1.0
uniform,3,46.173583984375,1.0
uniform,3,46.87216567993164,1.0
uniform,3,33.541019439697266,1.0
uniform,3,20.59126091003418,1.0
uniform,3,5.385164737701416,0.9834710743801653
uniform,2,42.44997024536133,1.0
uniform,3,2.0,0.7272727272727273
uniform,2,4.4721360206604,0.9586776859504132
uniform,3,12.165525436401367,1.0
uniform,2,38.07886505126953,1.0
uniform,3,10.816654205322266,1.0
uniform,3,5.0,0.9586776859504132
uniform,3,2.0,0.743801652892562
uniform,2,10.198039054870605,1.0
uniform,2,86.53323364257812,1.0
uniform,2,67.89698028564453,1.0
uniform,0,21.189620971679688,1.0
uniform,2,89.1852035522461,1.0
uniform,0,25.298221588134766,1.0
uniform,2,52.77309799194336,1.0
uniform,0,71.7844009399414,1.0
uniform,0,36.24913787841797,1.0
uniform,2,30.364452362060547,1.0
uniform,0,98.97979736328125,1.0
uniform,0,54.81787872314453,1.0
uniform,0,119.54078674316406,1.0
uniform,4,0.0,0.34710743801652894
uniform,0,106.0660171508789,1.0
uniform,4,1.0,0.5454545454545454
uniform,2,1.0,0.6033057851239669
uniform,4,0.0,0.49586776859504134
uniform,4,1.0,0.6033057851239669
uniform,4,5.385164737701416,0.9917355371900827
uniform,0,1.0,0.6033057851239669
uniform,4,1.0,0.6446280991735537
uniform,4,8.062257766723633,1.0
uniform,4,3.1622776985168457,0.8677685950413223
uniform,0,29.0,1.0
uniform,4,8.9442720413208,1.0
uniform,4,11.0,1.0
boundary,3,52.0,1.0
boundary,2,0.0,0.512396694214876
boundary,3,29.96664810180664,1.0
boundary,3,6.7082037925720215,1.0
boundary,3,11.180339813232422,1.0
boundary,3,15.231546401977539,1.0
boundary,2,3.0,0.8512396694214877
boundary,3,19.10497283935547,1.0
boundary,3,19.92485809326172,1.0
boundary,3,1.4142135381698608,0.7272727272727273
boundary,3,9.433980941772461,1.0
boundary,2,16.401220321655273,1.0
boundary,2,2.2360680103302,0.8016528925619835
boundary,3,3.605551242828369,0.9090909090909091
boundary,2,69.46221923828125,1.0
boundary,2,7.280109882354736,1.0
boundary,0,8.9442720413208,1.0
boundary,0,38.27531814575195,1.0
boundary,0,8.5440034866333,1.0
boundary,0,11.401754379272461,1.0
boundary,2,25.0,1.0
boundary,0,66.7607650756836,1.0
boundary,0,37.336307525634766,1.0
boundary,2,11.180339813232422,1.0
boundary,2,5.099019527435303,0.9834710743801653
boundary,2,13.0,1.0
boundary,0,9.0,1.0
boundary,0,10.198039054870605,1.0
boundary,4,0.0,0.5867768595041323
boundary,4,0.0,0.5289256198347108
boundary,4,0.0,0.5785123966942148
boundary,4,0.0,0.5619834710743802
boundary,4,3.0,0.8429752066115702
boundary,4,2.0,0.5950413223140496
boundary,0,94.00531768798828,1.0
boundary,0,9.848857879638672,1.0
boundary,4,0.0,0.5041322314049587
boundary,4,6.7082037925720215,1.0
boundary,4,1.0,0.5909090909090909
boundary,4,2.0,0.7922077922077922
interior,3,63.0,1.0
interior,3,47.381431579589844,1.0
interior,3,54.7448616027832,1.0
interior,3,54.5710563659668,1.0
interior,3,47.095645904541016,1.0
interior,3,50.35871505737305,1.0
interior,2,57.245086669921875,1.0
interior,3,51.400390625,1.0
interior,3,48.83646011352539,1.0
interior,3,34.438350677490234,1.0
interior,3,37.0,1.0
interior,2,31.95309066772461,1.0
interior,2,51.0,1.0
interior,2,34.78505325317383,1.0
interior,2,72.40165710449219,1.0
interior,2,101.0,1.0
interior,2,106.67708587646484,1.0
interior,2,94.5568618774414,1.0
interior,0,24.351591110229492,1.0
interior,0,48.703182220458984,1.0
interior,2,38.60051727294922,1.0
interior,2,19.92485809326172,1.0
interior,0,84.75848388671875,1.0
interior,0,93.92018127441406,1.0
interior,0,89.8109130859375,1.0
interior,0,103.4069595336914,1.0
interior,0,112.14722442626953,1.0
interior,0,125.22779083251953,1.0
interior,0,42.04759216308594,1.0
interior,4,6.7082037925720215,1.0
interior,4,6.324555397033691,1.0
interior,0,40.04996871948242,1.0
interior,4,12.083045959472656,1.0
interior,4,9.486832618713379,1.0
interior,4,8.9442720413208,1.0
interior,4,11.704699516296387,1.0
interior,4,6.7082037925720215,1.0
interior,4,3.0,0.859504132231405
interior,4,14.560219764709473,1.0
interior,4,15.0,1.0
uniform,0,7.071067810058594,1.0
uniform,2,17.0,1.0
uniform,0,13.892443656921387,1.0
uniform,0,12.083045959472656,1.0
uniform,2,14.560219764709473,1.0
uniform,2,6.324555397033691,1.0
uniform,0,42.43819046020508,1.0
uniform,2,0.0,0.5
uniform,0,18.248287200927734,1.0
uniform,2,9.486832618713379,1.0
uniform,3,62.36986541748047,1.0
uniform,2,25.298221588134766,1.0
uniform,3,9.848857879638672,1.0
uniform,2,16.031219482421875,1.0
uniform,3,10.440306663513184,1.0
uniform,3,80.60397338867188,1.0
uniform,2,15.132745742797852,1.0
uniform,3,69.7782211303711,1.0
uniform,2,10.770329475402832,1.0
uniform,4,1.0,0.5950413223140496
uniform,4,1.0,0.6363636363636364
uniform,4,1.0,0.5785123966942148
uniform,2,1.4142135381698608,0.7024793388429752
uniform,4,6.324555397033691,1.0
uniform,4,8.9442720413208,1.0
uniform,3,49.19349670410156,1.0
uniform,4,5.830951690673828,0.990909090909091
uniform,4,6.7082037925720215,1.0
uniform,4,3.1622776985168457,0.859504132231405
uniform,0,28.44292449951172,1.0
uniform,4,4.4721360206604,0.9318181818181818
uniform,4,4.0,0.8441558441558441
uniform,3,35.902645111083984,1.0
uniform,0,26.07680892944336,1.0
uniform,0,18.384777069091797,1.0
uniform,0,13.0,1.0
uniform,3,10.29563045501709,1.0
uniform,3,8.0,1.0
uniform,3,21.840330123901367,1.0
uniform,0,18.0,1.0
boundary,2,8.246211051940918,1.0
boundary,3,3.0,0.8512396694214877
boundary,3,6.7082037925720215,1.0
boundary,0,6.4031243324279785,0.9917355371900827
boundary,3,14.866068840026855,1.0
boundary,0,4.0,0.9338842975206612
boundary,3,26.07680892944336,1.0
boundary,2,1.4142135381698608,0.6859504132231405
boundary,0,5.0,0.9752066115702479
boundary,2,2.0,0.7603305785123967
boundary,3,37.2155876159668,1.0
boundary,2,4.0,0.9338842975206612
boundary,2,3.1622776985168457,0.8677685950413223
boundary,2,6.082762718200684,1.0
boundary,2,8.246211051940918,1.0
boundary,2,10.198039054870605,1.0
boundary,4,1.0,0.6611570247933884
boundary,2,7.071067810058594,1.0
boundary,2,1.0,0.5950413223140496
boundary,4,2.2360680103302,0.7355371900826446
boundary,4,3.605551242828369,0.9090909090909091
boundary,4,0.0,0.512396694214876
boundary,0,6.0,1.0
boundary,4,0.0,0.5785123966942148
boundary,4,0.0,0.5289256198347108
boundary,4,5.0,0.9494949494949495
boundary,4,2.2360680103302,0.7909090909090909
boundary,4,2.0,0.6363636363636364
boundary,4,1.0,0.45454545454545453
boundary,3,7.8102498054504395,1.0
boundary,3,8.9442720413208,1.0
boundary,0,1.4142135381698608,0.6859504132231405
boundary,0,6.0,1.0
boundary,3,12.0,1.0
boundary,0,30.675724029541016,1.0
boundary,0,0.0,0.5619834710743802
boundary,0,13.0,1.0
boundary,0,2.8284270763397217,0.8512396694214877
boundary,3,3.1622776985168457,0.8512396694214877
boundary,3,19.235383987426758,1.0
interior,2,27.0,1.0
interior,0,60.16643524169922,1.0
interior,0,51.195701599121094,1.0
interior,2,19.235383987426758,1.0
interior,3,6.4031243324279785,0.9917355371900827
interior,3,29.27456283569336,1.0
interior,2,20.248456954956055,1.0
interior,3,47.07440948486328,1.0
interior,2,16.492422103881836,1.0
interior,2,22.135944366455078,1.0
interior,3,37.0,1.0
interior,2,14.866068840026855,1.0
interior,2,19.646883010864258,1.0
interior,2,13.601470947265625,1.0
interior,2,23.0867919921875,1.0
interior,2,18.0,1.0
interior,3,78.44743347167969,1.0
interior,3,78.44743347167969,1.0
interior,3,64.49806213378906,1.0
interior,3,72.03471374511719,1.0
interior,4,6.324555397033691,1.0
interior,4,7.280109882354736,1.0
interior,4,8.0,1.0
interior,4,11.180339813232422,1.0
interior,4,11.401754379272461,1.0
interior,4,10.816654205322266,1.0
interior,4,1.0,0.5785123966942148
interior,4,9.433980941772461,1.0
interior,4,7.071067810058594,1.0
interior,4,5.0,0.9545454545454546
interior,0,36.13862228393555,1.0
interior,0,43.382022857666016,1.0
interior,0,41.04875183105469,1.0
interior,0,41.617305755615234,1.0
interior,0,33.734256744384766,1.0
interior,0,38.01315689086914,1.0
interior,0,31.400636672973633,1.0
interior,0,32.572994232177734,1.0
interior,3,42.44997024536133,1.0
interior,3,21.63330841064453,1.0
uniform,2,2.0,0.7603305785123967
uniform,2,13.0,1.0
uniform,0,34.1760139465332,1.0
uniform,3,11.401754379272461,1.0
uniform,2,1.0,0.628099173553719
uniform,2,9.05538558959961,1.0
uniform,3,49.24428939819336,1.0
uniform,2,17.464248657226562,1.0
uniform,3,65.51335906982422,1.0
uniform,2,16.278820037841797,1.0
uniform,2,14.317821502685547,1.0
uniform,2,18.248287200927734,1.0
uniform,2,7.0,1.0
uniform,0,5.0,0.9752066115702479
uniform,3,56.51548385620117,1.0
uniform,2,14.866068840026855,1.0
uniform,3,66.21932983398438,1.0
uniform,3,34.20526123046875,1.0
uniform,4,0.0,0.3140495867768595
uniform,4,1.4142135381698608,0.6528925619834711
uniform,4,4.0,0.9090909090909091
uniform,3,36.2353401184082,1.0
uniform,4,0.0,0.4628099173553719
uniform,4,5.0,0.9669421487603306
uniform,4,0.0,0.48760330578512395
uniform,4,6.7082037925720215,1.0
uniform,4,3.1622776985168457,0.859504132231405
uniform,0,18.384777069091797,1.0
uniform,4,1.4142135381698608,0.6636363636363637
uniform,3,38.897300720214844,1.0
uniform,4,1.0,0.45454545454545453
uniform,0,29.120439529418945,1.0
uniform,3,9.433980941772461,1.0
uniform,0,37.80211639404297,1.0
uniform,0,31.240999221801758,1.0
uniform,0,21.470911026000977,1.0
uniform,0,34.0,1.0
uniform,3,10.816654205322266,1.0
uniform,0,18.357559204101562,1.0
uniform,0,23.0867919921875,1.0
boundary,0,10.198039054870605,1.0
boundary,0,20.2237491607666,1.0
boundary,3,1.0,0.628099173553719
boundary,2,1.0,0.6115702479338843
boundary,3,10.770329475402832,1.0
boundary,0,20.615528106689453,1.0
boundary,2,0.0,0.5619834710743802
boundary,2,10.198039054870605,1.0
boundary,0,6.324555397033691,1.0
boundary,2,2.0,0.7520661157024794
boundary,0,2.0,0.7107438016528925
boundary,3,56.08921432495117,1.0
boundary,3,10.0,1.0
boundary,2,9.848857879638672,1.0
boundary,2,2.0,0.7355371900826446
boundary,2,4.123105525970459,0.9586776859504132
boundary,2,1.0,0.6776859504132231
boundary,0,6.0,1.0
boundary,4,0.0,0.5454545454545454
boundary,2,1.0,0.6033057851239669
boundary,4,0.0,0.371900826446281
boundary,4,0.0,0.5041322314049587
boundary,4,2.2360680103302,0.7402597402597403
boundary,2,2.0,0.743801652892562
boundary,4,5.0,0.9669421487603306
boundary,4,3.605551242828369,0.9090909090909091
boundary,4,0.0,0.5785123966942148
boundary,4,2.0,0.743801652892562
boundary,4,1.0,0.6033057851239669
boundary,4,0.0,0.30303030303030304
boundary,3,25.298221588134766,1.0
boundary,0,9.05538558959961,1.0
boundary,0,16.124515533447266,1.0
boundary,0,21.02379608154297,1.0
boundary,0,21.095022201538086,1.0
boundary,3,0.0,0.512396694214876
boundary,3,17.0880069732666,1.0
boundary,3,8.246211051940918,1.0
boundary,3,12.0,1.0
boundary,3,20.02498435974121,1.0
interior,2,36.0,1.0
interior,2,35.0,1.0
interior,2,29.120439529418945,1.0
interior,0,49.24428939819336,1.0
interior,2,22.135944366455078,1.0
interior,3,31.400636672973633,1.0
interior,2,25.0,1.0
interior,2,23.53720474243164,1.0
interior,2,23.53720474243164,1.0
interior,3,64.53681182861328,1.0
interior,2,19.92485809326172,1.0
interior,2,22.803508758544922,1.0
interior,3,68.26419067382812,1.0
interior,3,70.71067810058594,1.0
interior,3,74.96665954589844,1.0
interior,3,62.7694206237793,1.0
interior,3,71.02816009521484,1.0
interior,2,1.0,0.6115702479338843
interior,4,5.099019527435303,0.9834710743801653
interior,4,7.071067810058594,1.0
interior,4,7.280109882354736,1.0
interior,4,9.219544410705566,1.0
interior,4,10.049875259399414,1.0
interior,4,11.0,1.0
interior,4,10.630146026611328,1.0
interior,4,10.816654205322266,1.0
interior,4,8.602325439453125,1.0
interior,4,6.4031243324279785,1.0
interior,3,38.832977294921875,1.0
interior,0,34.885528564453125,1.0
interior,0,32.98484420776367,1.0
interior,0,39.560081481933594,1.0
interior,0,38.910152435302734,1.0
interior,0,36.34556198120117,1.0
interior,0,39.4461669921875,1.0
interior,0,44.04542922973633,1.0
interior,3,0.0,0.5702479338842975
interior,0,33.970577239990234,1.0
interior,0,17.11724281311035,1.0
interior,3,56.080299377441406,1.0
uniform,2,21.0,1.0
uniform,0,23.021728515625,1.0
uniform,2,9.0,1.0
uniform,2,1.0,0.6611570247933884
uniform,3,13.34166431427002,1.0
uniform,3,15.264337539672852,1.0
uniform,2,4.4721360206604,0.9669421487603306
uniform,3,2.8284270763397217,0.8264462809917356
uniform,3,54.81787872314453,1.0
uniform,2,15.524174690246582,1.0
uniform,3,57.567352294921875,1.0
uniform,2,17.0880069732666,1.0
uniform,2,14.560219764709473,1.0
uniform,2,7.6157732009887695,1.0
uniform,2,9.486832618713379,1.0
uniform,4,1.0,0.5584415584415584
uniform,2,4.0,0.9173553719008265
uniform,4,0.0,0.4132231404958678
uniform,4,4.4721360206604,0.9393939393939394
uniform,4,6.324555397033691,1.0
uniform,4,6.0,1.0
uniform,4,6.0,1.0
uniform,4,8.9442720413208,1.0
uniform,4,6.7082037925720215,1.0
uniform,4,7.6157732009887695,1.0
uniform,4,5.830951690673828,0.987012987012987
uniform,3,50.9215087890625,1.0
uniform,0,30.675724029541016,1.0
uniform,3,2.8284270763397217,0.8429752066115702
uniform,0,34.71310806274414,1.0
uniform,3,13.0,1.0
uniform,0,26.248809814453125,1.0
uniform,0,5.385164737701416,0.9834710743801653
uniform,0,39.0,1.0
uniform,0,14.560219764709473,1.0
uniform,0,27.892650604248047,1.0
uniform,3,1.0,0.6942148760330579
uniform,0,7.8102498054504395,1.0
uniform,0,22.627416610717773,1.0
uniform,3,8.246211051940918,1.0
boundary,0,19.235383987426758,1.0
boundary,2,4.0,0.9090909090909091
boundary,0,6.7082037925720215,1.0
boundary,2,2.0,0.768595041322314
boundary,2,1.0,0.6033057851239669
boundary,0,10.198039054870605,1.0
boundary,3,27.892650604248047,1.0
boundary,2,6.324555397033691,1.0
boundary,2,2.8284270763397217,0.8181818181818182
boundary,2,0.0,0.5206611570247934
boundary,3,18.027755737304688,1.0
boundary,2,10.198039054870605,1.0
boundary,2,11.704699516296387,1.0
boundary,2,4.0,0.9504132231404959
boundary,4,1.0,0.5950413223140496
boundary,4,1.0,0.5041322314049587
boundary,4,1.0,0.5454545454545454
boundary,0,1.0,0.628099173553719
boundary,2,0.0,0.512396694214876
boundary,3,5.830951690673828,1.0
boundary,4,4.123105525970459,0.9173553719008265
boundary,4,1.4142135381698608,0.71900826446281
boundary,4,1.0,0.6528925619834711
boundary,4,1.0,0.6033057851239669
boundary,4,0.0,0.5206611570247934
boundary,4,3.0,0.803030303030303
boundary,4,0.0,0.4462809917355372
boundary,3,25.495098114013672,1.0
boundary,0,29.017236709594727,1.0
boundary,3,11.180339813232422,1.0
boundary,0,10.049875259399414,1.0
boundary,3,1.0,0.5950413223140496
boundary,0,26.925823211669922,1.0
boundary,0,7.0,1.0
boundary,3,2.0,0.768595041322314
boundary,0,26.832815170288086,1.0
boundary,3,8.062257766723633,1.0
boundary,3,27.85677719116211,1.0
boundary,0,2.2360680103302,0.7171717171717171
boundary,3,32.140316009521484,1.0
interior,0,18.681541442871094,1.0
interior,0,55.54277801513672,1.0
interior,0,42.379241943359375,1.0
interior,2,19.646883010864258,1.0
interior,2,17.464248657226562,1.0
interior,3,4.4721360206604,0.9504132231404959
interior,0,9.486832618713379,1.0
interior,2,11.401754379272461,1.0
interior,2,22.472204208374023,1.0
interior,2,24.041629791259766,1.0
interior,3,46.57252502441406,1.0
interior,2,23.0867919921875,1.0
interior,3,73.68174743652344,1.0
interior,3,65.73431396484375,1.0
interior,2,20.099750518798828,1.0
interior,3,75.66372680664062,1.0
interior,2,22.135944366455078,1.0
interior,2,10.440306663513184,1.0
interior,3,72.3394775390625,1.0
interior,3,76.65507507324219,1.0
interior,2,11.401754379272461,1.0
interior,4,5.0,0.9772727272727273
interior,4,5.385164737701416,0.990909090909091
interior,4,2.0,0.7272727272727273
interior,4,8.246211051940918,1.0
interior,3,52.201534271240234,1.0
interior,4,7.0,1.0
interior,4,9.0,1.0
interior,4,10.198039054870605,1.0
interior,4,6.0,1.0
interior,4,8.9442720413208,1.0
interior,4,7.8102498054504395,1.0
interior,0,45.17742919921875,1.0
interior,0,34.20526123046875,1.0
interior,0,13.03840446472168,1.0
interior,0,33.83784866333008,1.0
interior,0,34.0,1.0
interior,0,15.033296585083008,1.0
interior,3,37.85498809814453,1.0
interior,3,2.0,0.7520661157024794
uniform,2,4.4721360206604,0.9494949494949495
uniform,2,10.440306663513184,1.0
uniform,2,2.0,0.743801652892562
uniform,0,22.56102752685547,1.0
uniform,3,10.770329475402832,1.0
uniform,0,27.459060668945312,1.0
uniform,0,9.486832618713379,1.0
uniform,0,11.180339813232422,1.0
uniform,2,12.649110794067383,1.0
uniform,2,21.840330123901367,1.0
uniform,2,22.803508758544922,1.0
uniform,2,18.973665237426758,1.0
uniform,2,12.369317054748535,1.0
uniform,2,6.7082037925720215,1.0
uniform,3,2.0,0.768595041322314
uniform,4,0.0,0.5181818181818182
uniform,4,1.0,0.5757575757575758
uniform,4,0.0,0.5041322314049587
uniform,2,1.0,0.6611570247933884
uniform,4,6.324555397033691,1.0
uniform,3,8.062257766723633,1.0
uniform,4,4.0,0.9090909090909091
uniform,0,6.082762718200684,1.0
uniform,3,36.878177642822266,1.0
uniform,4,7.0,1.0
uniform,4,0.0,0.512396694214876
uniform,4,3.0,0.7851239669421488
uniform,3,8.9442720413208,1.0
uniform,4,4.123105525970459,0.9090909090909091
uniform,4,5.830951690673828,0.9848484848484849
uniform,0,11.661903381347656,1.0
uniform,0,8.062257766723633,1.0
uniform,3,23.323806762695312,1.0
uniform,3,25.079872131347656,1.0
uniform,0,12.529964447021484,1.0
uniform,0,35.735137939453125,1.0
uniform,3,3.0,0.8264462809917356
uniform,3,26.925823211669922,1.0
uniform,0,25.942243576049805,1.0
uniform,3,43.185646057128906,1.0
boundary,2,0.0,0.42045454545454547
boundary,2,0.0,0.512396694214876
boundary,0,0.0,0.5041322314049587
boundary,2,8.246211051940918,1.0
boundary,3,2.8284270763397217,0.8016528925619835
boundary,0,7.8102498054504395,1.0
boundary,3,17.464248657226562,1.0
boundary,2,5.385164737701416,1.0
boundary,2,12.083045959472656,1.0
boundary,3,5.099019527435303,0.9917355371900827
boundary,3,22.203603744506836,1.0
boundary,2,11.704699516296387,1.0
boundary,2,7.0,1.0
boundary,2,0.0,0.5206611570247934
boundary,4,0.0,0.48484848484848486
boundary,4,0.0,0.5041322314049587
boundary,2,9.05538558959961,1.0
boundary,4,3.605551242828369,0.8818181818181818
boundary,2,0.0,0.5206611570247934
boundary,4,1.0,0.6363636363636364
boundary,4,0.0,0.5289256198347108
boundary,4,5.385164737701416,0.9818181818181818
boundary,4,0.0,0.5619834710743802
boundary,3,42.72002029418945,1.0
boundary,3,0.0,0.5537190082644629
boundary,4,1.4142135381698608,0.7272727272727273
boundary,4,3.0,0.803030303030303
boundary,4,0.0,0.33636363636363636
boundary,3,14.317821502685547,1.0
boundary,0,22.360679626464844,1.0
boundary,0,2.8284270763397217,0.8016528925619835
boundary,0,0.0,0.5702479338842975
boundary,0,6.0,1.0
boundary,3,12.041594505310059,1.0
boundary,0,35.0,1.0
boundary,3,4.0,0.9338842975206612
boundary,0,4.0,0.9008264462809917
boundary,0,3.605551242828369,0.9008264462809917
boundary,0,22.090721130371094,1.0
boundary,3,7.8102498054504395,1.0
interior,2,36.67424011230469,1.0
interior,0,46.0,1.0
interior,0,43.680660247802734,1.0
interior,2,23.34523582458496,1.0
interior,3,38.0,1.0
interior,2,11.704699516296387,1.0
interior,3,46.86149978637695,1.0
interior,2,22.360679626464844,1.0
interior,2,19.235383987426758,1.0
interior,2,5.099019527435303,0.9917355371900827
interior,3,70.61161041259766,1.0
interior,3,70.21395874023438,1.0
interior,3,67.18630981445312,1.0
interior,2,25.495098114013672,1.0
interior,2,1.0,0.6446280991735537
interior,2,19.646883010864258,1.0
interior,3,62.3939094543457,1.0
interior,3,74.5452880859375,1.0
interior,2,11.401754379272461,1.0
interior,4,7.0,1.0
interior,4,9.05538558959961,1.0
interior,4,3.0,0.8181818181818182
interior,4,9.0,1.0
interior,4,8.0,1.0
interior,4,11.180339813232422,1.0
interior,4,2.0,0.7603305785123967
interior,4,6.4031243324279785,1.0
interior,4,7.211102485656738,1.0
interior,4,3.0,0.803030303030303
interior,3,37.80211639404297,1.0
interior,3,26.925823211669922,1.0
interior,0,20.0,1.0
interior,0,36.0,1.0
interior,0,18.027755737304688,1.0
interior,0,35.44009017944336,1.0
interior,0,26.4007568359375,1.0
interior,0,21.0,1.0
interior,0,16.970561981201172,1.0
interior,0,15.264337539672852,1.0
interior,3,1.0,0.7121212121212122
uniform,2,3.1622776985168457,0.8760330578512396
uniform,2,8.246211051940918,1.0
uniform,0,15.0,1.0
uniform,2,17.72004508972168,1.0
uniform,0,5.0,0.9917355371900827
uniform,2,7.280109882354736,1.0
uniform,3,6.7082037925720215,1.0
uniform,3,10.198039054870605,1.0
uniform,0,17.0880069732666,1.0
uniform,3,25.179357528686523,1.0
uniform,2,2.8284270763397217,0.8099173553719008
uniform,3,36.0,1.0
uniform,2,18.439088821411133,1.0
uniform,3,43.17406463623047,1.0
uniform,2,3.0,0.8429752066115702
uniform,2,1.0,0.6528925619834711
uniform,2,2.8284270763397217,0.8181818181818182
uniform,2,2.8284270763397217,0.8099173553719008
uniform,4,0.0,0.4675324675324675
uniform,4,0.0,0.5041322314049587
uniform,4,1.0,0.5950413223140496
uniform,4,3.0,0.7851239669421488
uniform,4,6.0,1.0
uniform,0,18.0,1.0
uniform,4,2.8284270763397217,0.7603305785123967
uniform,4,5.385164737701416,0.9752066115702479
uniform,4,8.062257766723633,1.0
uniform,4,5.0,0.9494949494949495
uniform,4,2.8284270763397217,0.6931818181818182
uniform,0,32.649654388427734,1.0
uniform,3,15.132745742797852,1.0
uniform,0,8.062257766723633,1.0
uniform,0,22.472204208374023,1.0
uniform,0,11.401754379272461,1.0
uniform,0,19.313207626342773,1.0
uniform,3,3.605551242828369,0.9090909090909091
uniform,0,9.219544410705566,1.0
uniform,3,32.280025482177734,1.0
uniform,3,32.75667953491211,1.0
uniform,3,22.0,1.0
boundary,0,25.079872131347656,1.0
boundary,0,11.180339813232422,1.0
boundary,2,20.880613327026367,1.0
boundary,3,6.324555397033691,1.0
boundary,2,2.0,0.6753246753246753
boundary,3,25.495098114013672,1.0
boundary,2,1.0,0.6363636363636364
boundary,2,3.1622776985168457,0.8677685950413223
boundary,2,1.0,0.4214876033057851
boundary,2,19.235383987426758,1.0
boundary,3,18.439088821411133,1.0
boundary,2,13.152946472167969,1.0
boundary,2,21.587032318115234,1.0
boundary,3,2.0,0.7355371900826446
boundary,2,9.219544410705566,1.0
boundary,2,13.0,1.0
boundary,4,0.0,0.5041322314049587
boundary,4,2.0,0.6363636363636364
boundary,4,4.0,0.9090909090909091
boundary,4,1.0,0.5537190082644629
boundary,4,1.0,0.5785123966942148
boundary,4,2.8284270763397217,0.8512396694214877
boundary,4,2.0,0.7603305785123967
boundary,4,2.8284270763397217,0.8080808080808081
boundary,4,1.0,0.5714285714285714
boundary,4,1.0,0.6212121212121212
boundary,0,21.40093421936035,1.0
boundary,3,24.20743751525879,1.0
boundary,0,15.0,1.0
boundary,0,5.385164737701416,1.0
boundary,0,7.0,1.0
boundary,3,6.4031243324279785,0.9917355371900827
boundary,3,2.2360680103302,0.8016528925619835
boundary,0,16.552946090698242,1.0
boundary,0,3.1622776985168457,0.8677685950413223
boundary,3,5.830951690673828,0.9917355371900827
boundary,3,4.123105525970459,0.9504132231404959
boundary,0,6.4031243324279785,0.9917355371900827
boundary,0,1.4142135381698608,0.6942148760330579
boundary,3,6.0,1.0
interior,0,51.009803771972656,1.0
interior,0,47.16990661621094,1.0
interior,0,39.560081481933594,1.0
interior,2,21.587032318115234,1.0
interior,2,18.973665237426758,1.0
interior,2,13.152946472167969,1.0
interior,0,23.706539154052734,1.0
interior,2,5.0,0.9752066115702479
interior,2,22.803508758544922,1.0
interior,2,19.416488647460938,1.0
interior,2,15.524174690246582,1.0
interior,2,14.866068840026855,1.0
interior,3,69.42621612548828,1.0
interior,2,24.73863410949707,1.0
interior,3,36.68787384033203,1.0
interior,3,59.07622146606445,1.0
interior,3,61.400325775146484,1.0
interior,2,24.041629791259766,1.0
interior,3,73.24616241455078,1.0
interior,3,79.22752380371094,1.0
interior,3,75.28611755371094,1.0
interior,3,52.430908203125,1.0
interior,4,1.0,0.5454545454545454
interior,4,9.219544410705566,1.0
interior,4,5.0,1.0
interior,4,4.0,0.8925619834710744
interior,4,8.0,1.0
interior,4,9.219544410705566,1.0
interior,4,8.9442720413208,1.0
interior,4,6.7082037925720215,1.0
interior,3,55.0,1.0
interior,4,0.0,0.5619834710743802
interior,4,5.830951690673828,0.987012987012987
interior,3,35.11410140991211,1.0
interior,0,40.31128692626953,1.0
interior,0,43.416587829589844,1.0
interior,0,24.041629791259766,1.0
interior,0,39.217342376708984,1.0
interior,0,7.071067810058594,1.0
interior,0,19.0,1.0
uniform,2,29.832868576049805,1.0
uniform,2,43.0,1.0
uniform,3,0.0,0.5206611570247934
uniform,2,7.071067810058594,1.0
uniform,2,2.2360680103302,0.7851239669421488
uniform,2,34.71310806274414,1.0
uniform,2,50.695167541503906,1.0
uniform,2,9.219544410705566,1.0
uniform,2,24.351591110229492,1.0
uniform,0,12.041594505310059,1.0
uniform,0,12.165525436401367,1.0
uniform,3,27.294687271118164,1.0
uniform,0,1.0,0.6363636363636364
uniform,0,13.601470947265625,1.0
uniform,3,3.0,0.8181818181818182
uniform,0,13.0,1.0
uniform,0,2.0,0.7603305785123967
uniform,0,2.0,0.743801652892562
uniform,0,3.1622776985168457,0.9256198347107438
uniform,0,1.0,0.7024793388429752
uniform,3,13.0,1.0
uniform,3,52.08646774291992,1.0
uniform,3,55.154327392578125,1.0
uniform,3,24.413110733032227,1.0
uniform,0,6.324555397033691,1.0
uniform,2,8.5440034866333,1.0
uniform,3,2.0,0.7603305785123967
uniform,3,22.0,1.0
uniform,2,1.4142135381698608,0.7355371900826446
uniform,3,5.385164737701416,0.9545454545454546
boundary,0,5.385164737701416,1.0
boundary,3,34.058773040771484,1.0
boundary,0,10.0,1.0
boundary,2,0.0,0.5867768595041323
boundary,3,7.6157732009887695,1.0
boundary,2,9.848857879638672,1.0
boundary,2,5.385164737701416,0.9917355371900827
boundary,2,15.231546401977539,1.0
boundary,2,10.0,1.0
boundary,2,0.0,0.5619834710743802
boundary,0,0.0,0.5454545454545454
boundary,3,16.124515533447266,1.0
boundary,2,7.280109882354736,1.0
boundary,0,12.369317054748535,1.0
boundary,0,1.0,0.6363636363636364
boundary,0,2.8284270763397217,0.8429752066115702
boundary,0,1.0,0.6115702479338843
boundary,0,7.0,1.0
boundary,3,18.357559204101562,1.0
boundary,3,5.830951690673828,1.0
boundary,3,4.0,0.9256198347107438
boundary,3,6.0,1.0
boundary,2,4.0,0.9338842975206612
boundary,3,2.0,0.7107438016528925
boundary,2,3.605551242828369,0.8925619834710744
boundary,2,20.39607810974121,1.0
boundary,3,7.0,1.0
boundary,0,3.1622776985168457,0.8842975206611571
boundary,3,14.866068840026855,1.0
boundary,0,0.0,0.48484848484848486
interior,3,35.84689712524414,1.0
interior,2,58.46366500854492,1.0
interior,2,3.605551242828369,0.9090909090909091
interior,3,36.49657440185547,1.0
interior,2,28.301942825317383,1.0
interior,2,31.048349380493164,1.0
interior,2,25.0,1.0
interior,2,43.32435989379883,1.0
interior,2,10.198039054870605,1.0
interior,2,30.675724029541016,1.0
interior,0,14.422204971313477,1.0
interior,2,39.560081481933594,1.0
interior,2,35.735137939453125,1.0
interior,0,7.6157732009887695,1.0
interior,0,19.72308349609375,1.0
interior,0,25.70992088317871,1.0
interior,0,25.942243576049805,1.0
interior,0,13.0,1.0
interior,0,18.788293838500977,1.0
interior,0,11.180339813232422,1.0
interior,0,8.0,1.0
interior,0,0.0,0.5454545454545454
interior,3,41.59326934814453,1.0
interior,3,12.083045959472656,1.0
interior,3,83.6002426147461,1.0
interior,3,68.88395690917969,1.0
interior,3,61.392181396484375,1.0
interior,3,77.02597045898438,1.0
interior,3,71.34423828125,1.0
interior,3,45.79301071166992,1.0
uniform,3,27.73084831237793,1.0
uniform,3,29.529645919799805,1.0
uniform,2,3.0,0.8181818181818182
uniform,3,14.03566837310791,1.0
uniform,2,21.260292053222656,1.0
uniform,2,38.27531814575195,1.0
uniform,2,37.121421813964844,1.0
uniform,2,30.805843353271484,1.0
uniform,0,2.2360680103302,0.7768595041322314
uniform,2,33.734256744384766,1.0
uniform,0,5.099019527435303,0.9917355371900827
uniform,0,4.4721360206604,0.9504132231404959
uniform,0,9.486832618713379,1.0
uniform,0,19.92485809326172,1.0
uniform,0,12.083045959472656,1.0
uniform,2,1.0,0.5950413223140496
uniform,3,25.70992088317871,1.0
uniform,0,25.0,1.0
uniform,0,8.062257766723633,1.0
uniform,0,2.0,0.7272727272727273
uniform,3,5.0,0.9752066115702479
uniform,3,47.41307830810547,1.0
uniform,3,2.8284270763397217,0.8264462809917356
uniform,3,46.75468063354492,1.0
uniform,3,23.25940704345703,1.0
uniform,3,26.419689178466797,1.0
uniform,2,15.0,1.0
uniform,0,5.0,0.9834710743801653
uniform,2,23.76972770690918,1.0
uniform,2,17.464248657226562,1.0
boundary,3,1.0,0.6694214876033058
boundary,2,5.385164737701416,0.9834710743801653
boundary,3,16.0,1.0
boundary,2,8.0,1.0
boundary,2,9.0,1.0
boundary,2,10.049875259399414,1.0
boundary,2,7.211102485656738,1.0
boundary,0,8.246211051940918,1.0
boundary,0,0.0,0.5206611570247934
boundary,0,1.0,0.6611570247933884
boundary,2,35.902645111083984,1.0
boundary,0,0.0,0.5454545454545454
boundary,2,7.6157732009887695,1.0
boundary,3,5.0,0.9669421487603306
boundary,3,16.124515533447266,1.0
boundary,3,20.59126091003418,1.0
boundary,0,2.8284270763397217,0.8181818181818182
boundary,0,1.0,0.7424242424242424
boundary,0,3.0,0.8264462809917356
boundary,0,1.4142135381698608,0.71900826446281
boundary,3,6.324555397033691,1.0
boundary,0,1.0,0.743801652892562
boundary,0,1.4142135381698608,0.6859504132231405
boundary,3,42.43819046020508,1.0
boundary,2,12.083045959472656,1.0
boundary,2,2.0,0.743801652892562
boundary,3,5.099019527435303,1.0
boundary,3,0.0,0.5537190082644629
boundary,2,0.0,0.5206611570247934
boundary,3,25.0,1.0
interior,3,43.73785400390625,1.0
interior,2,17.0,1.0
interior,2,4.123105525970459,0.9256198347107438
interior,3,30.463092803955078,1.0
interior,2,31.764760971069336,1.0
interior,2,21.3775577545166,1.0
interior,2,25.495098114013672,1.0
interior,2,31.016124725341797,1.0
interior,2,31.62277603149414,1.0
interior,2,32.0,1.0
interior,2,36.055511474609375,1.0
interior,2,29.832868576049805,1.0
interior,0,15.132745742797852,1.0
interior,0,18.601076126098633,1.0
interior,0,14.317821502685547,1.0
interior,0,15.132745742797852,1.0
interior,0,14.866068840026855,1.0
interior,0,6.0,1.0
interior,0,8.5440034866333,1.0
interior,0,14.560219764709473,1.0
interior,0,21.40093421936035,1.0
interior,0,13.416407585144043,1.0
interior,3,18.439088821411133,1.0
interior,3,79.30951690673828,1.0
interior,3,46.87216567993164,1.0
interior,3,69.2603759765625,1.0
interior,3,46.06517028808594,1.0
interior,3,70.60453033447266,1.0
interior,3,36.0,1.0
interior,3,22.847318649291992,1.0
uniform,3,16.492422103881836,1.0
uniform,3,19.646883010864258,1.0
uniform,2,5.385164737701416,1.0
uniform,2,1.0,0.6694214876033058
uniform,2,26.0,1.0
uniform,3,32.0,1.0
uniform,3,12.369317054748535,1.0
uniform,2,13.0,1.0
uniform,0,7.6157732009887695,1.0
uniform,2,24.041629791259766,1.0
uniform,0,13.892443656921387,1.0
uniform,2,18.439088821411133,1.0
uniform,0,12.649110794067383,1.0
uniform,2,8.5440034866333,1.0
uniform,0,3.605551242828369,0.9008264462809917
uniform,0,0.0,0.5537190082644629
uniform,3,6.082762718200684,1.0
uniform,0,6.7082037925720215,1.0
uniform,0,4.0,0.9090909090909091
uniform,2,0.0,0.5371900826446281
uniform,0,15.0,1.0
uniform,3,49.09175109863281,1.0
uniform,0,10.29563045501709,1.0
uniform,3,37.48332977294922,1.0
uniform,3,10.630146026611328,1.0
uniform,0,4.0,0.8760330578512396
uniform,2,22.803508758544922,1.0
uniform,2,7.071067810058594,1.0
uniform,3,2.0,0.7768595041322314
uniform,3,32.31098937988281,1.0
boundary,3,23.34523582458496,1.0
boundary,2,6.0,1.0
boundary,3,10.0,1.0
boundary,2,28.861740112304688,1.0
boundary,0,1.0,0.6033057851239669
boundary,2,23.34523582458496,1.0
boundary,0,2.8284270763397217,0.8016528925619835
boundary,0,5.830951690673828,0.9917355371900827
boundary,0,1.0,0.6694214876033058
boundary,0,1.0,0.6115702479338843
boundary,0,0.0,0.5702479338842975
boundary,2,15.132745742797852,1.0
boundary,0,5.830951690673828,0.9917355371900827
boundary,3,1.0,0.5785123966942148
boundary,0,0.0,0.5537190082644629
boundary,0,1.0,0.6363636363636364
boundary,0,5.0,1.0
boundary,3,12.083045959472656,1.0
boundary,3,9.848857879638672,1.0
boundary,2,1.0,0.5371900826446281
boundary,3,23.194826126098633,1.0
boundary,3,4.0,0.9173553719008265
boundary,2,8.062257766723633,1.0
boundary,3,11.313708305358887,1.0
boundary,2,17.029386520385742,1.0
boundary,3,18.0,1.0
boundary,2,7.8102498054504395,1.0
boundary,2,1.0,0.628099173553719
boundary,2,14.142135620117188,1.0
boundary,3,19.235383987426758,1.0
interior,2,47.04253387451172,1.0
interior,2,19.646883010864258,1.0
interior,2,44.0,1.0
interior,2,34.0,1.0
interior,2,15.231546401977539,1.0
interior,2,42.54409408569336,1.0
interior,2,29.120439529418945,1.0
interior,2,21.189620971679688,1.0
interior,2,37.336307525634766,1.0
interior,0,10.0,1.0
interior,0,5.830951690673828,1.0
interior,2,34.71310806274414,1.0
interior,0,15.524174690246582,1.0
interior,0,18.973665237426758,1.0
interior,0,25.298221588134766,1.0
interior,3,24.59674835205078,1.0
interior,0,24.59674835205078,1.0
interior,0,0.0,0.5867768595041323
interior,3,50.990196228027344,1.0
interior,0,19.235383987426758,1.0
interior,0,20.0,1.0
interior,0,23.600847244262695,1.0
interior,3,75.0,1.0
interior,3,71.7844009399414,1.0
interior,3,29.0,1.0
interior,3,76.11833190917969,1.0
interior,3,34.48188018798828,1.0
interior,3,48.05205535888672,1.0
interior,3,21.931713104248047,1.0
interior,3,12.806248664855957,1.0
uniform,3,54.33230972290039,1.0
uniform,2,21.095022201538086,1.0
uniform,2,22.360679626464844,1.0
uniform,0,10.440306663513184,1.0
uniform,0,2.0,0.7603305785123967
uniform,2,8.246211051940918,1.0
uniform,2,3.0,0.8429752066115702
uniform,0,13.892443656921387,1.0
uniform,0,9.219544410705566,1.0
uniform,2,22.135944366455078,1.0
uniform,2,22.56102752685547,1.0
uniform,2,8.0,1.0
uniform,0,19.92485809326172,1.0
uniform,2,0.0,0.5289256198347108
uniform,0,1.0,0.5950413223140496
uniform,0,14.0,1.0
uniform,3,28.844409942626953,1.0
uniform,0,7.211102485656738,1.0
uniform,0,0.0,0.5371900826446281
uniform,3,31.016124725341797,1.0
uniform,3,18.867961883544922,1.0
uniform,3,52.0,1.0
uniform,3,13.892443656921387,1.0
uniform,3,67.60177612304688,1.0
uniform,2,14.317821502685547,1.0
uniform,2,10.0,1.0
uniform,3,36.769554138183594,1.0
uniform,3,23.600847244262695,1.0
uniform,0,1.0,0.5537190082644629
uniform,3,10.29563045501709,1.0
boundary,0,6.082762718200684,1.0
boundary,0,2.0,0.7520661157024794
boundary,3,5.0,0.9834710743801653
boundary,3,15.231546401977539,1.0
boundary,2,12.529964447021484,1.0
boundary,3,7.0,1.0
boundary,2,15.264337539672852,1.0
boundary,2,9.848857879638672,1.0
boundary,2,18.384777069091797,1.0
boundary,2,20.0,1.0
boundary,0,9.0,1.0
boundary,0,8.062257766723633,1.0
boundary,2,10.049875259399414,1.0
boundary,2,16.124515533447266,1.0
boundary,2,29.73213768005371,1.0
boundary,0,1.0,0.6198347107438017
boundary,0,1.4142135381698608,0.7024793388429752
boundary,0,5.0,0.9669421487603306
boundary,0,1.0,0.6859504132231405
boundary,3,4.4721360206604,0.9504132231404959
boundary,3,0.0,0.5289256198347108
boundary,0,2.0,0.8264462809917356
boundary,0,5.656854152679443,0.9752066115702479
boundary,3,38.587562561035156,1.0
boundary,3,18.0,1.0
boundary,2,2.0,0.7520661157024794
boundary,3,25.0,1.0
boundary,3,8.062257766723633,1.0
boundary,2,28.284271240234375,1.0
boundary,3,2.2360680103302,0.6363636363636364
interior,0,6.082762718200684,1.0
interior,3,24.166091918945312,1.0
interior,2,56.88584899902344,1.0
interior,3,50.35871505737305,1.0
interior,3,35.12833786010742,1.0
interior,2,44.40720748901367,1.0
interior,2,27.73084831237793,1.0
interior,2,27.20294189453125,1.0
interior,0,12.0,1.0
interior,2,28.861740112304688,1.0
interior,2,40.024993896484375,1.0
interior,0,13.601470947265625,1.0
interior,0,15.132745742797852,1.0
interior,0,20.808652877807617,1.0
interior,0,17.262676239013672,1.0
interior,0,5.099019527435303,0.9917355371900827
interior,0,16.492422103881836,1.0
interior,0,17.464248657226562,1.0
interior,0,18.384777069091797,1.0
interior,3,61.0,1.0
interior,3,63.0,1.0
interior,3,65.29930877685547,1.0
interior,3,69.72087097167969,1.0
interior,3,76.68767547607422,1.0
interior,3,66.18912506103516,1.0
interior,3,49.39635467529297,1.0
interior,2,23.25940704345703,1.0
interior,2,17.8885440826416,1.0
interior,2,15.132745742797852,1.0
interior,2,21.40093421936035,1.0
uniform,3,30.149627685546875,1.0
uniform,3,13.0,1.0
uniform,2,7.071067810058594,1.0
uniform,3,1.0,0.6446280991735537
uniform,3,26.305892944335938,1.0
uniform,2,21.931713104248047,1.0
uniform,2,29.529645919799805,1.0
uniform,2,26.925823211669922,1.0
uniform,2,12.0,1.0
uniform,2,33.241539001464844,1.0
uniform,2,25.179357528686523,1.0
uniform,2,6.7082037925720215,1.0
uniform,0,12.041594505310059,1.0
uniform,0,11.180339813232422,1.0
uniform,0,6.324555397033691,1.0
uniform,0,6.7082037925720215,1.0
uniform,0,13.0,1.0
uniform,3,38.01315689086914,1.0
uniform,0,6.324555397033691,1.0
uniform,0,14.866068840026855,1.0
uniform,0,8.485280990600586,1.0
uniform,3,29.0,1.0
uniform,0,0.0,0.512396694214876
uniform,3,16.0,1.0
uniform,0,7.0,1.0
uniform,3,0.0,0.5206611570247934
uniform,3,39.69886779785156,1.0
uniform,2,10.440306663513184,1.0
uniform,3,23.706539154052734,1.0
uniform,2,25.612497329711914,1.0
boundary,0,2.0,0.7355371900826446
boundary,3,4.0,0.9504132231404959
boundary,3,9.848857879638672,1.0
boundary,2,5.385164737701416,0.9834710743801653
boundary,2,7.6157732009887695,1.0
boundary,2,4.123105525970459,0.9421487603305785
boundary,2,0.0,0.5785123966942148
boundary,2,29.120439529418945,1.0
boundary,2,6.0,1.0
boundary,0,2.0,0.7107438016528925
boundary,0,3.605551242828369,0.8760330578512396
boundary,2,4.4721360206604,0.9669421487603306
boundary,0,0.0,0.5867768595041323
boundary,3,15.65247631072998,1.0
boundary,0,3.0,0.8347107438016529
boundary,0,2.0,0.71900826446281
boundary,3,1.4142135381698608,0.7272727272727273
boundary,3,11.180339813232422,1.0
boundary,0,10.770329475402832,1.0
boundary,0,1.0,0.6198347107438017
boundary,0,2.0,0.7603305785123967
boundary,2,3.605551242828369,0.9090909090909091
boundary,0,2.8284270763397217,0.859504132231405
boundary,3,7.071067810058594,1.0
boundary,2,1.0,0.6198347107438017
boundary,3,1.4142135381698608,0.6859504132231405
boundary,3,0.0,0.6363636363636364
boundary,2,0.0,0.512396694214876
boundary,3,8.246211051940918,1.0
boundary,3,19.84943389892578,1.0
interior,2,44.283180236816406,1.0
interior,3,6.7082037925720215,1.0
interior,2,51.92301940917969,1.0
interior,2,50.447994232177734,1.0
interior,2,24.75883674621582,1.0
interior,2,38.470767974853516,1.0
interior,2,48.27007293701172,1.0
interior,2,44.271888732910156,1.0
interior,2,30.364452362060547,1.0
interior,2,38.60051727294922,1.0
interior,2,27.892650604248047,1.0
interior,0,22.135944366455078,1.0
interior,0,6.7082037925720215,1.0
interior,0,25.612497329711914,1.0
interior,0,27.20294189453125,1.0
interior,0,27.20294189453125,1.0
interior,0,26.248809814453125,1.0
interior,0,26.4007568359375,1.0
interior,0,25.553865432739258,1.0
interior,3,18.027755737304688,1.0
interior,3,54.230987548828125,1.0
interior,0,6.0,1.0
interior,0,22.022714614868164,1.0
interior,3,78.10249328613281,1.0
interior,3,72.53275299072266,1.0
interior,3,81.78630828857422,1.0
interior,3,10.770329475402832,1.0
interior,3,72.56720733642578,1.0
interior,3,81.3019027709961,1.0
interior,3,59.13543701171875,1.0
uniform,3,45.25483322143555,1.0
uniform,2,39.0,1.0
uniform,2,24.515300750732422,1.0
uniform,2,4.242640495300293,0.9256198347107438
uniform,3,161.0496826171875,1.0
uniform,2,34.0,1.0
uniform,3,28.23118782043457,1.0
uniform,5,6.324555397033691,1.0
uniform,5,6.324555397033691,1.0
uniform,5,7.6157732009887695,1.0
uniform,5,7.6157732009887695,1.0
uniform,5,8.9442720413208,1.0
uniform,3,71.58910369873047,1.0
uniform,5,4.242640495300293,0.9338842975206612
uniform,5,7.280109882354736,1.0
uniform,5,11.0,1.0
uniform,0,1.4142135381698608,0.3181818181818182
uniform,5,16.0,1.0
uniform,5,5.656854152679443,0.9752066115702479
uniform,0,3.1622776985168457,0.8677685950413223
uniform,0,5.385164737701416,1.0
uniform,0,6.324555397033691,1.0
uniform,3,17.72004508972168,1.0
uniform,3,31.400636672973633,1.0
uniform,0,2.0,0.7520661157024794
uniform,3,39.81205749511719,1.0
uniform,3,21.3775577545166,1.0
uniform,2,10.198039054870605,1.0
uniform,3,22.803508758544922,1.0
uniform,3,1.0,0.5867768595041323
uniform,0,6.0,1.0
uniform,2,17.0,1.0
uniform,2,4.0,0.9338842975206612
uniform,2,20.39607810974121,1.0
uniform,0,17.8885440826416,1.0
uniform,2,16.124515533447266,1.0
uniform,0,19.235383987426758,1.0
uniform,0,14.764822959899902,1.0
uniform,2,24.0,1.0
uniform,0,17.8885440826416,1.0
boundary,3,15.0,1.0
boundary,2,28.861740112304688,1.0
boundary,5,1.0,0.4132231404958678
boundary,5,0.0,0.49586776859504134
boundary,5,1.0,0.6115702479338843
boundary,5,5.0,0.9421487603305785
boundary,3,90.47099304199219,1.0
boundary,5,0.0,0.5041322314049587
boundary,3,104.01922607421875,1.0
boundary,5,5.830951690673828,1.0
boundary,0,0.0,0.26136363636363635
boundary,5,0.0,0.5785123966942148
boundary,5,5.0,0.9545454545454546
boundary,3,37.013511657714844,1.0
boundary,3,20.0,1.0
boundary,5,2.8284270763397217,0.8842975206611571
boundary,5,2.8284270763397217,0.8016528925619835
boundary,3,71.11258697509766,1.0
boundary,0,2.8284270763397217,0.8181818181818182
boundary,3,11.704699516296387,1.0
boundary,0,6.7082037925720215,1.0
boundary,0,8.0,1.0
boundary,0,12.083045959472656,1.0
boundary,2,7.280109882354736,1.0
boundary,3,26.0,1.0
boundary,0,1.0,0.628099173553719
boundary,0,0.0,0.6198347107438017
boundary,0,7.211102485656738,1.0
boundary,3,2.8284270763397217,0.8429752066115702
boundary,3,9.0,1.0
boundary,0,3.1622776985168457,0.8677685950413223
boundary,2,1.4142135381698608,0.6363636363636364
boundary,2,1.0,0.7024793388429752
boundary,2,1.0,0.628099173553719
boundary,2,15.0,1.0
boundary,2,5.0,1.0
boundary,0,6.324555397033691,1.0
boundary,2,13.0,1.0
boundary,2,8.5440034866333,1.0
boundary,2,26.476404190063477,1.0
interior,3,130.91983032226562,1.0
interior,2,15.0,1.0
interior,3,55.0,1.0
interior,3,89.31964874267578,1.0
interior,3,196.30587768554688,1.0
interior,3,99.72462463378906,1.0
interior,2,46.51881408691406,1.0
interior,3,51.4781494140625,1.0
interior,2,43.0,1.0
interior,2,45.27692413330078,1.0
interior,2,46.51881408691406,1.0
interior,2,37.121421813964844,1.0
interior,3,155.54420471191406,1.0
interior,5,4.4721360206604,0.9586776859504132
interior,3,110.60289001464844,1.0
interior,5,12.083045959472656,1.0
interior,5,9.848857879638672,1.0
interior,5,16.124515533447266,1.0
interior,5,15.524174690246582,1.0
interior,5,17.0,1.0
interior,5,4.123105525970459,0.9586776859504132
interior,5,16.0,1.0
interior,5,7.8102498054504395,1.0
interior,3,85.14693450927734,1.0
interior,5,12.041594505310059,1.0
interior,0,8.9442720413208,1.0
interior,3,46.04345703125,1.0
interior,0,10.0,1.0
interior,0,12.083045959472656,1.0
interior,0,20.59126091003418,1.0
interior,0,12.529964447021484,1.0
interior,0,25.05992889404297,1.0
interior,2,38.60051727294922,1.0
interior,0,21.470911026000977,1.0
interior,0,26.832815170288086,1.0
interior,0,25.942243576049805,1.0
interior,2,35.735137939453125,1.0
interior,2,42.154476165771484,1.0
interior,0,30.4138126373291,1.0
interior,2,43.08131790161133,1.0
uniform,3,168.64756774902344,1.0
uniform,3,113.95174407958984,1.0
uniform,3,101.63660430908203,1.0
uniform,2,14.317821502685547,1.0
uniform,2,30.805843353271484,1.0
uniform,3,55.73149871826172,1.0
uniform,2,35.7770881652832,1.0
uniform,5,0.0,0.4049586776859504
uniform,3,108.90362548828125,1.0
uniform,3,81.90848541259766,1.0
uniform,5,1.0,0.6115702479338843
uniform,5,1.0,0.6115702479338843
uniform,2,8.9442720413208,1.0
uniform,5,5.099019527435303,0.9834710743801653
uniform,5,5.656854152679443,0.9752066115702479
uniform,5,2.2360680103302,0.7933884297520661
uniform,5,7.6157732009887695,1.0
uniform,3,50.20956039428711,1.0
uniform,3,78.49203491210938,1.0
uniform,5,17.0,1.0
uniform,5,11.313708305358887,1.0
uniform,5,3.605551242828369,0.8760330578512396
uniform,3,68.35934448242188,1.0
uniform,0,5.385164737701416,0.9848484848484849
uniform,0,4.0,0.8842975206611571
uniform,0,2.2360680103302,0.7933884297520661
uniform,0,11.045360565185547,1.0
uniform,0,16.124515533447266,1.0
uniform,3,2.0,0.71900826446281
uniform,0,11.180339813232422,1.0
uniform,0,8.062257766723633,1.0
uniform,0,11.661903381347656,1.0
uniform,2,20.099750518798828,1.0
uniform,2,31.30495262145996,1.0
uniform,2,27.658634185791016,1.0
uniform,2,29.0,1.0
uniform,0,18.357559204101562,1.0
uniform,2,43.8292121887207,1.0
uniform,0,23.25940704345703,1.0
uniform,2,38.07886505126953,1.0
boundary,3,47.50789260864258,1.0
boundary,3,24.1867733001709,1.0
boundary,3,47.01063537597656,1.0
boundary,2,4.4721360206604,0.9669421487603306
boundary,3,24.083189010620117,1.0
boundary,2,7.211102485656738,1.0
boundary,5,0.0,0.2975206611570248
boundary,2,17.464248657226562,1.0
boundary,2,5.830951690673828,0.9917355371900827
boundary,5,2.8284270763397217,0.8347107438016529
boundary,3,57.384666442871094,1.0
boundary,5,0.0,0.5206611570247934
boundary,5,0.0,0.5702479338842975
boundary,2,0.0,0.5289256198347108
boundary,5,5.0,0.9504132231404959
boundary,5,7.8102498054504395,1.0
boundary,5,5.0,0.9669421487603306
boundary,5,1.0,0.6611570247933884
boundary,5,1.0,0.6363636363636364
boundary,3,13.0,1.0
boundary,5,3.1622776985168457,0.8760330578512396
boundary,0,0.0,0.5537190082644629
boundary,0,0.0,0.6859504132231405
boundary,0,1.0,0.6859504132231405
boundary,3,67.47592163085938,1.0
boundary,0,0.0,0.7024793388429752
boundary,0,3.1622776985168457,0.859504132231405
boundary,0,4.123105525970459,0.9256198347107438
boundary,0,3.605551242828369,0.9090909090909091
boundary,2,6.7082037925720215,1.0
boundary,0,2.8284270763397217,0.8099173553719008
boundary,3,21.540658950805664,1.0
boundary,0,3.605551242828369,0.9090909090909091
boundary,3,15.132745742797852,1.0
boundary,3,9.05538558959961,1.0
boundary,0,6.324555397033691,1.0
boundary,2,0.0,0.5371900826446281
boundary,2,7.211102485656738,1.0
boundary,2,2.2360680103302,0.7768595041322314
boundary,2,1.0,0.6363636363636364
interior,3,193.82981872558594,1.0
interior,3,16.76305389404297,1.0
interior,3,188.80943298339844,1.0
interior,3,157.16551208496094,1.0
interior,2,26.172504425048828,1.0
interior,2,33.95585250854492,1.0
interior,3,164.4384307861328,1.0
interior,2,48.83646011352539,1.0
interior,2,45.617977142333984,1.0
interior,3,150.85092163085938,1.0
interior,5,6.4031243324279785,1.0
interior,5,5.0,0.9669421487603306
interior,5,6.324555397033691,1.0
interior,5,7.6157732009887695,1.0
interior,3,116.38728332519531,1.0
interior,5,13.0,1.0
interior,3,86.28441619873047,1.0
interior,5,13.0,1.0
interior,5,14.317821502685547,1.0
interior,3,98.68130493164062,1.0
interior,5,14.866068840026855,1.0
interior,5,5.830951690673828,1.0
interior,5,5.099019527435303,0.9752066115702479
interior,3,14.560219764709473,1.0
interior,0,9.848857879638672,1.0
interior,0,8.0,1.0
interior,0,4.242640495300293,0.9173553719008265
interior,2,3.1622776985168457,0.8925619834710744
interior,0,7.211102485656738,1.0
interior,0,11.661903381347656,1.0
interior,0,12.083045959472656,1.0
interior,2,29.73213768005371,1.0
interior,2,22.803508758544922,1.0
interior,0,19.235383987426758,1.0
interior,2,36.13862228393555,1.0
interior,2,27.0,1.0
interior,0,23.706539154052734,1.0
interior,2,39.81205749511719,1.0
interior,0,26.832815170288086,1.0
interior,0,24.59674835205078,1.0
uniform,3,75.47184753417969,1.0
uniform,3,202.97044372558594,1.0
uniform,3,3.1622776985168457,0.8842975206611571
uniform,3,92.28217315673828,1.0
uniform,2,5.0,1.0
uniform,2,39.293766021728516,1.0
uniform,3,78.63841247558594,1.0
uniform,5,4.4721360206604,0.9504132231404959
uniform,5,3.605551242828369,0.8925619834710744
uniform,3,119.8207015991211,1.0
uniform,5,1.4142135381698608,0.7024793388429752
uniform,3,110.0,1.0
uniform,5,5.385164737701416,0.9834710743801653
uniform,3,87.96590423583984,1.0
uniform,5,12.0,1.0
uniform,5,16.031219482421875,1.0
uniform,5,13.0,1.0
uniform,5,4.0,0.9008264462809917
uniform,5,3.0,0.9256198347107438
uniform,5,3.1622776985168457,0.8677685950413223
uniform,0,7.0,1.0
uniform,3,52.17279052734375,1.0
uniform,0,9.433980941772461,1.0
uniform,0,2.0,0.7603305785123967
uniform,0,4.123105525970459,0.9256198347107438
uniform,0,2.0,0.6909090909090909
uniform,2,10.0,1.0
uniform,3,14.317821502685547,1.0
uniform,2,3.1622776985168457,0.8677685950413223
uniform,2,16.124515533447266,1.0
uniform,0,7.211102485656738,1.0
uniform,2,14.764822959899902,1.0
uniform,2,18.439088821411133,1.0
uniform,0,14.764822959899902,1.0
uniform,2,26.925823211669922,1.0
uniform,2,31.38471031188965,1.0
uniform,0,0.0,0.5702479338842975
uniform,2,28.160255432128906,1.0
uniform,0,1.0,0.5194805194805194
uniform,0,16.155494689941406,1.0
boundary,3,52.32590103149414,1.0
boundary,3,6.0,1.0
boundary,3,16.124515533447266,1.0
boundary,3,32.893768310546875,1.0
boundary,5,1.0,0.6033057851239669
boundary,2,12.083045959472656,1.0
boundary,5,1.0,0.6611570247933884
boundary,5,2.8284270763397217,0.8429752066115702
boundary,5,5.385164737701416,0.9834710743801653
boundary,5,3.1622776985168457,0.8677685950413223
boundary,5,3.605551242828369,0.9090909090909091
boundary,5,1.0,0.8333333333333334
boundary,5,7.280109882354736,1.0
boundary,5,1.0,0.8636363636363636
boundary,5,1.0,0.6528925619834711
boundary,0,5.0,0.9752066115702479
boundary,0,0.0,0.35537190082644626
boundary,3,34.539833068847656,1.0
boundary,3,15.29705810546875,1.0
boundary,0,9.219544410705566,1.0
boundary,3,23.34523582458496,1.0
boundary,2,5.0,0.9752066115702479
boundary,3,36.13862228393555,1.0
boundary,0,11.313708305358887,1.0
boundary,0,0.0,0.512396694214876
boundary,3,20.880613327026367,1.0
boundary,0,6.0,1.0
boundary,3,1.0,0.6776859504132231
boundary,2,2.0,0.768595041322314
boundary,2,12.206555366516113,1.0
boundary,2,5.385164737701416,0.9917355371900827
boundary,2,2.0,0.7520661157024794
boundary,2,12.529964447021484,1.0
boundary,0,3.605551242828369,0.9008264462809917
boundary,2,7.0,1.0
boundary,2,10.198039054870605,1.0
boundary,0,8.9442720413208,1.0
boundary,0,5.0,0.9669421487603306
boundary,2,8.9442720413208,1.0
boundary,0,2.8284270763397217,0.7272727272727273
interior,3,115.67626953125,1.0
interior,3,189.4228057861328,1.0
interior,3,97.20082092285156,1.0
interior,2,16.124515533447266,1.0
interior,3,190.1630859375,1.0
interior,2,37.57658767700195,1.0
interior,3,128.19126892089844,1.0
interior,2,46.87216567993164,1.0
interior,3,71.0,1.0
interior,2,32.202484130859375,1.0
interior,2,24.166091918945312,1.0
interior,5,2.0,0.7272727272727273
interior,5,8.485280990600586,1.0
interior,5,5.830951690673828,0.9917355371900827
interior,5,9.433980941772461,1.0
interior,5,17.0,1.0
interior,5,15.0,1.0
interior,5,11.0,1.0
interior,5,16.0,1.0
interior,5,12.165525436401367,1.0
interior,5,10.630146026611328,1.0
interior,3,78.84795379638672,1.0
interior,3,81.21575927734375,1.0
interior,3,68.65857696533203,1.0
interior,3,52.81098556518555,1.0
interior,0,10.29563045501709,1.0
interior,2,5.0,1.0
interior,0,13.416407585144043,1.0
interior,2,17.0,1.0
interior,0,15.231546401977539,1.0
interior,0,21.931713104248047,1.0
interior,2,34.828147888183594,1.0
interior,0,21.02379608154297,1.0
interior,0,24.166091918945312,1.0
interior,0,6.324555397033691,1.0
interior,2,25.079872131347656,1.0
interior,0,23.25940704345703,1.0
interior,0,28.17800521850586,1.0
interior,2,33.0,1.0
interior,0,20.59126091003418,1.0
uniform,3,54.451812744140625,1.0
uniform,3,172.75416564941406,1.0
uniform,2,4.4721360206604,0.9669421487603306
uniform,2,15.0,1.0
uniform,3,161.409423828125,1.0
uniform,2,38.470767974853516,1.0
uniform,2,36.67424011230469,1.0
uniform,2,28.17800521850586,1.0
uniform,2,22.825424194335938,1.0
uniform,5,0.0,0.5785123966942148
uniform,5,2.0,0.7520661157024794
uniform,5,1.4142135381698608,0.7107438016528925
uniform,5,4.242640495300293,0.9173553719008265
uniform,5,4.123105525970459,0.9256198347107438
uniform,3,84.2199478149414,1.0
uniform,3,14.764822959899902,1.0
uniform,5,8.0,1.0
uniform,3,88.86506652832031,1.0
uniform,5,13.0,1.0
uniform,5,4.0,0.9090909090909091
uniform,3,12.649110794067383,1.0
uniform,3,92.8493423461914,1.0
uniform,5,12.649110794067383,1.0
uniform,5,3.605551242828369,0.8677685950413223
uniform,0,1.0,0.6446280991735537
uniform,3,65.27633666992188,1.0
uniform,0,8.0,1.0
uniform,0,9.486832618713379,1.0
uniform,0,6.7082037925720215,1.0
uniform,2,13.0,1.0
uniform,0,0.0,0.5702479338842975
uniform,3,11.045360565185547,1.0
uniform,0,15.81138801574707,1.0
uniform,2,21.931713104248047,1.0
uniform,0,14.317821502685547,1.0
uniform,2,22.56102752685547,1.0
uniform,0,21.02379608154297,1.0
uniform,0,4.123105525970459,0.9256198347107438
uniform,2,2.8284270763397217,0.8181818181818182
uniform,0,29.529645919799805,1.0
boundary,3,19.646883010864258,1.0
boundary,3,55.60575485229492,1.0
boundary,2,10.770329475402832,1.0
boundary,2,9.0,1.0
boundary,3,14.866068840026855,1.0
boundary,5,2.0,0.7520661157024794
boundary,3,88.29496002197266,1.0
boundary,3,35.84689712524414,1.0
boundary,3,89.73851013183594,1.0
boundary,5,1.0,0.6363636363636364
boundary,2,4.123105525970459,0.9256198347107438
boundary,5,1.4142135381698608,0.7024793388429752
boundary,5,0.0,0.5289256198347108
boundary,3,115.108642578125,1.0
boundary,5,1.0,0.6363636363636364
boundary,5,0.0,0.5537190082644629
boundary,5,3.0,0.8181818181818182
boundary,5,6.4031243324279785,0.9917355371900827
boundary,5,4.0,0.9421487603305785
boundary,3,76.47875213623047,1.0
boundary,0,0.0,0.3484848484848485
boundary,0,2.0,0.5950413223140496
boundary,5,0.0,0.4132231404958678
boundary,0,0.0,0.5785123966942148
boundary,0,1.0,0.768595041322314
boundary,2,2.2360680103302,0.768595041322314
boundary,0,1.0,0.6115702479338843
boundary,0,2.8284270763397217,0.8347107438016529
boundary,3,37.947330474853516,1.0
boundary,0,2.2360680103302,0.8099173553719008
boundary,3,25.298221588134766,1.0
boundary,2,1.0,0.6942148760330579
boundary,2,7.0,1.0
boundary,2,13.601470947265625,1.0
boundary,2,8.246211051940918,1.0
boundary,2,12.0,1.0
boundary,2,12.649110794067383,1.0
boundary,0,3.1622776985168457,0.8677685950413223
boundary,0,0.0,0.5702479338842975
boundary,0,5.830951690673828,0.987012987012987
interior,3,152.06906127929688,1.0
interior,3,51.61395263671875,1.0
interior,3,168.13388061523438,1.0
interior,3,110.36756896972656,1.0
interior,3,142.126708984375,1.0
interior,3,112.28534698486328,1.0
interior,2,45.12205505371094,1.0
interior,2,53.66563034057617,1.0
interior,2,52.77309799194336,1.0
interior,3,145.41664123535156,1.0
interior,5,7.211102485656738,1.0
interior,5,6.7082037925720215,1.0
interior,3,54.37830352783203,1.0
interior,5,9.433980941772461,1.0
interior,3,100.24469757080078,1.0
interior,5,9.05538558959961,1.0
interior,5,13.0,1.0
interior,5,15.0,1.0
interior,5,11.0,1.0
interior,5,14.866068840026855,1.0
interior,5,12.727922439575195,1.0
interior,5,11.180339813232422,1.0
interior,3,38.27531814575195,1.0
interior,0,8.485280990600586,1.0
interior,0,18.357559204101562,1.0
interior,0,19.697715759277344,1.0
interior,2,20.0,1.0
interior,0,21.931713104248047,1.0
interior,2,25.298221588134766,1.0
interior,2,39.924930572509766,1.0
interior,0,18.788293838500977,1.0
interior,0,25.942243576049805,1.0
interior,0,27.294687271118164,1.0
interior,0,26.4007568359375,1.0
interior,2,33.241539001464844,1.0
interior,2,31.320919036865234,1.0
interior,0,29.529645919799805,1.0
interior,2,49.47726821899414,1.0
interior,0,20.124610900878906,1.0
interior,2,39.39543151855469,1.0
uniform,3,110.98197937011719,1.0
uniform,3,143.89231872558594,1.0
uniform,2,30.265491485595703,1.0
uniform,3,84.71717834472656,1.0
uniform,5,2.0,0.5537190082644629
uniform,5,1.0,0.6115702479338843
uniform,3,139.7783966064453,1.0
uniform,2,4.123105525970459,0.9256198347107438
uniform,3,127.12985229492188,1.0
uniform,3,33.30165100097656,1.0
uniform,5,8.9442720413208,1.0
uniform,5,2.2360680103302,0.7933884297520661
uniform,5,2.8284270763397217,0.9
uniform,5,10.440306663513184,1.0
uniform,5,12.165525436401367,1.0
uniform,5,1.0,0.8181818181818182
uniform,3,92.39588928222656,1.0
uniform,3,81.3019027709961,1.0
uniform,3,78.26238250732422,1.0
uniform,3,79.71198272705078,1.0
uniform,5,5.385164737701416,1.0
uniform,5,4.0,0.9586776859504132
uniform,0,0.0,0.4628099173553719
uniform,0,3.0,0.8429752066115702
uniform,0,8.062257766723633,1.0
uniform,0,4.4721360206604,0.9338842975206612
uniform,0,12.727922439575195,1.0
uniform,0,1.4142135381698608,0.7024793388429752
uniform,2,5.0,0.9586776859504132
uniform,0,13.0,1.0
uniform,0,9.848857879638672,1.0
uniform,2,3.1622776985168457,0.8677685950413223
uniform,0,9.433980941772461,1.0
uniform,2,14.0,1.0
uniform,2,11.401754379272461,1.0
uniform,2,18.0,1.0
uniform,0,1.0,0.6611570247933884
uniform,2,29.42787742614746,1.0
uniform,2,34.01470184326172,1.0
uniform,2,29.068883895874023,1.0
boundary,3,10.29563045501709,1.0
boundary,3,85.21150207519531,1.0
boundary,2,5.0,1.0
boundary,2,11.0,1.0
boundary,3,7.280109882354736,1.0
boundary,5,1.0,0.6115702479338843
boundary,5,3.1622776985168457,0.8677685950413223
boundary,5,1.0,0.5950413223140496
boundary,5,1.0,0.6115702479338843
boundary,5,4.4721360206604,0.9504132231404959
boundary,5,1.0,0.6611570247933884
boundary,3,104.17293548583984,1.0
boundary,5,1.0,0.8333333333333334
boundary,3,22.847318649291992,1.0
boundary,5,2.8284270763397217,0.859504132231405
boundary,0,2.2360680103302,0.6590909090909091
boundary,5,4.4721360206604,0.9421487603305785
boundary,5,5.385164737701416,0.9669421487603306
boundary,0,1.0,0.7851239669421488
boundary,0,3.0,0.9173553719008265
boundary,0,7.280109882354736,1.0
boundary,0,12.727922439575195,1.0
boundary,0,3.0,0.7603305785123967
boundary,0,12.041594505310059,1.0
boundary,3,21.3775577545166,1.0
boundary,3,21.02379608154297,1.0
boundary,3,11.704699516296387,1.0
boundary,0,3.1622776985168457,0.8787878787878788
boundary,3,3.0,0.8677685950413223
boundary,2,7.8102498054504395,1.0
boundary,3,0.0,0.5206611570247934
boundary,2,0.0,0.5702479338842975
boundary,2,2.8284270763397217,0.8347107438016529
boundary,2,2.8284270763397217,0.8347107438016529
boundary,2,1.0,0.628099173553719
boundary,0,3.1622776985168457,0.8760330578512396
boundary,2,6.0,1.0
boundary,2,9.05538558959961,1.0
boundary,2,39.4461669921875,1.0
boundary,0,0.0,0.5
interior,3,175.3539276123047,1.0
interior,3,142.61837768554688,1.0
interior,3,160.63934326171875,1.0
interior,3,157.83535766601562,1.0
interior,3,194.04122924804688,1.0
interior,2,33.734256744384766,1.0
interior,3,182.0,1.0
interior,2,45.27692413330078,1.0
interior,2,12.529964447021484,1.0
interior,3,69.72087097167969,1.0
interior,5,5.656854152679443,0.9752066115702479
interior,5,3.605551242828369,0.9008264462809917
interior,5,1.4142135381698608,0.768595041322314
interior,3,110.0,1.0
interior,5,6.7082037925720215,1.0
interior,5,11.045360565185547,1.0
interior,5,16.031219482421875,1.0
interior,5,14.0,1.0
interior,5,12.0,1.0
interior,5,14.866068840026855,1.0
interior,5,11.661903381347656,1.0
interior,3,78.64476776123047,1.0
interior,0,9.219544410705566,1.0
interior,0,8.485280990600586,1.0
interior,3,14.422204971313477,1.0
interior,2,2.0,0.6942148760330579
interior,0,17.0,1.0
interior,0,13.416407585144043,1.0
interior,0,13.892443656921387,1.0
interior,2,38.897300720214844,1.0
interior,2,39.560081481933594,1.0
interior,0,17.464248657226562,1.0
interior,2,42.72002029418945,1.0
interior,2,37.735923767089844,1.0
interior,0,7.6157732009887695,1.0
interior,0,25.05992889404297,1.0
interior,0,22.825424194335938,1.0
interior,2,42.48529052734375,1.0
interior,0,27.73084831237793,1.0
interior,2,18.0,1.0
uniform,1,55.785301208496094,1.0
uniform,1,67.62396240234375,1.0
uniform,0,21.189620971679688,1.0
uniform,0,8.0,1.0
uniform,3,7.071067810058594,1.0
uniform,1,27.892650604248047,1.0
uniform,1,7.071067810058594,1.0
uniform,0,5.0,0.9669421487603306
uniform,0,27.018512725830078,1.0
uniform,5,1.0,0.6611570247933884
uniform,1,40.71854782104492,1.0
uniform,5,4.123105525970459,0.9338842975206612
uniform,5,8.5440034866333,1.0
uniform,0,29.154760360717773,1.0
uniform,1,43.863426208496094,1.0
uniform,1,45.54119110107422,1.0
uniform,5,14.764822959899902,1.0
uniform,5,1.0,0.6528925619834711
uniform,5,1.4142135381698608,0.7107438016528925
uniform,5,19.697715759277344,1.0
uniform,5,27.312999725341797,1.0
uniform,5,6.7082037925720215,1.0
uniform,3,7.280109882354736,1.0
uniform,0,3.605551242828369,0.9008264462809917
uniform,1,0.0,0.7107438016528925
uniform,5,1.0,0.6611570247933884
uniform,3,10.198039054870605,1.0
uniform,3,20.808652877807617,1.0
uniform,3,7.280109882354736,1.0
uniform,3,20.0,1.0
uniform,3,47.16990661621094,1.0
uniform,0,3.605551242828369,0.8760330578512396
uniform,0,28.301942825317383,1.0
uniform,0,10.816654205322266,1.0
uniform,2,11.180339813232422,1.0
uniform,2,6.324555397033691,1.0
uniform,2,0.0,0.5371900826446281
uniform,2,0.0,0.5867768595041323
uniform,0,9.486832618713379,1.0
uniform,2,2.0,0.7355371900826446
uniform,2,3.1622776985168457,0.859504132231405
uniform,1,7.211102485656738,1.0
uniform,2,14.317821502685547,1.0
uniform,3,82.36504364013672,1.0
uniform,3,40.31128692626953,1.0
uniform,3,1.4142135381698608,0.6942148760330579
uniform,2,7.6157732009887695,1.0
uniform,2,4.0,0.9545454545454546
uniform,1,30.5941162109375,1.0
uniform,2,1.0,0.6623376623376623
boundary,0,13.416407585144043,1.0
boundary,0,1.4142135381698608,0.7107438016528925
boundary,1,2.8284270763397217,0.8181818181818182
boundary,0,26.832815170288086,1.0
boundary,3,1.0,0.628099173553719
boundary,1,85.08818817138672,1.0
boundary,1,4.242640495300293,0.9338842975206612
boundary,0,19.697715759277344,1.0
boundary,1,18.384777069091797,1.0
boundary,5,1.0,0.6446280991735537
boundary,5,1.0,0.5702479338842975
boundary,5,4.242640495300293,0.9173553719008265
boundary,1,14.866068840026855,1.0
boundary,0,1.0,0.6363636363636364
boundary,3,1.0,0.6776859504132231
boundary,0,1.0,0.5950413223140496
boundary,5,7.071067810058594,1.0
boundary,5,0.0,0.5289256198347108
boundary,1,27.20294189453125,1.0
boundary,0,6.324555397033691,1.0
boundary,5,4.4721360206604,0.9504132231404959
boundary,5,4.0,0.9256198347107438
boundary,1,23.53720474243164,1.0
boundary,0,13.416407585144043,1.0
boundary,1,23.0867919921875,1.0
boundary,1,8.0,1.0
boundary,0,5.830951690673828,1.0
boundary,3,18.788293838500977,1.0
boundary,5,12.529964447021484,1.0
boundary,3,31.320919036865234,1.0
boundary,3,4.123105525970459,0.987012987012987
boundary,3,30.364452362060547,1.0
boundary,3,29.832868576049805,1.0
boundary,5,2.2360680103302,0.8099173553719008
boundary,0,20.615528106689453,1.0
boundary,5,6.4031243324279785,1.0
boundary,2,1.0,0.512396694214876
boundary,2,2.2360680103302,0.768595041322314
boundary,3,14.866068840026855,1.0
boundary,3,35.693138122558594,1.0
boundary,1,16.124515533447266,1.0
boundary,2,6.7082037925720215,1.0
boundary,2,1.4142135381698608,0.6859504132231405
boundary,2,5.830951690673828,1.0
boundary,2,2.8284270763397217,0.8429752066115702
boundary,2,2.0,0.7272727272727273
boundary,2,0.0,0.5454545454545454
boundary,2,8.9442720413208,1.0
boundary,2,5.099019527435303,0.9834710743801653
boundary,3,81.21575927734375,1.0
interior,1,100.4987564086914,1.0
interior,1,102.21546173095703,1.0
interior,0,25.05992889404297,1.0
interior,0,33.52610778808594,1.0
interior,1,80.62257385253906,1.0
interior,0,42.54409408569336,1.0
interior,0,34.1760139465332,1.0
interior,1,83.77350616455078,1.0
interior,0,33.83784866333008,1.0
interior,1,28.301942825317383,1.0
interior,0,27.018512725830078,1.0
interior,0,36.400550842285156,1.0
interior,1,69.46221923828125,1.0
interior,1,55.02726745605469,1.0
interior,1,66.85057830810547,1.0
interior,5,13.416407585144043,1.0
interior,5,13.601470947265625,1.0
interior,5,10.440306663513184,1.0
interior,1,37.36308288574219,1.0
interior,5,2.8284270763397217,0.8264462809917356
interior,5,6.7082037925720215,1.0
interior,5,26.925823211669922,1.0
interior,5,32.572994232177734,1.0
interior,0,20.880613327026367,1.0
interior,5,22.825424194335938,1.0
interior,5,16.124515533447266,1.0
interior,3,16.0,1.0
interior,5,11.661903381347656,1.0
interior,0,21.0,1.0
interior,3,30.0,1.0
interior,1,49.39635467529297,1.0
interior,0,23.600847244262695,1.0
interior,3,54.33230972290039,1.0
interior,3,41.231056213378906,1.0
interior,2,10.440306663513184,1.0
interior,2,11.180339813232422,1.0
interior,2,5.385164737701416,0.9834710743801653
interior,3,67.44627380371094,1.0
interior,2,11.661903381347656,1.0
interior,2,13.416407585144043,1.0
interior,2,11.401754379272461,1.0
interior,3,73.24616241455078,1.0
interior,2,14.317821502685547,1.0
interior,3,79.88116455078125,1.0
interior,2,13.928388595581055,1.0
interior,2,9.848857879638672,1.0
interior,2,9.219544410705566,1.0
interior,3,83.93450164794922,1.0
interior,3,86.33075714111328,1.0
interior,3,48.0,1.0
uniform,0,28.301942825317383,1.0
uniform,0,22.825424194335938,1.0
uniform,0,35.22782897949219,1.0
uniform,1,40.360870361328125,1.0
uniform,0,37.0,1.0
uniform,1,10.770329475402832,1.0
uniform,1,2.8284270763397217,0.8347107438016529
uniform,5,3.0,0.7851239669421488
uniform,1,4.123105525970459,0.9421487603305785
uniform,1,74.32361602783203,1.0
uniform,0,9.848857879638672,1.0
uniform,5,1.0,0.6033057851239669
uniform,0,11.180339813232422,1.0
uniform,3,10.0,1.0
uniform,3,6.7082037925720215,1.0
uniform,1,24.59674835205078,1.0
uniform,5,2.8284270763397217,0.8264462809917356
uniform,1,51.078372955322266,1.0
uniform,5,10.29563045501709,1.0
uniform,5,17.8885440826416,1.0
uniform,5,3.1622776985168457,0.8842975206611571
uniform,0,18.973665237426758,1.0
uniform,5,4.0,0.9338842975206612
uniform,0,24.020824432373047,1.0
uniform,1,3.0,0.8677685950413223
uniform,1,1.0,0.6694214876033058
uniform,3,10.0,1.0
uniform,3,31.14482307434082,1.0
uniform,1,6.324555397033691,1.0
uniform,5,4.4721360206604,0.9586776859504132
uniform,5,7.071067810058594,1.0
uniform,3,18.601076126098633,1.0
uniform,3,25.0,1.0
uniform,0,5.0,1.0
uniform,5,2.2360680103302,0.859504132231405
uniform,3,43.84062194824219,1.0
uniform,0,8.246211051940918,1.0
uniform,2,8.5440034866333,1.0
uniform,2,1.0,0.6198347107438017
uniform,2,13.601470947265625,1.0
uniform,2,2.2360680103302,0.7933884297520661
uniform,2,8.246211051940918,1.0
uniform,2,14.317821502685547,1.0
uniform,3,76.92203521728516,1.0
uniform,3,62.62587356567383,1.0
uniform,3,46.69047164916992,1.0
uniform,2,7.071067810058594,1.0
uniform,2,2.0,0.7272727272727273
uniform,2,2.8284270763397217,0.8181818181818182
uniform,2,3.1622776985168457,0.8760330578512396
boundary,0,20.615528106689453,1.0
boundary,0,0.0,0.5289256198347108
boundary,1,6.324555397033691,1.0
boundary,3,5.099019527435303,0.9834710743801653
boundary,0,0.0,0.5867768595041323
boundary,3,1.0,0.6363636363636364
boundary,0,5.099019527435303,0.9834710743801653
boundary,1,2.0,0.7272727272727273
boundary,3,0.0,0.5041322314049587
boundary,0,2.2360680103302,0.8016528925619835
boundary,5,3.1622776985168457,0.8677685950413223
boundary,1,6.082762718200684,1.0
boundary,5,0.0,0.5619834710743802
boundary,3,1.0,0.6694214876033058
boundary,5,1.0,0.6115702479338843
boundary,1,18.027755737304688,1.0
boundary,1,20.248456954956055,1.0
boundary,0,19.313207626342773,1.0
boundary,0,24.166091918945312,1.0
boundary,5,1.0,0.6528925619834711
boundary,1,7.0,1.0
boundary,5,1.0,0.6198347107438017
boundary,5,6.0,1.0
boundary,5,3.0,0.8347107438016529
boundary,1,14.03566837310791,1.0
boundary,3,10.049875259399414,1.0
boundary,0,1.4142135381698608,0.71900826446281
boundary,5,10.770329475402832,1.0
boundary,1,32.572994232177734,1.0
boundary,3,6.324555397033691,1.0
boundary,3,27.58622932434082,1.0
boundary,3,3.1622776985168457,0.8842975206611571
boundary,1,43.416587829589844,1.0
boundary,3,7.0,1.0
boundary,5,0.0,0.5785123966942148
boundary,3,11.704699516296387,1.0
boundary,0,4.0,0.9090909090909091
boundary,5,0.0,0.6446280991735537
boundary,2,0.0,0.4793388429752066
boundary,2,0.0,0.4793388429752066
boundary,1,17.464248657226562,1.0
boundary,2,3.605551242828369,0.8760330578512396
boundary,2,5.0,0.9752066115702479
boundary,2,0.0,0.5041322314049587
boundary,2,4.4721360206604,0.9586776859504132
boundary,2,4.0,0.9173553719008265
boundary,0,12.0,1.0
boundary,2,3.605551242828369,0.9008264462809917
boundary,2,1.0,0.628099173553719
boundary,2,3.0,0.8636363636363636
interior,0,41.59326934814453,1.0
interior,0,35.510562896728516,1.0
interior,1,92.61209106445312,1.0
interior,1,80.05622863769531,1.0
interior,0,35.34119415283203,1.0
interior,0,36.400550842285156,1.0
interior,1,44.271888732910156,1.0
interior,1,85.4400405883789,1.0
interior,0,19.313207626342773,1.0
interior,1,53.48831558227539,1.0
interior,0,33.61547088623047,1.0
interior,1,48.46648406982422,1.0
interior,5,23.706539154052734,1.0
interior,5,28.160255432128906,1.0
interior,5,1.0,0.6446280991735537
interior,5,24.698177337646484,1.0
interior,1,41.1096076965332,1.0
interior,0,12.0,1.0
interior,5,17.262676239013672,1.0
interior,5,33.241539001464844,1.0
interior,5,32.015621185302734,1.0
interior,1,13.601470947265625,1.0
interior,5,25.0,1.0
interior,5,19.697715759277344,1.0
interior,5,19.235383987426758,1.0
interior,1,32.75667953491211,1.0
interior,3,37.64305877685547,1.0
interior,0,12.0,1.0
interior,3,51.107730865478516,1.0
interior,3,56.56854248046875,1.0
interior,2,9.433980941772461,1.0
interior,2,2.8284270763397217,0.8264462809917356
interior,2,13.416407585144043,1.0
interior,3,69.2603759765625,1.0
interior,0,14.317821502685547,1.0
interior,2,13.0,1.0
interior,2,7.6157732009887695,1.0
interior,2,13.0,1.0
interior,3,74.06078338623047,1.0
interior,2,10.770329475402832,1.0
interior,2,12.529964447021484,1.0
interior,1,39.20458984375,1.0
interior,3,77.69813537597656,1.0
interior,3,85.23497009277344,1.0
interior,3,84.59905242919922,1.0
interior,0,12.083045959472656,1.0
interior,3,80.05622863769531,1.0
interior,2,12.083045959472656,1.0
interior,2,3.1622776985168457,0.8842975206611571
interior,3,81.39410400390625,1.0
uniform,1,65.05382537841797,1.0
uniform,0,37.656341552734375,1.0
uniform,1,2.0,0.7355371900826446
uniform,0,31.400636672973633,1.0
uniform,1,51.4781494140625,1.0
uniform,1,78.0,1.0
uniform,5,1.0,0.5867768595041323
uniform,1,3.605551242828369,0.9008264462809917
uniform,0,16.124515533447266,1.0
uniform,1,34.01470184326172,1.0
uniform,5,8.062257766723633,1.0
uniform,5,6.7082037925720215,1.0
uniform,5,14.317821502685547,1.0
uniform,5,12.083045959472656,1.0
uniform,1,11.704699516296387,1.0
uniform,0,15.231546401977539,1.0
uniform,0,25.298221588134766,1.0
uniform,1,37.336307525634766,1.0
uniform,5,2.8284270763397217,0.8347107438016529
uniform,5,11.180339813232422,1.0
uniform,5,2.8284270763397217,0.8181818181818182
uniform,5,2.2360680103302,0.7933884297520661
uniform,1,26.4007568359375,1.0
uniform,3,10.0,1.0
uniform,0,11.180339813232422,1.0
uniform,1,2.2360680103302,0.7933884297520661
uniform,5,8.062257766723633,1.0
uniform,0,12.0,1.0
uniform,0,7.071067810058594,1.0
uniform,0,10.0,1.0
uniform,2,1.4142135381698608,0.6694214876033058
uniform,2,4.4721360206604,0.9586776859504132
uniform,2,4.4721360206604,0.9504132231404959
uniform,3,32.31098937988281,1.0
uniform,3,60.87692642211914,1.0
uniform,2,0.0,0.49586776859504134
uniform,2,9.486832618713379,1.0
uniform,2,12.369317054748535,1.0
uniform,3,53.15073013305664,1.0
uniform,3,70.49113464355469,1.0
uniform,2,1.0,0.6694214876033058
uniform,2,13.416407585144043,1.0
uniform,3,9.486832618713379,1.0
uniform,2,2.2360680103302,0.7851239669421488
uniform,3,69.72087097167969,1.0
uniform,3,71.56814575195312,1.0
uniform,3,77.38862609863281,1.0
uniform,2,6.324555397033691,1.0
uniform,0,15.132745742797852,1.0
uniform,3,87.31552124023438,1.0
boundary,0,1.0,0.6033057851239669
boundary,1,6.7082037925720215,1.0
boundary,0,0.0,0.6363636363636364
boundary,1,9.848857879638672,1.0
boundary,1,18.384777069091797,1.0
boundary,1,15.65247631072998,1.0
boundary,5,4.0,0.9834710743801653
boundary,3,2.0,0.743801652892562
boundary,0,10.29563045501709,1.0
boundary,0,0.0,0.5371900826446281
boundary,0,9.899495124816895,1.0
boundary,5,1.0,0.5950413223140496
boundary,0,0.0,0.5537190082644629
boundary,5,1.4142135381698608,0.7107438016528925
boundary,0,13.03840446472168,1.0
boundary,1,2.0,0.768595041322314
boundary,1,11.661903381347656,1.0
boundary,1,11.045360565185547,1.0
boundary,0,2.0,0.768595041322314
boundary,5,8.9442720413208,1.0
boundary,5,1.0,0.6033057851239669
boundary,1,16.401220321655273,1.0
boundary,3,2.0,0.7355371900826446
boundary,5,5.385164737701416,1.0
boundary,3,3.0,0.8512396694214877
boundary,3,8.5440034866333,1.0
boundary,5,4.4721360206604,0.9504132231404959
boundary,3,9.0,1.0
boundary,3,9.05538558959961,1.0
boundary,3,12.0,1.0
boundary,5,2.2360680103302,0.8016528925619835
boundary,5,0.0,0.5454545454545454
boundary,3,14.764822959899902,1.0
boundary,5,1.4142135381698608,0.8429752066115702
boundary,2,0.0,0.4793388429752066
boundary,2,0.0,0.512396694214876
boundary,2,3.1622776985168457,0.8760330578512396
boundary,2,0.0,0.48760330578512395
boundary,1,33.241539001464844,1.0
boundary,3,52.47856521606445,1.0
boundary,2,0.0,0.5206611570247934
boundary,2,3.1622776985168457,0.8760330578512396
boundary,2,3.1622776985168457,0.8842975206611571
boundary,3,24.1867733001709,1.0
boundary,0,12.0,1.0
boundary,1,11.661903381347656,1.0
boundary,0,6.0,1.0
boundary,2,0.0,0.49586776859504134
boundary,2,1.0,0.6528925619834711
boundary,2,4.0,0.9242424242424242
interior,1,104.9571304321289,1.0
interior,0,20.248456954956055,1.0
interior,1,52.15361785888672,1.0
interior,1,60.10823440551758,1.0
interior,0,33.734256744384766,1.0
interior,0,38.910152435302734,1.0
interior,0,42.379241943359375,1.0
interior,0,27.018512725830078,1.0
interior,1,69.6419448852539,1.0
interior,0,4.0,0.9173553719008265
interior,1,53.851646423339844,1.0
interior,0,21.470911026000977,1.0
interior,1,60.539241790771484,1.0
interior,5,8.9442720413208,1.0
interior,5,19.92485809326172,1.0
interior,5,16.552946090698242,1.0
interior,1,52.0,1.0
interior,1,47.29693603515625,1.0
interior,0,31.064449310302734,1.0
interior,5,18.681541442871094,1.0
interior,0,26.925823211669922,1.0
interior,5,24.73863410949707,1.0
interior,5,23.409399032592773,1.0
interior,5,23.021728515625,1.0
interior,5,31.38471031188965,1.0
interior,5,28.44292449951172,1.0
interior,5,24.59674835205078,1.0
interior,3,7.8102498054504395,1.0
interior,3,40.0,1.0
interior,3,51.97114562988281,1.0
interior,3,32.202484130859375,1.0
interior,2,7.8102498054504395,1.0
interior,2,12.206555366516113,1.0
interior,2,11.180339813232422,1.0
interior,3,60.539241790771484,1.0
interior,3,65.29930877685547,1.0
interior,0,13.152946472167969,1.0
interior,2,11.704699516296387,1.0
interior,2,5.830951690673828,0.9917355371900827
interior,2,13.0,1.0
interior,1,49.04079818725586,1.0
interior,1,50.0,1.0
interior,2,10.29563045501709,1.0
interior,2,14.317821502685547,1.0
interior,3,67.18630981445312,1.0
interior,2,2.0,0.7272727272727273
interior,3,59.46427536010742,1.0
interior,2,13.0,1.0
interior,3,81.85963439941406,1.0
interior,3,80.21221923828125,1.0
uniform,0,9.219544410705566,1.0
uniform,3,1.0,0.6694214876033058
uniform,0,0.0,0.5619834710743802
uniform,0,31.30495262145996,1.0
uniform,0,18.788293838500977,1.0
uniform,1,48.10405349731445,1.0
uniform,0,30.364452362060547,1.0
uniform,5,1.4142135381698608,0.6528925619834711
uniform,0,34.48188018798828,1.0
uniform,1,9.219544410705566,1.0
uniform,5,5.830951690673828,0.9917355371900827
uniform,1,63.158531188964844,1.0
uniform,5,9.433980941772461,1.0
uniform,5,5.0,0.9669421487603306
uniform,1,23.25940704345703,1.0
uniform,5,21.02379608154297,1.0
uniform,1,39.39543151855469,1.0
uniform,0,1.0,0.5950413223140496
uniform,5,1.0,0.6528925619834711
uniform,5,15.524174690246582,1.0
uniform,1,15.81138801574707,1.0
uniform,0,17.0,1.0
uniform,0,23.53720474243164,1.0
uniform,5,4.0,0.9421487603305785
uniform,5,18.357559204101562,1.0
uniform,0,21.3775577545166,1.0
uniform,1,6.082762718200684,1.0
uniform,3,8.9442720413208,1.0
uniform,3,1.4142135381698608,0.6942148760330579
uniform,1,1.0,0.6033057851239669
uniform,1,38.27531814575195,1.0
uniform,5,6.7082037925720215,1.0
uniform,1,7.071067810058594,1.0
uniform,3,48.0,1.0
uniform,3,6.0,1.0
uniform,2,4.0,0.8760330578512396
uniform,3,35.0,1.0
uniform,2,1.4142135381698608,0.7024793388429752
uniform,2,6.4031243324279785,0.9917355371900827
uniform,2,4.123105525970459,0.9421487603305785
uniform,2,0.0,0.5289256198347108
uniform,2,4.0,0.8925619834710744
uniform,3,55.94640350341797,1.0
uniform,3,50.03998565673828,1.0
uniform,2,2.2360680103302,0.7933884297520661
uniform,2,1.0,0.6528925619834711
uniform,3,5.099019527435303,1.0
uniform,2,2.0,0.7603305785123967
uniform,2,9.848857879638672,1.0
uniform,3,20.02498435974121,1.0
boundary,0,8.5440034866333,1.0
boundary,1,33.37664031982422,1.0
boundary,1,1.0,0.5950413223140496
boundary,1,22.022714614868164,1.0
boundary,0,1.4142135381698608,0.7024793388429752
boundary,0,4.123105525970459,0.9586776859504132
boundary,1,26.570659637451172,1.0
boundary,5,2.8284270763397217,0.768595041322314
boundary,0,3.0,0.8181818181818182
boundary,5,2.0,0.7355371900826446
boundary,5,2.0,0.7107438016528925
boundary,0,2.0,0.743801652892562
boundary,5,8.5440034866333,1.0
boundary,5,1.0,0.6694214876033058
boundary,5,16.155494689941406,1.0
boundary,1,23.0867919921875,1.0
boundary,1,8.062257766723633,1.0
boundary,5,3.0,0.8429752066115702
boundary,0,10.198039054870605,1.0
boundary,1,28.017850875854492,1.0
boundary,0,5.0,0.9917355371900827
boundary,3,0.0,0.5867768595041323
boundary,3,1.0,0.6528925619834711
boundary,5,3.1622776985168457,0.8677685950413223
boundary,1,13.0,1.0
boundary,3,5.385164737701416,0.9917355371900827
boundary,3,24.1867733001709,1.0
boundary,3,39.824615478515625,1.0
boundary,5,1.4142135381698608,0.8099173553719008
boundary,1,1.4142135381698608,0.7024793388429752
boundary,5,2.2360680103302,0.7024793388429752
boundary,2,0.0,0.4132231404958678
boundary,2,1.4142135381698608,0.6694214876033058
boundary,0,18.248287200927734,1.0
boundary,2,2.8284270763397217,0.8429752066115702
boundary,2,0.0,0.5206611570247934
boundary,2,2.0,0.7355371900826446
boundary,2,0.0,0.5289256198347108
boundary,2,4.123105525970459,0.9421487603305785
boundary,3,48.02082824707031,1.0
boundary,2,1.4142135381698608,0.7024793388429752
boundary,0,11.180339813232422,1.0
boundary,0,12.165525436401367,1.0
boundary,1,13.0,1.0
boundary,3,4.4721360206604,0.9669421487603306
boundary,3,73.40980529785156,1.0
boundary,3,13.0,1.0
boundary,2,2.0,0.7355371900826446
boundary,3,5.099019527435303,1.0
boundary,2,0.0,0.5714285714285714
interior,0,37.2155876159668,1.0
interior,1,102.4743881225586,1.0
interior,3,2.2360680103302,0.7933884297520661
interior,0,41.43669891357422,1.0
interior,1,53.037723541259766,1.0
interior,0,30.4138126373291,1.0
interior,0,43.185646057128906,1.0
interior,1,86.16263580322266,1.0
interior,0,39.357337951660156,1.0
interior,0,34.0,1.0
interior,0,18.973665237426758,1.0
interior,0,31.320919036865234,1.0
interior,1,26.4007568359375,1.0
interior,1,51.97114562988281,1.0
interior,5,22.135944366455078,1.0
interior,1,29.068883895874023,1.0
interior,1,39.39543151855469,1.0
interior,0,34.1760139465332,1.0
interior,1,39.81205749511719,1.0
interior,5,13.34166431427002,1.0
interior,5,16.278820037841797,1.0
interior,5,22.56102752685547,1.0
interior,5,33.241539001464844,1.0
interior,5,31.764760971069336,1.0
interior,5,27.459060668945312,1.0
interior,5,21.470911026000977,1.0
interior,5,20.59126091003418,1.0
interior,5,11.180339813232422,1.0
interior,1,39.69886779785156,1.0
interior,1,42.48529052734375,1.0
interior,3,36.67424011230469,1.0
interior,0,16.278820037841797,1.0
interior,2,13.34166431427002,1.0
interior,3,45.18849563598633,1.0
interior,3,65.6048812866211,1.0
interior,2,9.219544410705566,1.0
interior,2,11.180339813232422,1.0
interior,3,59.53990173339844,1.0
interior,3,54.20331954956055,1.0
interior,2,5.0,0.9752066115702479
interior,2,11.180339813232422,1.0
interior,2,1.0,0.6198347107438017
interior,3,42.42640686035156,1.0
interior,2,14.560219764709473,1.0
interior,2,4.123105525970459,0.9421487603305785
interior,3,75.23961639404297,1.0
interior,2,7.6157732009887695,1.0
interior,2,10.198039054870605,1.0
interior,3,79.0,1.0
interior,3,86.72946166992188,1.0
uniform,1,60.605281829833984,1.0
uniform,0,4.0,0.9504132231404959
uniform,0,21.840330123901367,1.0
uniform,0,21.540658950805664,1.0
uniform,1,64.47480010986328,1.0
uniform,0,29.681644439697266,1.0
uniform,0,9.219544410705566,1.0
uniform,1,8.062257766723633,1.0
uniform,0,13.601470947265625,1.0
uniform,5,1.0,0.6611570247933884
uniform,5,3.605551242828369,0.8925619834710744
uniform,5,6.7082037925720215,1.0
uniform,5,19.646883010864258,1.0
uniform,1,0.0,0.5619834710743802
uniform,0,22.803508758544922,1.0
uniform,5,12.083045959472656,1.0
uniform,1,29.068883895874023,1.0
uniform,0,33.83784866333008,1.0
uniform,5,9.433980941772461,1.0
uniform,1,45.0444221496582,1.0
uniform,5,8.062257766723633,1.0
uniform,1,15.81138801574707,1.0
uniform,1,0.0,0.5289256198347108
uniform,5,25.806976318359375,1.0
uniform,5,8.062257766723633,1.0
uniform,5,25.05992889404297,1.0
uniform,3,11.704699516296387,1.0
uniform,3,15.81138801574707,1.0
uniform,3,19.79899024963379,1.0
uniform,3,27.513633728027344,1.0
uniform,0,33.0,1.0
uniform,3,36.400550842285156,1.0
uniform,0,0.0,0.6528925619834711
uniform,3,11.661903381347656,1.0
uniform,2,4.4721360206604,0.9504132231404959
uniform,2,3.1622776985168457,0.8099173553719008
uniform,1,24.59674835205078,1.0
uniform,3,17.69180679321289,1.0
uniform,1,2.0,0.7272727272727273
uniform,3,59.4810905456543,1.0
uniform,2,2.2360680103302,0.7851239669421488
uniform,2,1.0,0.5950413223140496
uniform,2,4.4721360206604,0.9586776859504132
uniform,2,12.529964447021484,1.0
uniform,2,14.764822959899902,1.0
uniform,2,8.062257766723633,1.0
uniform,2,5.099019527435303,0.9917355371900827
uniform,2,12.649110794067383,1.0
uniform,3,89.15716552734375,1.0
uniform,3,85.2760238647461,1.0
boundary,0,0.0,0.5867768595041323
boundary,1,0.0,0.371900826446281
boundary,1,53.26349639892578,1.0
boundary,1,5.385164737701416,0.9917355371900827
boundary,0,7.0,1.0
boundary,1,13.601470947265625,1.0
boundary,1,1.0,0.6528925619834711
boundary,3,1.4142135381698608,0.71900826446281
boundary,0,1.0,0.6198347107438017
boundary,0,12.0,1.0
boundary,3,7.071067810058594,1.0
boundary,5,5.385164737701416,0.9834710743801653
boundary,1,19.646883010864258,1.0
boundary,5,3.0,0.859504132231405
boundary,1,9.433980941772461,1.0
boundary,5,0.0,0.5289256198347108
boundary,0,8.062257766723633,1.0
boundary,5,1.0,0.6363636363636364
boundary,5,2.0,0.743801652892562
boundary,5,2.8284270763397217,0.8099173553719008
boundary,1,16.278820037841797,1.0
boundary,0,23.0867919921875,1.0
boundary,5,10.770329475402832,1.0
boundary,5,1.0,0.6363636363636364
boundary,5,9.433980941772461,1.0
boundary,1,9.0,1.0
boundary,3,9.899495124816895,1.0
boundary,3,2.0,0.8016528925619835
boundary,1,3.1622776985168457,0.8842975206611571
boundary,3,12.041594505310059,1.0
boundary,0,8.0,1.0
boundary,5,3.605551242828369,0.9090909090909091
boundary,3,20.0,1.0
boundary,0,22.203603744506836,1.0
boundary,2,0.0,0.512396694214876
boundary,2,0.0,0.5371900826446281
boundary,2,1.0,0.6611570247933884
boundary,2,3.605551242828369,0.8677685950413223
boundary,3,17.20465087890625,1.0
boundary,2,12.083045959472656,1.0
boundary,2,2.8284270763397217,0.8347107438016529
boundary,0,13.928388595581055,1.0
boundary,3,1.4142135381698608,0.6942148760330579
boundary,3,22.627416610717773,1.0
boundary,0,19.0,1.0
boundary,2,8.9442720413208,1.0
boundary,3,4.123105525970459,0.9586776859504132
boundary,2,1.0,0.5867768595041323
boundary,2,11.661903381347656,1.0
boundary,2,0.0,0.5757575757575758
interior,1,87.92041778564453,1.0
interior,0,42.72002029418945,1.0
interior,0,12.369317054748535,1.0
interior,1,93.91485595703125,1.0
interior,1,95.34149169921875,1.0
interior,0,29.068883895874023,1.0
interior,0,8.5440034866333,1.0
interior,1,34.65544509887695,1.0
interior,0,40.71854782104492,1.0
interior,0,17.029386520385742,1.0
interior,0,30.675724029541016,1.0
interior,1,65.39112854003906,1.0
interior,5,4.123105525970459,0.9421487603305785
interior,1,45.880279541015625,1.0
interior,1,53.141319274902344,1.0
interior,5,19.235383987426758,1.0
interior,5,27.85677719116211,1.0
interior,5,24.351591110229492,1.0
interior,5,31.62277603149414,1.0
interior,1,5.385164737701416,1.0
interior,5,19.235383987426758,1.0
interior,5,31.30495262145996,1.0
interior,5,31.30495262145996,1.0
interior,5,24.166091918945312,1.0
interior,3,20.248456954956055,1.0
interior,3,25.01999282836914,1.0
interior,3,12.0,1.0
interior,0,18.788293838500977,1.0
interior,5,6.324555397033691,1.0
interior,1,61.29437255859375,1.0
interior,0,1.4142135381698608,0.6446280991735537
interior,3,34.20526123046875,1.0
interior,2,8.9442720413208,1.0
interior,2,10.440306663513184,1.0
interior,3,37.48332977294922,1.0
interior,2,13.892443656921387,1.0
interior,3,52.345008850097656,1.0
interior,2,9.486832618713379,1.0
interior,2,14.560219764709473,1.0
interior,2,13.601470947265625,1.0
interior,2,11.401754379272461,1.0
interior,3,75.61084747314453,1.0
interior,2,6.082762718200684,1.0
interior,3,32.75667953491211,1.0
interior,2,12.083045959472656,1.0
interior,1,40.112342834472656,1.0
interior,3,85.23497009277344,1.0
interior,3,77.15568542480469,1.0
interior,0,18.248287200927734,1.0
interior,2,12.0,1.0
uniform,3,30.0,1.0
uniform,3,8.062257766723633,1.0
uniform,3,23.34523582458496,1.0
uniform,2,34.928497314453125,1.0
uniform,2,30.4138126373291,1.0
uniform,2,27.20294189453125,1.0
uniform,2,49.658836364746094,1.0
uniform,2,2.0,0.7520661157024794
uniform,3,22.022714614868164,1.0
uniform,3,41.30375289916992,1.0
uniform,3,11.0,1.0
uniform,2,5.385164737701416,1.0
uniform,2,11.661903381347656,1.0
uniform,3,37.85498809814453,1.0
uniform,2,29.42787742614746,1.0
uniform,3,43.416587829589844,1.0
uniform,2,34.525352478027344,1.0
uniform,3,26.07680892944336,1.0
uniform,0,0.0,0.512396694214876
uniform,0,3.605551242828369,0.9008264462809917
uniform,0,5.830951690673828,1.0
uniform,3,28.301942825317383,1.0
uniform,0,12.649110794067383,1.0
uniform,2,8.5440034866333,1.0
uniform,0,8.062257766723633,1.0
uniform,0,24.351591110229492,1.0
uniform,0,6.324555397033691,1.0
uniform,0,15.81138801574707,1.0
uniform,0,8.5440034866333,1.0
uniform,0,29.546573638916016,1.0
boundary,3,1.0,0.5909090909090909
boundary,3,3.0,0.8181818181818182
boundary,2,9.05538558959961,1.0
boundary,3,25.63201141357422,1.0
boundary,3,5.385164737701416,0.9834710743801653
boundary,2,7.6157732009887695,1.0
boundary,2,5.099019527435303,0.9834710743801653
boundary,2,12.529964447021484,1.0
boundary,3,8.5440034866333,1.0
boundary,2,8.0,1.0
boundary,2,7.280109882354736,1.0
boundary,3,4.123105525970459,0.9256198347107438
boundary,2,2.8284270763397217,0.8347107438016529
boundary,3,2.2360680103302,0.8016528925619835
boundary,3,8.062257766723633,1.0
boundary,2,5.656854152679443,0.9752066115702479
boundary,2,11.180339813232422,1.0
boundary,0,0.0,0.5041322314049587
boundary,0,4.0,0.9338842975206612
boundary,0,8.9442720413208,1.0
boundary,3,41.231056213378906,1.0
boundary,2,5.385164737701416,0.9834710743801653
boundary,0,7.280109882354736,1.0
boundary,0,5.099019527435303,0.9834710743801653
boundary,0,2.0,0.71900826446281
boundary,0,22.627416610717773,1.0
boundary,0,1.4142135381698608,0.7107438016528925
boundary,3,12.649110794067383,1.0
boundary,0,0.0,0.5454545454545454
boundary,0,20.124610900878906,1.0
interior,3,13.892443656921387,1.0
interior,2,41.04875183105469,1.0
interior,2,38.20994567871094,1.0
interior,2,43.931766510009766,1.0
interior,2,16.278820037841797,1.0
interior,2,66.18912506103516,1.0
interior,2,58.46366500854492,1.0
interior,2,37.6961555480957,1.0
interior,2,33.37664031982422,1.0
interior,2,19.313207626342773,1.0
interior,3,21.840330123901367,1.0
interior,2,24.59674835205078,1.0
interior,3,50.9215087890625,1.0
interior,3,75.53807067871094,1.0
interior,3,73.40980529785156,1.0
interior,0,19.646883010864258,1.0
interior,3,81.59656524658203,1.0
interior,0,20.880613327026367,1.0
interior,3,89.8109130859375,1.0
interior,0,25.079872131347656,1.0
interior,0,30.675724029541016,1.0
interior,0,30.364452362060547,1.0
interior,0,25.079872131347656,1.0
interior,0,26.570659637451172,1.0
interior,0,30.675724029541016,1.0
interior,0,37.64305877685547,1.0
interior,3,98.95453643798828,1.0
interior,3,99.46356201171875,1.0
interior,0,32.202484130859375,1.0
interior,3,101.41498565673828,1.0
uniform,3,5.0,0.9669421487603306
uniform,3,16.492422103881836,1.0
uniform,3,15.620499610900879,1.0
uniform,3,32.572994232177734,1.0
uniform,3,5.830951690673828,1.0
uniform,2,8.485280990600586,1.0
uniform,3,22.56102752685547,1.0
uniform,2,27.73084831237793,1.0
uniform,2,24.1867733001709,1.0
uniform,3,7.211102485656738,1.0
uniform,2,38.470767974853516,1.0
uniform,2,6.324555397033691,1.0
uniform,2,25.45584487915039,1.0
uniform,3,26.68332862854004,1.0
uniform,2,2.8284270763397217,0.8099173553719008
uniform,2,12.529964447021484,1.0
uniform,2,3.1622776985168457,0.8760330578512396
uniform,3,6.082762718200684,1.0
uniform,3,25.0,1.0
uniform,2,8.9442720413208,1.0
uniform,0,4.4721360206604,0.9669421487603306
uniform,0,6.7082037925720215,1.0
uniform,0,13.34166431427002,1.0
uniform,0,8.9442720413208,1.0
uniform,0,28.792360305786133,1.0
uniform,0,9.219544410705566,1.0
uniform,0,32.526912689208984,1.0
uniform,0,17.8885440826416,1.0
uniform,0,7.6157732009887695,1.0
uniform,0,0.0,0.3977272727272727
boundary,3,22.360679626464844,1.0
boundary,3,7.071067810058594,1.0
boundary,2,4.4721360206604,0.9421487603305785
boundary,3,5.099019527435303,0.9834710743801653
boundary,2,10.29563045501709,1.0
boundary,3,6.324555397033691,1.0
boundary,3,0.0,0.5371900826446281
boundary,3,10.198039054870605,1.0
boundary,2,5.0,0.9669421487603306
boundary,2,21.21320343017578,1.0
boundary,2,8.0,1.0
boundary,3,3.0,0.8016528925619835
boundary,2,6.324555397033691,1.0
boundary,2,1.0,0.6363636363636364
boundary,2,12.041594505310059,1.0
boundary,3,31.11269760131836,1.0
boundary,3,28.792360305786133,1.0
boundary,2,2.2360680103302,0.8099173553719008
boundary,2,0.0,0.6103896103896104
boundary,0,2.0,0.8272727272727273
boundary,0,5.385164737701416,0.9917355371900827
boundary,0,5.656854152679443,0.9834710743801653
boundary,0,1.4142135381698608,0.7107438016528925
boundary,3,3.0,0.8512396694214877
boundary,0,8.485280990600586,1.0
boundary,0,8.5440034866333,1.0
boundary,0,8.5440034866333,1.0
boundary,0,23.76972770690918,1.0
boundary,0,3.0,0.859504132231405
boundary,0,23.409399032592773,1.0
interior,3,28.792360305786133,1.0
interior,3,2.8284270763397217,0.7851239669421488
interior,3,34.01470184326172,1.0
interior,3,5.830951690673828,0.9917355371900827
interior,2,35.35533905029297,1.0
interior,2,28.17800521850586,1.0
interior,2,61.773780822753906,1.0
interior,2,47.53945541381836,1.0
interior,2,55.009090423583984,1.0
interior,2,51.4781494140625,1.0
interior,2,70.0927963256836,1.0
interior,2,64.53681182861328,1.0
interior,2,19.235383987426758,1.0
interior,2,31.016124725341797,1.0
interior,3,71.70076751708984,1.0
interior,3,73.97972869873047,1.0
interior,0,10.198039054870605,1.0
interior,3,84.17243957519531,1.0
interior,0,23.0867919921875,1.0
interior,0,16.278820037841797,1.0
interior,3,62.09669876098633,1.0
interior,3,51.92301940917969,1.0
interior,0,28.284271240234375,1.0
interior,0,30.364452362060547,1.0
interior,0,16.76305389404297,1.0
interior,0,26.570659637451172,1.0
interior,0,23.76972770690918,1.0
interior,3,97.86725616455078,1.0
interior,0,30.08321762084961,1.0
interior,0,38.60051727294922,1.0
uniform,3,24.041629791259766,1.0
uniform,3,1.0,0.6694214876033058
uniform,3,12.727922439575195,1.0
uniform,2,4.123105525970459,0.9421487603305785
uniform,2,13.928388595581055,1.0
uniform,2,48.82622146606445,1.0
uniform,3,39.560081481933594,1.0
uniform,3,33.541019439697266,1.0
uniform,2,45.7055778503418,1.0
uniform,2,2.2360680103302,0.7933884297520661
uniform,3,1.0,0.6611570247933884
uniform,3,5.099019527435303,0.9834710743801653
uniform,2,13.34166431427002,1.0
uniform,2,9.486832618713379,1.0
uniform,2,18.973665237426758,1.0
uniform,3,41.400482177734375,1.0
uniform,2,17.72004508972168,1.0
uniform,0,5.099019527435303,1.0
uniform,3,17.464248657226562,1.0
uniform,0,14.21267032623291,1.0
uniform,0,14.866068840026855,1.0
uniform,0,16.492422103881836,1.0
uniform,0,4.123105525970459,0.9421487603305785
uniform,0,19.10497283935547,1.0
uniform,0,9.848857879638672,1.0
uniform,0,16.0,1.0
uniform,2,1.4142135381698608,0.7024793388429752
uniform,0,4.4721360206604,0.9545454545454546
uniform,0,13.0,1.0
uniform,3,2.2360680103302,0.7121212121212122
boundary,3,22.56102752685547,1.0
boundary,2,1.4142135381698608,0.7024793388429752
boundary,3,13.0,1.0
boundary,3,7.211102485656738,1.0
boundary,2,10.0,1.0
boundary,2,24.59674835205078,1.0
boundary,2,6.7082037925720215,1.0
boundary,2,2.0,0.768595041322314
boundary,3,7.071067810058594,1.0
boundary,3,2.8284270763397217,0.8347107438016529
boundary,3,1.4142135381698608,0.6776859504132231
boundary,2,5.0,0.9669421487603306
boundary,3,10.770329475402832,1.0
boundary,3,11.045360565185547,1.0
boundary,3,5.0,1.0
boundary,2,0.0,0.5041322314049587
boundary,2,1.0,0.6694214876033058
boundary,2,26.248809814453125,1.0
boundary,3,57.314918518066406,1.0
boundary,0,1.0,0.8080808080808081
boundary,0,6.0,1.0
boundary,0,1.0,0.8484848484848485
boundary,0,10.198039054870605,1.0
boundary,0,2.2360680103302,0.7768595041322314
boundary,0,0.0,0.5867768595041323
boundary,2,1.0,0.628099173553719
boundary,0,13.34166431427002,1.0
boundary,0,6.324555397033691,1.0
boundary,0,1.0,0.6060606060606061
boundary,0,7.071067810058594,1.0
interior,3,41.146080017089844,1.0
interior,3,15.620499610900879,1.0
interior,2,22.627416610717773,1.0
interior,2,20.2237491607666,1.0
interior,3,30.265491485595703,1.0
interior,2,66.128662109375,1.0
interior,2,58.94064712524414,1.0
interior,2,58.00862121582031,1.0
interior,2,67.11929321289062,1.0
interior,2,59.46427536010742,1.0
interior,2,38.07886505126953,1.0
interior,2,51.865211486816406,1.0
interior,2,27.312999725341797,1.0
interior,3,16.76305389404297,1.0
interior,3,31.048349380493164,1.0
interior,0,2.0,0.7603305785123967
interior,0,2.8284270763397217,0.8264462809917356
interior,3,23.34523582458496,1.0
interior,3,85.08818817138672,1.0
interior,3,88.1192398071289,1.0
interior,0,25.63201141357422,1.0
interior,0,17.0,1.0
interior,3,93.86160278320312,1.0
interior,0,31.827661514282227,1.0
interior,0,34.1760139465332,1.0
interior,0,8.9442720413208,1.0
interior,0,33.241539001464844,1.0
interior,0,32.280025482177734,1.0
interior,0,36.06937789916992,1.0
interior,3,99.92497253417969,1.0
uniform,3,27.513633728027344,1.0
uniform,3,6.324555397033691,1.0
uniform,3,36.2353401184082,1.0
uniform,2,10.29563045501709,1.0
uniform,2,40.024993896484375,1.0
uniform,2,20.808652877807617,1.0
uniform,3,10.816654205322266,1.0
uniform,2,21.3775577545166,1.0
uniform,2,51.97114562988281,1.0
uniform,3,4.4721360206604,0.9504132231404959
uniform,3,32.015621185302734,1.0
uniform,3,32.649654388427734,1.0
uniform,3,31.0,1.0
uniform,3,3.605551242828369,0.9008264462809917
uniform,2,6.324555397033691,0.9917355371900827
uniform,3,5.0,1.0
uniform,2,9.486832618713379,1.0
uniform,2,1.0,0.628099173553719
uniform,2,18.384777069091797,1.0
uniform,2,25.0,1.0
uniform,0,3.0,0.8429752066115702
uniform,0,12.041594505310059,1.0
uniform,0,6.324555397033691,1.0
uniform,0,3.1622776985168457,0.8842975206611571
uniform,0,5.830951690673828,1.0
uniform,0,23.25940704345703,1.0
uniform,0,7.280109882354736,1.0
uniform,0,30.364452362060547,1.0
uniform,0,26.0,1.0
uniform,0,8.5440034866333,1.0
boundary,3,51.4781494140625,1.0
boundary,2,0.0,0.5785123966942148
boundary,2,1.0,0.628099173553719
boundary,3,12.041594505310059,1.0
boundary,3,7.6157732009887695,1.0
boundary,2,3.605551242828369,0.8925619834710744
boundary,3,36.24913787841797,1.0
boundary,3,11.180339813232422,1.0
boundary,3,5.656854152679443,0.9752066115702479
boundary,3,8.5440034866333,1.0
boundary,2,6.324555397033691,1.0
boundary,2,14.866068840026855,1.0
boundary,3,23.0,1.0
boundary,2,10.630146026611328,1.0
boundary,2,5.830951690673828,1.0
boundary,2,4.0,0.8925619834710744
boundary,3,22.803508758544922,1.0
boundary,2,13.0,1.0
boundary,0,2.8284270763397217,0.8181818181818182
boundary,0,4.0,0.9256198347107438
boundary,2,3.1622776985168457,0.8677685950413223
boundary,3,4.0,0.9338842975206612
boundary,0,2.0,0.7272727272727273
boundary,0,1.4142135381698608,0.8787878787878788
boundary,0,11.180339813232422,1.0
boundary,0,1.0,0.5950413223140496
boundary,0,8.5440034866333,1.0
boundary,0,8.9442720413208,1.0
boundary,0,15.65247631072998,1.0
boundary,0,19.646883010864258,1.0
interior,3,59.36328887939453,1.0
interior,3,48.010414123535156,1.0
interior,3,48.54894256591797,1.0
interior,3,21.931713104248047,1.0
interior,2,20.615528106689453,1.0
interior,2,47.423622131347656,1.0
interior,2,57.982757568359375,1.0
interior,2,67.23094177246094,1.0
interior,3,17.20465087890625,1.0
interior,2,61.6846809387207,1.0
interior,2,51.62363815307617,1.0
interior,2,51.865211486816406,1.0
interior,2,52.39274597167969,1.0
interior,3,8.5440034866333,1.0
interior,2,34.928497314453125,1.0
interior,2,34.71310806274414,1.0
interior,3,39.051246643066406,1.0
interior,3,34.4093017578125,1.0
interior,3,25.0,1.0
interior,0,9.486832618713379,1.0
interior,3,74.41101837158203,1.0
interior,0,21.840330123901367,1.0
interior,0,30.08321762084961,1.0
interior,0,20.0,1.0
interior,0,30.4138126373291,1.0
interior,0,25.63201141357422,1.0
interior,0,24.020824432373047,1.0
interior,0,36.06937789916992,1.0
interior,0,26.925823211669922,1.0
interior,0,32.893768310546875,1.0
uniform,3,2.0,0.768595041322314
uniform,3,21.931713104248047,1.0
uniform,2,1.0,0.6198347107438017
uniform,3,36.400550842285156,1.0
uniform,3,17.20465087890625,1.0
uniform,3,22.022714614868164,1.0
uniform,2,35.05709457397461,1.0
uniform,2,33.83784866333008,1.0
uniform,2,60.41522979736328,1.0
uniform,2,0.0,0.48760330578512395
uniform,3,12.083045959472656,1.0
uniform,2,4.4721360206604,0.9504132231404959
uniform,3,33.241539001464844,1.0
uniform,2,1.4142135381698608,0.7024793388429752
uniform,3,22.0,1.0
uniform,2,19.92485809326172,1.0
uniform,2,20.808652877807617,1.0
uniform,2,10.049875259399414,1.0
uniform,0,7.071067810058594,1.0
uniform,3,19.235383987426758,1.0
uniform,0,2.2360680103302,0.7768595041322314
uniform,0,5.385164737701416,0.9834710743801653
uniform,0,22.472204208374023,1.0
uniform,0,18.384777069091797,1.0
uniform,0,17.0,1.0
uniform,0,26.832815170288086,1.0
uniform,0,21.840330123901367,1.0
uniform,0,23.0,1.0
uniform,0,26.419689178466797,1.0
uniform,3,86.58522033691406,1.0
boundary,3,4.123105525970459,0.9256198347107438
boundary,3,28.635643005371094,1.0
boundary,3,13.0,1.0
boundary,2,9.486832618713379,1.0
boundary,3,33.37664031982422,1.0
boundary,2,23.34523582458496,1.0
boundary,2,17.72004508972168,1.0
boundary,2,17.0880069732666,1.0
boundary,3,1.0,0.5950413223140496
boundary,3,9.433980941772461,1.0
boundary,2,22.472204208374023,1.0
boundary,3,30.265491485595703,1.0
boundary,2,3.0,0.8181818181818182
boundary,2,4.0,0.9090909090909091
boundary,3,0.0,0.5289256198347108
boundary,2,2.8284270763397217,0.8099173553719008
boundary,3,8.602325439453125,1.0
boundary,2,15.0,1.0
boundary,2,15.231546401977539,1.0
boundary,0,2.0,0.7272727272727273
boundary,0,1.0,0.6363636363636364
boundary,0,4.123105525970459,0.9421487603305785
boundary,0,0.0,0.5702479338842975
boundary,0,0.0,0.7954545454545454
boundary,0,1.0,0.8585858585858586
boundary,0,8.5440034866333,1.0
boundary,0,2.0,0.743801652892562
boundary,0,15.231546401977539,1.0
boundary,3,1.0,0.6363636363636364
boundary,0,5.0,0.9545454545454546
interior,3,8.062257766723633,1.0
interior,3,14.866068840026855,1.0
interior,3,2.2360680103302,0.7933884297520661
interior,2,43.416587829589844,1.0
interior,2,26.019224166870117,1.0
interior,2,29.832868576049805,1.0
interior,2,41.9761848449707,1.0
interior,2,51.35172653198242,1.0
interior,2,60.74536895751953,1.0
interior,2,73.97972869873047,1.0
interior,2,59.09314727783203,1.0
interior,2,47.16990661621094,1.0
interior,2,9.433980941772461,1.0
interior,0,15.231546401977539,1.0
interior,3,80.08120727539062,1.0
interior,3,52.39274597167969,1.0
interior,0,15.81138801574707,1.0
interior,0,23.409399032592773,1.0
interior,3,34.928497314453125,1.0
interior,0,20.51828384399414,1.0
interior,0,8.246211051940918,1.0
interior,0,18.0,1.0
interior,0,28.460498809814453,1.0
interior,0,26.925823211669922,1.0
interior,0,25.079872131347656,1.0
interior,3,50.96076965332031,1.0
interior,3,97.86214447021484,1.0
interior,3,96.42095184326172,1.0
interior,3,96.0,1.0
interior,0,32.31098937988281,1.0
uniform,3,14.0,1.0
uniform,3,18.681541442871094,1.0
uniform,3,21.840330123901367,1.0
uniform,3,61.09828186035156,1.0
uniform,3,59.236812591552734,1.0
uniform,3,52.55473327636719,1.0
uniform,1,148.2969970703125,1.0
uniform,3,40.16217041015625,1.0
uniform,0,0.0,0.17355371900826447
uniform,0,0.0,0.19834710743801653
uniform,1,114.48143768310547,1.0
uniform,1,24.331050872802734,1.0
uniform,1,49.030601501464844,1.0
uniform,0,0.0,0.15702479338842976
uniform,1,24.73863410949707,1.0
uniform,3,8.485280990600586,1.0
uniform,3,13.416407585144043,1.0
uniform,1,16.492422103881836,1.0
uniform,3,4.123105525970459,0.9204545454545454
uniform,2,6.7082037925720215,1.0
uniform,1,54.81787872314453,1.0
uniform,2,19.416488647460938,1.0
uniform,1,34.78505325317383,1.0
uniform,1,17.72004508972168,1.0
uniform,2,10.770329475402832,1.0
uniform,2,2.8284270763397217,0.8099173553719008
uniform,1,2.0,0.71900826446281
uniform,2,3.0,0.8636363636363636
uniform,0,1.0,0.5113636363636364
uniform,0,0.0,0.4793388429752066
uniform,2,26.925823211669922,1.0
uniform,2,20.2237491607666,1.0
uniform,2,18.439088821411133,1.0
uniform,2,43.011627197265625,1.0
uniform,0,2.0,0.71900826446281
uniform,0,2.0,0.7355371900826446
uniform,2,23.76972770690918,1.0
uniform,0,1.0,0.6694214876033058
uniform,0,2.8284270763397217,0.7909090909090909
uniform,0,9.05538558959961,1.0
boundary,3,7.280109882354736,1.0
boundary,1,9.05538558959961,1.0
boundary,3,0.0,0.5785123966942148
boundary,3,12.369317054748535,1.0
boundary,0,0.0,0.2231404958677686
boundary,0,0.0,0.2644628099173554
boundary,0,1.0,0.2644628099173554
boundary,3,1.0,0.6446280991735537
boundary,3,23.600847244262695,1.0
boundary,2,1.0,0.4628099173553719
boundary,3,17.804492950439453,1.0
boundary,3,12.206555366516113,1.0
boundary,3,16.278820037841797,1.0
boundary,1,48.50773239135742,1.0
boundary,3,3.1622776985168457,0.859504132231405
boundary,1,63.06346130371094,1.0
boundary,1,32.557640075683594,1.0
boundary,3,3.1622776985168457,0.8295454545454546
boundary,2,9.05538558959961,1.0
boundary,2,6.082762718200684,1.0
boundary,2,10.440306663513184,1.0
boundary,1,58.694122314453125,1.0
boundary,1,90.73587799072266,1.0
boundary,1,25.495098114013672,1.0
boundary,1,2.8284270763397217,0.8099173553719008
boundary,2,4.0,0.9338842975206612
boundary,2,3.0,0.8347107438016529
boundary,2,1.4142135381698608,0.6942148760330579
boundary,1,0.0,0.5371900826446281
boundary,1,9.486832618713379,1.0
boundary,2,9.848857879638672,1.0
boundary,0,0.0,0.5371900826446281
boundary,0,1.0,0.6198347107438017
boundary,0,0.0,0.5785123966942148
boundary,0,2.0,0.6363636363636364
boundary,0,1.0,0.5206611570247934
boundary,0,0.0,0.5041322314049587
boundary,2,15.231546401977539,1.0
boundary,2,17.11724281311035,1.0
boundary,0,0.0,0.23376623376623376
interior,3,57.245086669921875,1.0
interior,3,63.071388244628906,1.0
interior,3,66.30987548828125,1.0
interior,3,59.46427536010742,1.0
interior,3,62.032249450683594,1.0
interior,3,28.17800521850586,1.0
interior,3,56.46237564086914,1.0
interior,1,115.7410888671875,1.0
interior,3,55.02726745605469,1.0
interior,1,185.06484985351562,1.0
interior,1,166.71533203125,1.0
interior,1,166.1385040283203,1.0
interior,3,45.80392837524414,1.0
interior,1,169.2483367919922,1.0
interior,1,158.61903381347656,1.0
interior,1,128.06248474121094,1.0
interior,3,4.123105525970459,0.9204545454545454
interior,1,53.46026611328125,1.0
interior,2,24.041629791259766,1.0
interior,1,62.361846923828125,1.0
interior,2,17.464248657226562,1.0
interior,2,21.840330123901367,1.0
interior,2,34.48188018798828,1.0
interior,2,37.10795211791992,1.0
interior,2,29.42787742614746,1.0
interior,2,37.656341552734375,1.0
interior,2,16.124515533447266,1.0
interior,2,31.575305938720703,1.0
interior,1,68.65857696533203,1.0
interior,2,22.472204208374023,1.0
interior,0,4.123105525970459,0.9504132231404959
interior,0,6.0,1.0
interior,0,3.0,0.8181818181818182
interior,0,5.830951690673828,1.0
interior,0,7.6157732009887695,1.0
interior,0,6.7082037925720215,1.0
interior,0,8.246211051940918,1.0
interior,0,6.7082037925720215,1.0
interior,0,8.9442720413208,1.0
interior,0,9.05538558959961,1.0
uniform,1,88.0,1.0
uniform,3,14.866068840026855,1.0
uniform,3,5.099019527435303,0.9834710743801653
uniform,3,46.51881408691406,1.0
uniform,3,7.280109882354736,1.0
uniform,1,26.925823211669922,1.0
uniform,3,27.73084831237793,1.0
uniform,1,196.02296447753906,1.0
uniform,3,12.369317054748535,1.0
uniform,3,18.973665237426758,1.0
uniform,3,13.0,1.0
uniform,1,39.357337951660156,1.0
uniform,1,150.6851043701172,1.0
uniform,0,0.0,0.18181818181818182
uniform,0,0.0,0.18181818181818182
uniform,3,31.064449310302734,1.0
uniform,3,18.384777069091797,1.0
uniform,1,17.464248657226562,1.0
uniform,2,2.8284270763397217,0.8099173553719008
uniform,1,62.817195892333984,1.0
uniform,1,54.4058837890625,1.0
uniform,2,4.4721360206604,0.9586776859504132
uniform,1,7.6157732009887695,1.0
uniform,2,10.770329475402832,1.0
uniform,2,9.486832618713379,1.0
uniform,0,3.605551242828369,0.8051948051948052
uniform,0,1.0,0.6363636363636364
uniform,2,29.614185333251953,1.0
uniform,1,46.840152740478516,1.0
uniform,2,14.317821502685547,1.0
uniform,2,2.2360680103302,0.7933884297520661
uniform,2,0.0,0.5537190082644629
uniform,2,13.601470947265625,1.0
uniform,0,1.0,0.5867768595041323
uniform,0,1.0,0.6694214876033058
uniform,2,31.256999969482422,1.0
uniform,0,0.0,0.40404040404040403
uniform,0,3.0,0.8181818181818182
uniform,0,3.0,0.7954545454545454
uniform,0,4.4721360206604,0.9393939393939394
boundary,3,30.0,1.0
boundary,3,6.324555397033691,1.0
boundary,1,8.9442720413208,1.0
boundary,1,43.32435989379883,1.0
boundary,3,11.180339813232422,1.0
boundary,3,31.016124725341797,1.0
boundary,3,6.324555397033691,1.0
boundary,3,33.83784866333008,1.0
boundary,3,27.80287742614746,1.0
boundary,3,8.485280990600586,1.0
boundary,3,10.29563045501709,1.0
boundary,3,1.0,0.628099173553719
boundary,2,8.0,1.0
boundary,2,5.385164737701416,1.0
boundary,1,76.90253448486328,1.0
boundary,2,17.0880069732666,1.0
boundary,1,14.142135620117188,1.0
boundary,2,12.165525436401367,1.0
boundary,1,41.9761848449707,1.0
boundary,1,45.880279541015625,1.0
boundary,1,22.56102752685547,1.0
boundary,2,3.1622776985168457,0.8760330578512396
boundary,2,8.0,1.0
boundary,2,8.9442720413208,1.0
boundary,0,2.0,0.5181818181818182
boundary,0,1.0,0.6363636363636364
boundary,2,9.486832618713379,1.0
boundary,1,2.0,0.7107438016528925
boundary,0,0.0,0.32954545454545453
boundary,2,0.0,0.5289256198347108
boundary,1,9.848857879638672,1.0
boundary,0,1.0,0.5454545454545454
boundary,1,23.430749893188477,1.0
boundary,0,1.0,0.628099173553719
boundary,2,2.8284270763397217,0.8909090909090909
boundary,0,2.0,0.6909090909090909
boundary,0,1.0,0.5959595959595959
boundary,0,2.2360680103302,0.7045454545454546
boundary,0,0.0,0.15151515151515152
boundary,0,2.0,0.5606060606060606
interior,3,22.803508758544922,1.0
interior,1,154.0,1.0
interior,3,67.5425796508789,1.0
interior,3,62.60990524291992,1.0
interior,3,60.373836517333984,1.0
interior,3,48.754486083984375,1.0
interior,3,35.46829605102539,1.0
interior,1,137.8731231689453,1.0
interior,3,47.434165954589844,1.0
interior,1,175.28262329101562,1.0
interior,1,172.95663452148438,1.0
interior,1,152.31546020507812,1.0
interior,3,35.608985900878906,1.0
interior,3,18.601076126098633,1.0
interior,3,8.5440034866333,1.0
interior,1,123.22743225097656,1.0
interior,1,79.12016296386719,1.0
interior,1,66.21932983398438,1.0
interior,2,8.246211051940918,1.0
interior,1,41.34005355834961,1.0
interior,0,2.2360680103302,0.6477272727272727
interior,1,78.58753204345703,1.0
interior,0,1.0,0.5227272727272727
interior,2,35.693138122558594,1.0
interior,2,34.20526123046875,1.0
interior,2,35.35533905029297,1.0
interior,2,38.470767974853516,1.0
interior,0,0.0,0.3140495867768595
interior,2,33.52610778808594,1.0
interior,0,1.0,0.6033057851239669
interior,2,56.035701751708984,1.0
interior,2,54.7448616027832,1.0
interior,2,59.0,1.0
interior,0,2.0,0.6767676767676768
interior,0,4.4721360206604,0.9545454545454546
interior,2,59.00847244262695,1.0
interior,0,3.605551242828369,0.8441558441558441
interior,0,8.5440034866333,1.0
interior,0,0.0,0.12121212121212122
interior,0,8.246211051940918,1.0
uniform,1,140.60227966308594,1.0
uniform,3,15.81138801574707,1.0
uniform,3,34.539833068847656,1.0
uniform,1,97.32420349121094,1.0
uniform,3,20.615528106689453,1.0
uniform,3,35.11410140991211,1.0
uniform,3,15.231546401977539,1.0
uniform,3,35.11410140991211,1.0
uniform,3,43.185646057128906,1.0
uniform,1,167.8362274169922,1.0
uniform,3,27.80287742614746,1.0
uniform,3,31.827661514282227,1.0
uniform,3,29.698484420776367,1.0
uniform,1,102.70345306396484,1.0
uniform,1,84.64632415771484,1.0
uniform,2,24.73863410949707,1.0
uniform,2,13.601470947265625,1.0
uniform,1,48.08325958251953,1.0
uniform,1,62.585941314697266,1.0
uniform,2,2.2360680103302,0.7851239669421488
uniform,1,78.33900451660156,1.0
uniform,0,0.0,0.4090909090909091
uniform,0,1.0,0.5714285714285714
uniform,1,34.20526123046875,1.0
uniform,1,37.85498809814453,1.0
uniform,2,6.082762718200684,1.0
uniform,2,34.928497314453125,1.0
uniform,2,12.083045959472656,1.0
uniform,2,10.770329475402832,1.0
uniform,2,24.73863410949707,1.0
uniform,2,0.0,0.4380165289256198
uniform,2,3.0,0.8512396694214877
uniform,0,0.0,0.512396694214876
uniform,0,0.0,0.3884297520661157
uniform,0,2.0,0.7272727272727273
uniform,0,4.4721360206604,0.9545454545454546
uniform,0,0.0,0.4909090909090909
uniform,0,2.0,0.7070707070707071
uniform,0,7.0,1.0
uniform,0,3.1622776985168457,0.8181818181818182
boundary,3,18.384777069091797,1.0
boundary,1,41.1096076965332,1.0
boundary,3,18.357559204101562,1.0
boundary,3,4.123105525970459,0.9421487603305785
boundary,3,46.66904830932617,1.0
boundary,0,0.0,0.19834710743801653
boundary,0,0.0,0.19834710743801653
boundary,3,8.602325439453125,1.0
boundary,3,12.529964447021484,1.0
boundary,3,2.2360680103302,0.8016528925619835
boundary,3,10.770329475402832,1.0
boundary,3,6.324555397033691,1.0
boundary,2,8.485280990600586,1.0
boundary,3,1.0,0.6262626262626263
boundary,1,43.416587829589844,1.0
boundary,1,0.0,0.512396694214876
boundary,1,79.8122787475586,1.0
boundary,2,18.248287200927734,1.0
boundary,1,49.47726821899414,1.0
boundary,1,22.360679626464844,1.0
boundary,1,25.63201141357422,1.0
boundary,2,1.0,0.6694214876033058
boundary,2,1.0,0.6446280991735537
boundary,2,8.246211051940918,1.0
boundary,1,2.0,0.743801652892562
boundary,2,11.401754379272461,1.0
boundary,2,13.601470947265625,1.0
boundary,0,1.0,0.5702479338842975
boundary,0,0.0,0.36363636363636365
boundary,1,16.124515533447266,1.0
boundary,0,0.0,0.2987012987012987
boundary,2,21.840330123901367,1.0
boundary,2,7.071067810058594,1.0
boundary,1,62.361846923828125,1.0
boundary,2,13.928388595581055,1.0
boundary,0,0.0,0.5041322314049587
boundary,0,4.0,0.9090909090909091
boundary,0,1.0,0.4155844155844156
boundary,0,1.0,0.3181818181818182
boundary,0,2.8284270763397217,0.6515151515151515
interior,1,222.0,1.0
interior,3,30.0,1.0
interior,3,62.297672271728516,1.0
interior,3,16.0,1.0
interior,1,194.0,1.0
interior,1,148.0,1.0
interior,3,34.78505325317383,1.0
interior,3,67.11929321289062,1.0
interior,3,38.01315689086914,1.0
interior,3,60.926185607910156,1.0
interior,3,60.539241790771484,1.0
interior,1,196.93907165527344,1.0
interior,1,47.12748718261719,1.0
interior,3,47.12748718261719,1.0
interior,1,78.74642944335938,1.0
interior,1,152.42703247070312,1.0
interior,3,29.698484420776367,1.0
interior,1,151.34397888183594,1.0
interior,1,140.4314727783203,1.0
interior,2,16.492422103881836,1.0
interior,2,4.123105525970459,0.9504132231404959
interior,0,2.0,0.6493506493506493
interior,1,38.60051727294922,1.0
interior,0,2.8284270763397217,0.7272727272727273
interior,2,30.5941162109375,1.0
interior,2,34.20526123046875,1.0
interior,2,36.13862228393555,1.0
interior,2,34.71310806274414,1.0
interior,2,24.041629791259766,1.0
interior,2,43.416587829589844,1.0
interior,2,54.58937454223633,1.0
interior,0,5.0,0.9834710743801653
interior,0,3.0,0.8454545454545455
interior,2,58.07753372192383,1.0
interior,0,4.0,0.898989898989899
interior,0,7.071067810058594,1.0
interior,0,3.0,0.7954545454545454
interior,0,6.7082037925720215,1.0
interior,0,6.0,1.0
interior,0,7.280109882354736,1.0
uniform,3,12.0,1.0
uniform,3,20.615528106689453,1.0
uniform,3,32.572994232177734,1.0
uniform,3,57.245086669921875,1.0
uniform,3,21.540658950805664,1.0
uniform,3,12.083045959472656,1.0
uniform,3,25.0,1.0
uniform,0,0.0,0.2231404958677686
uniform,3,21.840330123901367,1.0
uniform,3,5.0,0.9504132231404959
uniform,1,94.83142852783203,1.0
uniform,3,2.8284270763397217,0.7909090909090909
uniform,2,3.0,0.859504132231405
uniform,1,90.13877868652344,1.0
uniform,2,16.124515533447266,1.0
uniform,1,64.8459701538086,1.0
uniform,1,44.643028259277344,1.0
uniform,1,45.39823913574219,1.0
uniform,1,47.29693603515625,1.0
uniform,2,11.704699516296387,1.0
uniform,1,40.79215621948242,1.0
uniform,1,64.51356506347656,1.0
uniform,2,5.385164737701416,1.0
uniform,2,13.601470947265625,1.0
uniform,2,20.2237491607666,1.0
uniform,2,4.123105525970459,0.9421487603305785
uniform,2,31.906112670898438,1.0
uniform,2,33.241539001464844,1.0
uniform,1,11.401754379272461,1.0
uniform,0,2.2360680103302,0.7851239669421488
uniform,0,1.0,0.6528925619834711
uniform,0,0.0,0.4636363636363636
uniform,0,6.082762718200684,1.0
uniform,0,2.0,0.6704545454545454
uniform,0,7.280109882354736,1.0
uniform,0,3.1622776985168457,0.8051948051948052
uniform,0,8.062257766723633,1.0
uniform,1,89.005615234375,1.0
uniform,2,22.0,1.0
uniform,0,4.123105525970459,0.9090909090909091
boundary,3,2.0,0.7603305785123967
boundary,1,22.135944366455078,1.0
boundary,3,39.39543151855469,1.0
boundary,1,64.56005096435547,1.0
boundary,0,0.0,0.12396694214876033
boundary,3,15.81138801574707,1.0
boundary,0,0.0,0.19834710743801653
boundary,0,0.0,0.2644628099173554
boundary,3,11.704699516296387,1.0
boundary,3,4.242640495300293,0.9173553719008265
boundary,3,3.605551242828369,0.8760330578512396
boundary,3,5.0,0.9504132231404959
boundary,3,12.206555366516113,1.0
boundary,3,4.242640495300293,0.9338842975206612
boundary,3,0.0,0.5371900826446281
boundary,2,5.0,0.9669421487603306
boundary,1,17.464248657226562,1.0
boundary,2,18.681541442871094,1.0
boundary,2,1.0,0.6446280991735537
boundary,1,54.120235443115234,1.0
boundary,1,1.0,0.6198347107438017
boundary,2,7.6157732009887695,1.0
boundary,2,3.605551242828369,0.9008264462809917
boundary,2,0.0,0.5454545454545454
boundary,2,15.132745742797852,1.0
boundary,1,63.56099319458008,1.0
boundary,0,2.0,0.5757575757575758
boundary,1,35.1710090637207,1.0
boundary,0,0.0,0.494949494949495
boundary,0,1.4142135381698608,0.4393939393939394
boundary,1,33.734256744384766,1.0
boundary,0,0.0,0.2727272727272727
boundary,2,34.1760139465332,1.0
boundary,2,2.8284270763397217,0.8016528925619835
boundary,2,50.0,1.0
boundary,1,51.92301940917969,1.0
boundary,1,20.0,1.0
boundary,0,1.0,0.6776859504132231
boundary,0,4.123105525970459,0.9363636363636364
boundary,0,1.0,0.6136363636363636
interior,3,61.35144805908203,1.0
interior,1,105.0,1.0
interior,3,63.52952194213867,1.0
interior,1,151.0,1.0
interior,3,21.840330123901367,1.0
interior,3,59.09314727783203,1.0
interior,3,45.694637298583984,1.0
interior,1,189.4228057861328,1.0
interior,3,42.04759216308594,1.0
interior,3,43.32435989379883,1.0
interior,3,46.010868072509766,1.0
interior,1,173.17044067382812,1.0
interior,3,47.01063537597656,1.0
interior,3,16.492422103881836,1.0
interior,1,117.6435317993164,1.0
interior,1,134.61798095703125,1.0
interior,2,19.92485809326172,1.0
interior,1,82.6619644165039,1.0
interior,2,28.160255432128906,1.0
interior,1,93.19334411621094,1.0
interior,1,39.824615478515625,1.0
interior,1,80.65357971191406,1.0
interior,2,9.486832618713379,1.0
interior,2,22.803508758544922,1.0
interior,2,32.526912689208984,1.0
interior,2,11.704699516296387,1.0
interior,2,4.123105525970459,0.9338842975206612
interior,2,52.63079071044922,1.0
interior,2,46.097721099853516,1.0
interior,2,54.58937454223633,1.0
interior,0,3.0,0.8512396694214877
interior,0,1.0,0.6090909090909091
interior,0,5.0,0.9727272727272728
interior,0,6.0,1.0
interior,0,3.1622776985168457,0.8545454545454545
interior,0,2.2360680103302,0.6623376623376623
interior,0,5.099019527435303,0.987012987012987
interior,0,6.0,1.0
interior,0,8.9442720413208,1.0
interior,0,4.4721360206604,0.9393939393939394
uniform,3,57.87054443359375,1.0
uniform,3,52.49761962890625,1.0
uniform,3,47.88528060913086,1.0
uniform,3,0.0,0.5454545454545454
uniform,3,11.704699516296387,1.0
uniform,3,8.5440034866333,1.0
uniform,3,8.9442720413208,1.0
uniform,3,16.552946090698242,1.0
uniform,0,0.0,0.18181818181818182
uniform,3,5.385164737701416,0.9917355371900827
uniform,0,0.0,0.15702479338842976
uniform,3,0.0,0.49586776859504134
uniform,1,153.52523803710938,1.0
uniform,1,136.79547119140625,1.0
uniform,1,63.56099319458008,1.0
uniform,1,92.04889678955078,1.0
uniform,1,64.28841400146484,1.0
uniform,1,83.43260955810547,1.0
uniform,1,67.35725402832031,1.0
uniform,2,11.704699516296387,1.0
uniform,1,45.607017517089844,1.0
uniform,2,18.973665237426758,1.0
uniform,2,4.0,0.9338842975206612
uniform,2,4.0,0.9338842975206612
uniform,2,5.0,0.9752066115702479
uniform,2,21.189620971679688,1.0
uniform,0,2.0,0.625
uniform,0,1.0,0.5568181818181818
uniform,2,1.0,0.6694214876033058
uniform,2,44.14748001098633,1.0
uniform,1,4.0,0.9338842975206612
uniform,2,17.029386520385742,1.0
uniform,0,0.0,0.512396694214876
uniform,1,18.681541442871094,1.0
uniform,0,4.0,0.9338842975206612
uniform,2,56.080299377441406,1.0
uniform,0,7.071067810058594,1.0
uniform,0,6.082762718200684,1.0
uniform,0,0.0,0.2987012987012987
uniform,0,0.0,0.5324675324675324
boundary,3,9.0,1.0
boundary,3,31.320919036865234,1.0
boundary,3,4.4721360206604,0.9586776859504132
boundary,3,2.8284270763397217,0.7933884297520661
boundary,3,35.11410140991211,1.0
boundary,3,2.0,0.743801652892562
boundary,3,15.231546401977539,1.0
boundary,3,25.961509704589844,1.0
boundary,0,0.0,0.23140495867768596
boundary,3,5.385164737701416,0.9917355371900827
boundary,3,18.788293838500977,1.0
boundary,2,12.529964447021484,1.0
boundary,1,30.675724029541016,1.0
boundary,1,85.14693450927734,1.0
boundary,1,48.50773239135742,1.0
boundary,1,69.35416412353516,1.0
boundary,1,51.6623649597168,1.0
boundary,1,7.6157732009887695,1.0
boundary,1,27.658634185791016,1.0
boundary,1,15.81138801574707,1.0
boundary,2,4.0,0.9338842975206612
boundary,2,5.0,0.9752066115702479
boundary,2,10.770329475402832,1.0
boundary,0,0.0,0.45454545454545453
boundary,0,0.0,0.49586776859504134
boundary,0,1.4142135381698608,0.6161616161616161
boundary,2,18.681541442871094,1.0
boundary,2,2.0,0.743801652892562
boundary,1,11.180339813232422,1.0
boundary,0,0.0,0.15151515151515152
boundary,2,16.124515533447266,1.0
boundary,2,7.211102485656738,1.0
boundary,2,1.0,0.6694214876033058
boundary,0,3.0,0.8512396694214877
boundary,0,0.0,0.5363636363636364
boundary,0,0.0,0.4909090909090909
boundary,2,35.05709457397461,1.0
boundary,0,3.0,0.7662337662337663
boundary,1,34.20526123046875,1.0
boundary,0,1.0,0.5454545454545454
interior,3,63.631752014160156,1.0
interior,1,184.0,1.0
interior,3,59.03388977050781,1.0
interior,3,52.77309799194336,1.0
interior,3,33.61547088623047,1.0
interior,1,208.3386688232422,1.0
interior,3,55.94640350341797,1.0
interior,3,58.30952072143555,1.0
interior,3,60.16643524169922,1.0
interior,1,191.5124053955078,1.0
interior,1,174.64535522460938,1.0
interior,3,44.59820556640625,1.0
interior,1,182.63076782226562,1.0
interior,3,39.560081481933594,1.0
interior,3,43.011627197265625,1.0
interior,1,162.0154266357422,1.0
interior,1,159.83116149902344,1.0
interior,1,98.71676635742188,1.0
interior,1,108.41586303710938,1.0
interior,1,65.25334930419922,1.0
interior,2,27.459060668945312,1.0
interior,2,21.587032318115234,1.0
interior,0,2.0,0.5757575757575758
interior,0,4.4721360206604,0.8831168831168831
interior,2,22.803508758544922,1.0
interior,2,39.824615478515625,1.0
interior,2,39.051246643066406,1.0
interior,2,47.0,1.0
interior,2,46.81879806518555,1.0
interior,2,18.027755737304688,1.0
interior,2,53.037723541259766,1.0
interior,2,51.35172653198242,1.0
interior,0,3.605551242828369,0.9
interior,0,6.082762718200684,1.0
interior,0,5.830951690673828,1.0
interior,0,8.062257766723633,1.0
interior,0,8.9442720413208,1.0
interior,0,8.246211051940918,1.0
interior,0,9.486832618713379,1.0
interior,0,3.1622776985168457,0.8181818181818182
uniform,3,19.235383987426758,1.0
uniform,0,5.0,0.9752066115702479
uniform,0,5.385164737701416,0.9917355371900827
uniform,0,6.324555397033691,1.0
uniform,3,11.313708305358887,1.0
uniform,0,7.0,1.0
uniform,2,6.082762718200684,1.0
uniform,2,6.4031243324279785,1.0
uniform,2,13.601470947265625,1.0
uniform,2,10.770329475402832,1.0
uniform,2,18.027755737304688,1.0
uniform,3,41.231056213378906,1.0
uniform,2,18.973665237426758,1.0
uniform,2,13.34166431427002,1.0
uniform,2,3.1622776985168457,0.8429752066115702
uniform,0,17.464248657226562,1.0
uniform,3,3.0,0.8760330578512396
uniform,0,16.492422103881836,1.0
uniform,2,7.280109882354736,1.0
uniform,0,8.246211051940918,1.0
uniform,0,19.92485809326172,1.0
uniform,0,13.0,1.0
uniform,0,9.486832618713379,1.0
uniform,2,6.7082037925720215,1.0
uniform,3,19.416488647460938,1.0
uniform,3,68.94925689697266,1.0
uniform,3,55.0,1.0
uniform,3,72.17340087890625,1.0
uniform,3,132.8495330810547,1.0
uniform,3,127.12985229492188,1.0
boundary,3,31.62277603149414,1.0
boundary,0,0.0,0.5867768595041323
boundary,3,12.041594505310059,1.0
boundary,0,11.401754379272461,1.0
boundary,0,0.0,0.5867768595041323
boundary,2,18.681541442871094,1.0
boundary,0,13.892443656921387,1.0
boundary,0,6.4031243324279785,0.9917355371900827
boundary,3,0.0,0.512396694214876
boundary,2,14.317821502685547,1.0
boundary,2,18.384777069091797,1.0
boundary,2,1.4142135381698608,0.7024793388429752
boundary,3,0.0,0.5041322314049587
boundary,0,7.6157732009887695,1.0
boundary,0,2.0,0.7603305785123967
boundary,0,0.0,0.5206611570247934
boundary,0,2.0,0.7520661157024794
boundary,2,2.0,0.8016528925619835
boundary,0,7.6157732009887695,1.0
boundary,3,48.87739944458008,1.0
boundary,2,4.0,0.9256198347107438
boundary,3,1.4142135381698608,0.6942148760330579
boundary,3,56.4358024597168,1.0
boundary,2,1.0,0.4628099173553719
boundary,2,2.0,0.7272727272727273
boundary,2,2.8284270763397217,0.8264462809917356
boundary,2,4.242640495300293,0.9338842975206612
boundary,3,29.42787742614746,1.0
boundary,3,77.10382843017578,1.0
boundary,3,48.66210174560547,1.0
interior,3,46.04345703125,1.0
interior,3,15.033296585083008,1.0
interior,0,35.735137939453125,1.0
interior,0,32.572994232177734,1.0
interior,0,5.0,0.9752066115702479
interior,0,26.925823211669922,1.0
interior,0,22.135944366455078,1.0
interior,2,1.0,0.6363636363636364
interior,0,8.5440034866333,1.0
interior,0,10.440306663513184,1.0
interior,2,17.029386520385742,1.0
interior,2,8.062257766723633,1.0
interior,2,8.062257766723633,1.0
interior,2,10.440306663513184,1.0
interior,2,10.770329475402832,1.0
interior,2,18.973665237426758,1.0
interior,2,12.369317054748535,1.0
interior,0,9.05538558959961,1.0
interior,2,10.198039054870605,1.0
interior,0,22.472204208374023,1.0
interior,0,9.848857879638672,1.0
interior,2,2.2360680103302,0.8181818181818182
interior,3,101.40019989013672,1.0
interior,3,59.66573715209961,1.0
interior,3,91.40021514892578,1.0
interior,3,130.6790008544922,1.0
interior,3,139.4632568359375,1.0
interior,3,161.89503479003906,1.0
interior,3,143.05593872070312,1.0
interior,3,155.7080535888672,1.0
uniform,0,7.0,1.0
uniform,2,1.4142135381698608,0.6942148760330579
uniform,0,6.082762718200684,1.0
uniform,3,10.816654205322266,1.0
uniform,2,10.440306663513184,1.0
uniform,0,10.29563045501709,1.0
uniform,0,9.848857879638672,1.0
uniform,0,1.0,0.6115702479338843
uniform,2,17.72004508972168,1.0
uniform,2,0.0,0.512396694214876
uniform,0,7.6157732009887695,1.0
uniform,0,22.472204208374023,1.0
uniform,0,19.646883010864258,1.0
uniform,2,5.385164737701416,0.9917355371900827
uniform,0,20.615528106689453,1.0
uniform,0,2.0,0.7603305785123967
uniform,2,8.9442720413208,1.0
uniform,2,13.0,1.0
uniform,2,1.0,0.6446280991735537
uniform,2,10.440306663513184,1.0
uniform,2,2.0,0.7520661157024794
uniform,3,15.620499610900879,1.0
uniform,3,94.20191192626953,1.0
uniform,3,66.91038513183594,1.0
uniform,3,82.76472473144531,1.0
uniform,3,93.00537872314453,1.0
uniform,3,128.31600952148438,1.0
uniform,3,108.0,1.0
uniform,3,132.38201904296875,1.0
uniform,3,119.70797729492188,1.0
boundary,3,9.848857879638672,1.0
boundary,0,19.646883010864258,1.0
boundary,0,4.4721360206604,0.9586776859504132
boundary,2,7.071067810058594,1.0
boundary,2,11.180339813232422,1.0
boundary,0,5.385164737701416,0.9917355371900827
boundary,0,1.0,0.6033057851239669
boundary,0,9.848857879638672,1.0
boundary,2,1.4142135381698608,0.6859504132231405
boundary,2,2.0,0.768595041322314
boundary,2,1.0,0.6694214876033058
boundary,0,1.0,0.6115702479338843
boundary,3,8.246211051940918,1.0
boundary,0,0.0,0.5041322314049587
boundary,0,1.0,0.628099173553719
boundary,2,1.0,0.6181818181818182
boundary,2,1.0,0.6033057851239669
boundary,2,6.7082037925720215,1.0
boundary,2,0.0,0.512396694214876
boundary,3,41.43669891357422,1.0
boundary,2,1.0,0.6363636363636364
boundary,0,2.8284270763397217,0.8181818181818182
boundary,0,2.0,0.7272727272727273
boundary,3,62.0,1.0
boundary,3,40.24922180175781,1.0
boundary,3,30.805843353271484,1.0
boundary,3,90.00555419921875,1.0
boundary,3,63.1347770690918,1.0
boundary,3,42.7551155090332,1.0
boundary,3,110.86027526855469,1.0
interior,0,37.947330474853516,1.0
interior,0,41.43669891357422,1.0
interior,0,37.336307525634766,1.0
interior,0,29.120439529418945,1.0
interior,0,23.0867919921875,1.0
interior,0,23.0867919921875,1.0
interior,2,8.9442720413208,1.0
interior,0,16.492422103881836,1.0
interior,2,10.049875259399414,1.0
interior,2,18.973665237426758,1.0
interior,2,21.189620971679688,1.0
interior,2,18.384777069091797,1.0
interior,2,20.248456954956055,1.0
interior,2,14.560219764709473,1.0
interior,2,9.219544410705566,1.0
interior,2,9.219544410705566,1.0
interior,0,9.219544410705566,1.0
interior,0,22.803508758544922,1.0
interior,0,14.866068840026855,1.0
interior,2,13.03840446472168,1.0
interior,3,46.0,1.0
interior,3,137.97463989257812,1.0
interior,3,102.80078125,1.0
interior,3,184.78366088867188,1.0
interior,3,154.2886962890625,1.0
interior,3,138.0,1.0
interior,3,147.23110961914062,1.0
interior,3,140.6165008544922,1.0
interior,3,149.25146484375,1.0
interior,3,139.98928833007812,1.0
uniform,0,10.198039054870605,1.0
uniform,0,9.486832618713379,1.0
uniform,3,53.851646423339844,1.0
uniform,3,26.62705421447754,1.0
uniform,0,14.560219764709473,1.0
uniform,0,8.246211051940918,1.0
uniform,0,1.4142135381698608,0.6942148760330579
uniform,2,5.099019527435303,0.9834710743801653
uniform,2,0.0,0.5454545454545454
uniform,2,20.248456954956055,1.0
uniform,2,14.866068840026855,1.0
uniform,0,11.704699516296387,1.0
uniform,3,32.69556427001953,1.0
uniform,2,3.605551242828369,0.9008264462809917
uniform,2,1.0,0.5950413223140496
uniform,2,8.5440034866333,1.0
uniform,2,12.369317054748535,1.0
uniform,0,10.770329475402832,1.0
uniform,0,12.649110794067383,1.0
uniform,0,7.280109882354736,1.0
uniform,0,16.76305389404297,1.0
uniform,3,17.0,1.0
uniform,3,69.57010650634766,1.0
uniform,2,5.385164737701416,0.9917355371900827
uniform,2,2.8284270763397217,0.8099173553719008
uniform,3,49.09175109863281,1.0
uniform,3,89.14033508300781,1.0
uniform,3,33.52610778808594,1.0
uniform,3,155.92626953125,1.0
uniform,3,155.32225036621094,1.0
boundary,2,0.0,0.5454545454545454
boundary,0,13.928388595581055,1.0
boundary,3,3.605551242828369,0.8842975206611571
boundary,2,4.0,0.9256198347107438
boundary,3,0.0,0.5454545454545454
boundary,2,0.0,0.4214876033057851
boundary,2,1.0,0.6446280991735537
boundary,3,2.0,0.7355371900826446
boundary,0,6.7082037925720215,1.0
boundary,2,4.0,0.9256198347107438
boundary,0,2.0,0.71900826446281
boundary,0,10.198039054870605,1.0
boundary,3,45.880279541015625,1.0
boundary,0,10.0,1.0
boundary,0,23.53720474243164,1.0
boundary,3,9.0,1.0
boundary,2,0.0,0.5454545454545454
boundary,0,1.4142135381698608,0.6859504132231405
boundary,3,33.52610778808594,1.0
boundary,0,18.0,1.0
boundary,2,3.1622776985168457,0.7933884297520661
boundary,0,10.770329475402832,1.0
boundary,0,6.7082037925720215,1.0
boundary,3,15.65247631072998,1.0
boundary,2,5.385164737701416,0.9917355371900827
boundary,2,6.082762718200684,1.0
boundary,2,12.0,1.0
boundary,3,5.0,0.9669421487603306
boundary,3,53.823787689208984,1.0
boundary,3,130.1383819580078,1.0
interior,0,39.217342376708984,1.0
interior,0,26.570659637451172,1.0
interior,0,31.016124725341797,1.0
interior,0,31.62277603149414,1.0
interior,2,6.082762718200684,1.0
interior,3,46.615447998046875,1.0
interior,0,13.601470947265625,1.0
interior,2,20.615528106689453,1.0
interior,2,5.099019527435303,0.9834710743801653
interior,2,17.0880069732666,1.0
interior,2,19.313207626342773,1.0
interior,2,13.0,1.0
interior,2,20.880613327026367,1.0
interior,2,3.1622776985168457,0.8677685950413223
interior,0,10.770329475402832,1.0
interior,0,22.472204208374023,1.0
interior,0,22.803508758544922,1.0
interior,0,15.81138801574707,1.0
interior,0,5.830951690673828,1.0
interior,2,6.4031243324279785,0.9917355371900827
interior,2,0.0,0.5454545454545454
interior,3,50.93132781982422,1.0
interior,3,89.31964874267578,1.0
interior,3,178.02528381347656,1.0
interior,3,180.02499389648438,1.0
interior,3,137.10215759277344,1.0
interior,3,141.17364501953125,1.0
interior,3,153.73028564453125,1.0
interior,3,174.86566162109375,1.0
interior,3,164.01219177246094,1.0
uniform,2,0.0,0.5537190082644629
uniform,0,26.570659637451172,1.0
uniform,0,30.364452362060547,1.0
uniform,0,1.4142135381698608,0.6859504132231405
uniform,0,1.4142135381698608,0.6115702479338843
uniform,2,11.180339813232422,1.0
uniform,2,14.317821502685547,1.0
uniform,2,11.401754379272461,1.0
uniform,2,8.246211051940918,1.0
uniform,2,2.0,0.6859504132231405
uniform,0,0.0,0.5371900826446281
uniform,2,2.0,0.7272727272727273
uniform,0,4.0,0.9256198347107438
uniform,0,7.071067810058594,1.0
uniform,3,23.34523582458496,1.0
uniform,0,17.0880069732666,1.0
uniform,0,15.231546401977539,1.0
uniform,2,4.4721360206604,0.9504132231404959
uniform,0,13.34166431427002,1.0
uniform,3,53.23532485961914,1.0
uniform,2,1.0,0.6528925619834711
uniform,3,18.11077117919922,1.0
uniform,2,2.2360680103302,0.7851239669421488
uniform,3,42.154476165771484,1.0
uniform,3,39.623226165771484,1.0
uniform,3,44.18144226074219,1.0
uniform,3,29.0,1.0
uniform,3,122.0,1.0
uniform,3,147.800537109375,1.0
uniform,3,136.0330810546875,1.0
boundary,0,2.0,0.7272727272727273
boundary,2,2.2360680103302,0.6033057851239669
boundary,2,2.0,0.7272727272727273
boundary,2,0.0,0.4132231404958678
boundary,2,4.0,0.9256198347107438
boundary,0,16.76305389404297,1.0
boundary,0,4.4721360206604,0.9586776859504132
boundary,3,1.4142135381698608,0.6942148760330579
boundary,3,12.041594505310059,1.0
boundary,2,1.0,0.6694214876033058
boundary,2,0.0,0.5289256198347108
boundary,2,1.0,0.6776859504132231
boundary,0,0.0,0.5867768595041323
boundary,0,7.8102498054504395,1.0
boundary,0,5.0,0.9752066115702479
boundary,0,5.385164737701416,0.9917355371900827
boundary,0,1.4142135381698608,0.6942148760330579
boundary,0,13.601470947265625,1.0
boundary,2,2.2360680103302,0.7768595041322314
boundary,0,7.6157732009887695,1.0
boundary,3,12.0,1.0
boundary,2,0.0,0.5785123966942148
boundary,2,15.81138801574707,1.0
boundary,3,24.1867733001709,1.0
boundary,3,40.0,1.0
boundary,3,50.21951675415039,1.0
boundary,3,72.80110168457031,1.0
boundary,3,66.70832061767578,1.0
boundary,3,137.05838012695312,1.0
boundary,3,124.42668151855469,1.0
interior,0,45.880279541015625,1.0
interior,0,41.1096076965332,1.0
interior,0,37.947330474853516,1.0
interior,0,34.48188018798828,1.0
interior,0,25.63201141357422,1.0
interior,0,26.925823211669922,1.0
interior,2,13.928388595581055,1.0
interior,0,5.830951690673828,1.0
interior,2,18.027755737304688,1.0
interior,2,13.0,1.0
interior,2,21.540658950805664,1.0
interior,2,12.083045959472656,1.0
interior,2,19.92485809326172,1.0
interior,0,16.76305389404297,1.0
interior,0,18.439088821411133,1.0
interior,2,1.4142135381698608,0.7520661157024794
interior,0,11.180339813232422,1.0
interior,2,8.5440034866333,1.0
interior,2,9.486832618713379,1.0
interior,2,6.0,1.0
interior,3,55.865909576416016,1.0
interior,3,108.01851654052734,1.0
interior,3,28.0,1.0
interior,3,138.51353454589844,1.0
interior,3,139.26951599121094,1.0
interior,3,103.0,1.0
interior,3,193.04144287109375,1.0
interior,3,120.0749740600586,1.0
interior,3,170.09703063964844,1.0
interior,3,184.6997528076172,1.0
uniform,2,4.0,0.8571428571428571
uniform,2,11.401754379272461,1.0
uniform,0,1.0,0.6611570247933884
uniform,0,1.0,0.6033057851239669
uniform,2,7.6157732009887695,1.0
uniform,2,5.385164737701416,0.9917355371900827
uniform,0,17.0880069732666,1.0
uniform,2,7.280109882354736,1.0
uniform,3,16.155494689941406,1.0
uniform,3,43.90899658203125,1.0
uniform,3,22.472204208374023,1.0
uniform,0,4.4721360206604,0.9586776859504132
uniform,0,13.601470947265625,1.0
uniform,0,8.5440034866333,1.0
uniform,0,15.81138801574707,1.0
uniform,0,23.76972770690918,1.0
uniform,2,2.0,0.6776859504132231
uniform,2,5.0,0.9834710743801653
uniform,0,15.81138801574707,1.0
uniform,2,3.0,0.8512396694214877
uniform,0,0.0,0.5454545454545454
uniform,2,4.4721360206604,0.9586776859504132
uniform,2,5.099019527435303,0.9834710743801653
uniform,3,40.853397369384766,1.0
uniform,3,15.0,1.0
uniform,3,34.4093017578125,1.0
uniform,3,108.23123168945312,1.0
uniform,3,104.0,1.0
uniform,3,136.8941192626953,1.0
uniform,3,182.87974548339844,1.0
boundary,2,3.0,0.7625
boundary,3,13.45362377166748,1.0
boundary,2,2.0,0.7603305785123967
boundary,2,0.0,0.512396694214876
boundary,0,7.6157732009887695,1.0
boundary,0,8.9442720413208,1.0
boundary,2,0.0,0.5454545454545454
boundary,2,5.099019527435303,0.9752066115702479
boundary,0,0.0,0.5041322314049587
boundary,2,4.123105525970459,0.987012987012987
boundary,3,25.0,1.0
boundary,2,11.180339813232422,1.0
boundary,0,2.0,0.71900826446281
boundary,0,3.1622776985168457,0.8760330578512396
boundary,0,15.81138801574707,1.0
boundary,0,3.605551242828369,0.9090909090909091
boundary,0,7.0,1.0
boundary,2,8.062257766723633,1.0
boundary,0,21.02379608154297,1.0
boundary,2,5.0,0.9917355371900827
boundary,3,3.1622776985168457,0.8760330578512396
boundary,0,3.605551242828369,0.9008264462809917
boundary,3,6.0,1.0
boundary,3,26.019224166870117,1.0
boundary,3,3.605551242828369,0.9008264462809917
boundary,2,1.4142135381698608,0.6198347107438017
boundary,3,47.51841735839844,1.0
boundary,3,64.66065216064453,1.0
boundary,3,115.27792358398438,1.0
boundary,3,86.0,1.0
interior,0,34.48188018798828,1.0
interior,0,37.64305877685547,1.0
interior,3,45.607017517089844,1.0
interior,0,33.241539001464844,1.0
interior,0,33.52610778808594,1.0
interior,0,14.866068840026855,1.0
interior,2,21.540658950805664,1.0
interior,2,18.027755737304688,1.0
interior,2,11.401754379272461,1.0
interior,2,19.646883010864258,1.0
interior,2,9.486832618713379,1.0
interior,2,15.81138801574707,1.0
interior,0,5.0,0.9752066115702479
interior,2,11.180339813232422,1.0
interior,2,19.92485809326172,1.0
interior,2,7.071067810058594,1.0
interior,2,10.440306663513184,1.0
interior,0,21.189620971679688,1.0
interior,0,13.601470947265625,1.0
interior,0,22.472204208374023,1.0
interior,0,22.56102752685547,1.0
interior,3,58.94064712524414,1.0
interior,3,96.08329772949219,1.0
interior,3,47.67599105834961,1.0
interior,3,123.9072265625,1.0
interior,3,65.52098846435547,1.0
interior,3,96.02082824707031,1.0
interior,3,136.49908447265625,1.0
interior,3,107.04204559326172,1.0
interior,3,194.1468505859375,1.0
uniform,0,16.76305389404297,1.0
uniform,0,8.0,1.0
uniform,0,2.8284270763397217,0.8181818181818182
uniform,0,0.0,0.6446280991735537
uniform,5,1.4142135381698608,0.628099173553719
uniform,5,5.099019527435303,0.9752066115702479
uniform,5,3.1622776985168457,0.8347107438016529
uniform,0,6.4031243324279785,1.0
uniform,0,8.9442720413208,1.0
uniform,4,2.0,0.6363636363636364
uniform,4,11.704699516296387,1.0
uniform,4,8.5440034866333,1.0
uniform,0,22.022714614868164,1.0
uniform,3,53.141319274902344,1.0
uniform,3,23.600847244262695,1.0
uniform,4,7.211102485656738,1.0
uniform,4,11.704699516296387,1.0
uniform,4,13.416407585144043,1.0
uniform,5,1.0,0.7424242424242424
uniform,5,3.0,0.8787878787878788
uniform,5,7.0,1.0
uniform,3,36.79673767089844,1.0
uniform,4,10.049875259399414,1.0
uniform,5,1.4142135381698608,0.6565656565656566
uniform,5,1.0,0.5909090909090909
uniform,3,48.41487503051758,1.0
uniform,3,17.0,1.0
uniform,4,1.0,0.5867768595041323
uniform,3,0.0,0.6776859504132231
uniform,3,15.0,1.0
uniform,3,0.0,0.5289256198347108
uniform,4,9.219544410705566,1.0
uniform,3,30.805843353271484,1.0
uniform,4,6.7082037925720215,1.0
uniform,3,8.5440034866333,1.0
uniform,0,10.770329475402832,1.0
uniform,0,4.4721360206604,0.9586776859504132
uniform,1,50.2493782043457,1.0
uniform,2,7.280109882354736,1.0
uniform,2,8.9442720413208,1.0
uniform,1,54.4058837890625,1.0
uniform,2,11.0,1.0
uniform,2,31.240999221801758,1.0
uniform,5,1.0,0.5537190082644629
uniform,5,1.0,0.6033057851239669
uniform,0,17.69180679321289,1.0
uniform,2,19.697715759277344,1.0
uniform,1,56.46237564086914,1.0
uniform,2,35.84689712524414,1.0
uniform,1,68.00735473632812,1.0
uniform,1,81.3019027709961,1.0
uniform,1,20.59126091003418,1.0
uniform,2,6.4031243324279785,0.9917355371900827
uniform,1,71.70076751708984,1.0
uniform,2,4.4721360206604,0.9586776859504132
uniform,1,1.0,0.6528925619834711
uniform,1,14.866068840026855,1.0
uniform,1,118.10588836669922,1.0
uniform,2,30.4138126373291,1.0
uniform,2,4.123105525970459,0.9421487603305785
boundary,5,0.0,0.4462809917355372
boundary,5,0.0,0.4462809917355372
boundary,5,3.1622776985168457,0.8429752066115702
boundary,0,0.0,0.5867768595041323
boundary,3,14.764822959899902,1.0
boundary,4,2.0,0.7272727272727273
boundary,3,1.4142135381698608,0.6363636363636364
boundary,4,0.0,0.5619834710743802
boundary,0,1.4142135381698608,0.7107438016528925
boundary,3,33.95585250854492,1.0
boundary,0,0.0,0.5619834710743802
boundary,4,1.0,0.6363636363636364
boundary,0,5.099019527435303,0.9834710743801653
boundary,5,2.0,0.743801652892562
boundary,3,4.4721360206604,0.9504132231404959
boundary,5,6.324555397033691,1.0
boundary,0,5.099019527435303,1.0
boundary,5,0.0,0.512396694214876
boundary,4,5.099019527435303,1.0
boundary,5,3.1622776985168457,0.859504132231405
boundary,4,10.440306663513184,1.0
boundary,4,8.5440034866333,1.0
boundary,5,2.8284270763397217,0.8
boundary,3,6.082762718200684,1.0
boundary,4,6.082762718200684,1.0
boundary,0,11.401754379272461,1.0
boundary,4,8.0,1.0
boundary,4,0.0,0.5289256198347108
boundary,1,2.8284270763397217,0.9204545454545454
boundary,3,4.242640495300293,0.9173553719008265
boundary,0,5.099019527435303,0.9834710743801653
boundary,1,12.529964447021484,1.0
boundary,4,3.0,0.8181818181818182
boundary,3,4.4721360206604,0.9669421487603306
boundary,3,13.601470947265625,1.0
boundary,2,0.0,0.4793388429752066
boundary,2,2.2360680103302,0.7851239669421488
boundary,2,4.4721360206604,0.9586776859504132
boundary,3,8.0,1.0
boundary,2,10.198039054870605,1.0
boundary,1,34.66987228393555,1.0
boundary,2,1.0,0.6528925619834711
boundary,3,0.0,0.49586776859504134
boundary,2,12.083045959472656,1.0
boundary,2,2.0,0.768595041322314
boundary,2,1.0,0.6446280991735537
boundary,5,2.2360680103302,0.7933884297520661
boundary,5,1.0,0.5537190082644629
boundary,1,0.0,0.5702479338842975
boundary,0,2.2360680103302,0.7851239669421488
boundary,1,11.401754379272461,1.0
boundary,0,5.099019527435303,0.9834710743801653
boundary,1,23.430749893188477,1.0
boundary,1,16.124515533447266,1.0
boundary,0,2.2360680103302,0.8016528925619835
boundary,1,1.0,0.6033057851239669
boundary,2,20.880613327026367,1.0
boundary,1,7.280109882354736,1.0
boundary,2,7.0,1.0
boundary,1,18.681541442871094,1.0
interior,0,29.832868576049805,1.0
interior,0,17.69180679321289,1.0
interior,0,25.942243576049805,1.0
interior,4,4.0,0.9173553719008265
interior,4,14.866068840026855,1.0
interior,4,12.083045959472656,1.0
interior,0,1.0,0.6611570247933884
interior,4,13.416407585144043,1.0
interior,4,10.29563045501709,1.0
interior,4,14.560219764709473,1.0
interior,4,13.601470947265625,1.0
interior,4,11.401754379272461,1.0
interior,3,43.416587829589844,1.0
interior,3,18.027755737304688,1.0
interior,0,19.79899024963379,1.0
interior,4,15.524174690246582,1.0
interior,3,48.3735466003418,1.0
interior,3,50.56678771972656,1.0
interior,4,15.81138801574707,1.0
interior,3,56.0,1.0
interior,5,1.0,0.6623376623376623
interior,5,5.0,0.9752066115702479
interior,3,59.4810905456543,1.0
interior,5,7.6157732009887695,1.0
interior,5,7.211102485656738,1.0
interior,5,8.062257766723633,1.0
interior,5,7.6157732009887695,1.0
interior,5,6.7082037925720215,1.0
interior,3,16.492422103881836,1.0
interior,0,17.69180679321289,1.0
interior,3,36.400550842285156,1.0
interior,1,0.0,0.6198347107438017
interior,3,31.62277603149414,1.0
interior,0,12.529964447021484,1.0
interior,3,24.83948516845703,1.0
interior,0,15.231546401977539,1.0
interior,5,6.082762718200684,1.0
interior,1,55.36244201660156,1.0
interior,5,7.071067810058594,1.0
interior,5,0.0,0.512396694214876
interior,2,36.8917350769043,1.0
interior,2,49.19349670410156,1.0
interior,0,24.020824432373047,1.0
interior,2,52.39274597167969,1.0
interior,1,42.94182205200195,1.0
interior,2,41.62931823730469,1.0
interior,0,7.280109882354736,1.0
interior,2,50.447994232177734,1.0
interior,2,26.172504425048828,1.0
interior,1,83.72574615478516,1.0
interior,2,10.440306663513184,1.0
interior,1,93.19334411621094,1.0
interior,2,35.735137939453125,1.0
interior,2,32.202484130859375,1.0
interior,1,103.23274993896484,1.0
interior,2,10.770329475402832,1.0
interior,1,121.82774353027344,1.0
interior,1,109.0,1.0
interior,1,102.07839965820312,1.0
interior,1,89.08984375,1.0
uniform,0,9.899495124816895,1.0
uniform,0,8.9442720413208,1.0
uniform,0,20.248456954956055,1.0
uniform,0,2.0,0.8347107438016529
uniform,5,0.0,0.47107438016528924
uniform,5,0.0,0.45454545454545453
uniform,5,1.0,0.5371900826446281
uniform,0,14.866068840026855,1.0
uniform,4,13.34166431427002,1.0
uniform,3,9.848857879638672,1.0
uniform,4,11.180339813232422,1.0
uniform,4,8.246211051940918,1.0
uniform,3,12.0,1.0
uniform,0,2.0,0.7603305785123967
uniform,0,12.041594505310059,1.0
uniform,4,12.083045959472656,1.0
uniform,3,60.083274841308594,1.0
uniform,4,9.848857879638672,1.0
uniform,5,1.4142135381698608,0.6859504132231405
uniform,4,9.848857879638672,1.0
uniform,5,4.0,0.9338842975206612
uniform,4,7.071067810058594,1.0
uniform,5,2.8284270763397217,0.8512396694214877
uniform,3,31.95309066772461,1.0
uniform,5,7.8102498054504395,1.0
uniform,3,53.851646423339844,1.0
uniform,5,6.324555397033691,1.0
uniform,0,9.848857879638672,1.0
uniform,3,60.95900344848633,1.0
uniform,4,7.280109882354736,1.0
uniform,4,2.2360680103302,0.6942148760330579
uniform,3,12.649110794067383,1.0
uniform,3,23.0,1.0
uniform,3,31.11269760131836,1.0
uniform,0,2.8284270763397217,0.8760330578512396
uniform,4,1.0,0.5950413223140496
uniform,3,19.209373474121094,1.0
uniform,0,3.605551242828369,0.8925619834710744
uniform,1,28.23118782043457,1.0
uniform,2,5.830951690673828,1.0
uniform,2,17.69180679321289,1.0
uniform,1,30.08321762084961,1.0
uniform,2,23.0867919921875,1.0
uniform,1,53.851646423339844,1.0
uniform,2,24.041629791259766,1.0
uniform,2,10.770329475402832,1.0
uniform,1,19.235383987426758,1.0
uniform,2,41.146080017089844,1.0
uniform,5,3.0,0.8512396694214877
uniform,5,2.8284270763397217,0.8347107438016529
uniform,1,80.62257385253906,1.0
uniform,1,13.416407585144043,1.0
uniform,1,86.83317565917969,1.0
uniform,1,34.525352478027344,1.0
uniform,2,34.539833068847656,1.0
uniform,2,13.0,1.0
uniform,2,1.0,0.6198347107438017
uniform,1,27.459060668945312,1.0
uniform,1,54.037025451660156,1.0
uniform,2,28.65309715270996,1.0
boundary,0,15.033296585083008,1.0
boundary,0,4.0,0.9586776859504132
boundary,3,2.2360680103302,0.8016528925619835
boundary,0,3.0,0.8842975206611571
boundary,0,2.0,0.6776859504132231
boundary,3,10.29563045501709,1.0
boundary,3,0.0,0.47107438016528924
boundary,5,0.0,0.4132231404958678
boundary,4,1.0,0.6198347107438017
boundary,4,3.605551242828369,0.8925619834710744
boundary,3,8.9442720413208,1.0
boundary,4,2.0,0.6694214876033058
boundary,0,10.770329475402832,1.0
boundary,4,0.0,0.512396694214876
boundary,4,7.6157732009887695,1.0
boundary,4,3.605551242828369,0.8925619834710744
boundary,4,3.0,0.8512396694214877
boundary,5,0.0,0.39669421487603307
boundary,5,0.0,0.5289256198347108
boundary,5,2.2360680103302,0.7933884297520661
boundary,5,2.0,0.6363636363636364
boundary,4,0.0,0.5289256198347108
boundary,1,3.605551242828369,0.8925619834710744
boundary,1,4.4721360206604,0.9421487603305785
boundary,1,0.0,0.5702479338842975
boundary,1,2.0,0.8099173553719008
boundary,3,45.39823913574219,1.0
boundary,3,24.0,1.0
boundary,0,12.529964447021484,1.0
boundary,4,1.0,0.6694214876033058
boundary,3,12.083045959472656,1.0
boundary,3,20.59126091003418,1.0
boundary,0,3.605551242828369,0.9090909090909091
boundary,4,2.2360680103302,0.7768595041322314
boundary,2,1.4142135381698608,0.7024793388429752
boundary,0,16.76305389404297,1.0
boundary,0,8.062257766723633,1.0
boundary,3,9.486832618713379,1.0
boundary,2,0.0,0.5619834710743802
boundary,2,5.0,1.0
boundary,2,1.0,0.6859504132231405
boundary,0,0.0,0.5867768595041323
boundary,5,1.0,0.6115702479338843
boundary,5,3.1622776985168457,0.8760330578512396
boundary,5,1.4142135381698608,0.5785123966942148
boundary,2,1.0,0.45454545454545453
boundary,1,18.027755737304688,1.0
boundary,5,4.123105525970459,0.9338842975206612
boundary,5,1.0,0.49586776859504134
boundary,2,2.0,0.7603305785123967
boundary,1,82.92768096923828,1.0
boundary,1,76.83749389648438,1.0
boundary,1,9.848857879638672,1.0
boundary,2,2.0,0.8099173553719008
boundary,2,7.071067810058594,1.0
boundary,2,8.9442720413208,1.0
boundary,1,10.198039054870605,1.0
boundary,2,5.0,1.0
boundary,1,8.9442720413208,1.0
boundary,3,0.0,0.4659090909090909
interior,0,29.154760360717773,1.0
interior,0,25.238859176635742,1.0
interior,0,7.8102498054504395,1.0
interior,0,16.278820037841797,1.0
interior,5,4.4721360206604,0.9090909090909091
interior,5,5.830951690673828,1.0
interior,4,2.0,0.7107438016528925
interior,5,2.0,0.628099173553719
interior,4,11.401754379272461,1.0
interior,4,5.0,0.9752066115702479
interior,0,17.8885440826416,1.0
interior,3,28.792360305786133,1.0
interior,0,24.166091918945312,1.0
interior,0,24.041629791259766,1.0
interior,0,15.0,1.0
interior,4,14.317821502685547,1.0
interior,4,10.440306663513184,1.0
interior,4,4.0,0.9173553719008265
interior,4,12.083045959472656,1.0
interior,4,15.65247631072998,1.0
interior,3,47.75981521606445,1.0
interior,3,46.647613525390625,1.0
interior,4,13.601470947265625,1.0
interior,3,55.0,1.0
interior,3,39.81205749511719,1.0
interior,5,6.0,1.0
interior,5,7.6157732009887695,1.0
interior,5,8.062257766723633,1.0
interior,3,49.20365905761719,1.0
interior,5,6.7082037925720215,1.0
interior,3,31.400636672973633,1.0
interior,3,44.65422821044922,1.0
interior,0,6.7082037925720215,1.0
interior,0,12.649110794067383,1.0
interior,3,55.009090423583984,1.0
interior,1,6.7082037925720215,1.0
interior,3,24.041629791259766,1.0
interior,4,8.062257766723633,1.0
interior,1,37.48332977294922,1.0
interior,2,1.4142135381698608,0.7355371900826446
interior,2,38.470767974853516,1.0
interior,2,35.46829605102539,1.0
interior,5,6.082762718200684,1.0
interior,1,59.46427536010742,1.0
interior,5,5.830951690673828,1.0
interior,1,24.041629791259766,1.0
interior,2,45.25483322143555,1.0
interior,5,2.8284270763397217,0.8016528925619835
interior,1,80.05622863769531,1.0
interior,2,48.46648406982422,1.0
interior,1,88.39117431640625,1.0
interior,2,35.34119415283203,1.0
interior,2,39.81205749511719,1.0
interior,2,46.81879806518555,1.0
interior,2,37.735923767089844,1.0
interior,1,93.81364440917969,1.0
interior,2,28.460498809814453,1.0
interior,1,113.0707778930664,1.0
interior,1,25.45584487915039,1.0
interior,1,126.15070343017578,1.0
uniform,2,0.0,0.2857142857142857
uniform,0,5.656854152679443,0.9772727272727273
uniform,3,1.0,0.5867768595041323
uniform,5,1.4142135381698608,0.5289256198347108
uniform,5,1.0,0.49586776859504134
uniform,0,0.0,0.5041322314049587
uniform,0,13.152946472167969,1.0
uniform,5,0.0,0.47107438016528924
uniform,4,3.1622776985168457,0.8429752066115702
uniform,4,12.083045959472656,1.0
uniform,4,2.8284270763397217,0.8347107438016529
uniform,0,3.605551242828369,0.9090909090909091
uniform,0,16.6433162689209,1.0
uniform,4,5.0,0.9752066115702479
uniform,4,0.0,0.5785123966942148
uniform,4,13.0,1.0
uniform,5,1.0,0.6818181818181818
uniform,4,4.0,0.9173553719008265
uniform,4,6.324555397033691,1.0
uniform,3,10.0,1.0
uniform,4,5.830951690673828,1.0
uniform,5,4.123105525970459,0.987012987012987
uniform,5,2.0,0.743801652892562
uniform,5,7.6157732009887695,1.0
uniform,4,11.313708305358887,1.0
uniform,5,7.211102485656738,1.0
uniform,0,11.661903381347656,1.0
uniform,3,3.605551242828369,0.9008264462809917
uniform,3,55.0,1.0
uniform,0,6.082762718200684,1.0
uniform,1,11.045360565185547,1.0
uniform,3,2.0,0.7933884297520661
uniform,0,10.0,1.0
uniform,3,11.045360565185547,1.0
uniform,3,24.413110733032227,1.0
uniform,1,27.58622932434082,1.0
uniform,1,45.0444221496582,1.0
uniform,3,3.605551242828369,0.9008264462809917
uniform,0,16.492422103881836,1.0
uniform,3,2.0,0.768595041322314
uniform,2,14.317821502685547,1.0
uniform,2,29.73213768005371,1.0
uniform,0,13.928388595581055,1.0
uniform,1,73.16419982910156,1.0
uniform,5,2.0,0.7520661157024794
uniform,2,24.166091918945312,1.0
uniform,2,38.94868469238281,1.0
uniform,5,4.123105525970459,0.9338842975206612
uniform,1,49.24428939819336,1.0
uniform,1,16.401220321655273,1.0
uniform,2,29.73213768005371,1.0
uniform,2,24.698177337646484,1.0
uniform,2,8.9442720413208,1.0
uniform,1,103.6001968383789,1.0
uniform,1,63.82006072998047,1.0
uniform,2,11.704699516296387,1.0
uniform,1,6.324555397033691,1.0
uniform,1,22.203603744506836,1.0
uniform,3,5.099019527435303,0.9834710743801653
uniform,2,4.4721360206604,0.9421487603305785
boundary,0,1.0,0.6776859504132231
boundary,2,0.0,0.34710743801652894
boundary,0,1.0,0.7603305785123967
boundary,0,1.4142135381698608,0.7024793388429752
boundary,0,3.605551242828369,0.8760330578512396
boundary,5,0.0,0.5454545454545454
boundary,3,2.2360680103302,0.7768595041322314
boundary,0,2.8284270763397217,0.7603305785123967
boundary,5,1.0,0.5041322314049587
boundary,4,1.0,0.6033057851239669
boundary,0,4.4721360206604,0.9586776859504132
boundary,0,1.0,0.6528925619834711
boundary,4,8.062257766723633,1.0
boundary,3,35.35533905029297,1.0
boundary,4,5.099019527435303,0.9834710743801653
boundary,0,0.0,0.5785123966942148
boundary,5,0.0,0.5537190082644629
boundary,3,0.0,0.5867768595041323
boundary,4,3.0,0.859504132231405
boundary,5,0.0,0.5702479338842975
boundary,5,1.4142135381698608,0.6859504132231405
boundary,5,2.2360680103302,0.8016528925619835
boundary,3,12.083045959472656,1.0
boundary,5,4.123105525970459,0.9256198347107438
boundary,5,0.0,0.4297520661157025
boundary,5,0.0,0.5785123966942148
boundary,4,3.0,0.8512396694214877
boundary,4,2.8284270763397217,0.7851239669421488
boundary,4,1.4142135381698608,0.6033057851239669
boundary,4,1.0,0.5950413223140496
boundary,0,1.0,0.6611570247933884
boundary,1,12.529964447021484,1.0
boundary,0,10.630146026611328,1.0
boundary,3,17.804492950439453,1.0
boundary,4,5.385164737701416,0.9917355371900827
boundary,3,10.0,1.0
boundary,1,7.280109882354736,1.0
boundary,3,8.062257766723633,1.0
boundary,4,0.0,0.5371900826446281
boundary,2,4.4721360206604,0.9504132231404959
boundary,1,27.658634185791016,1.0
boundary,3,0.0,0.5454545454545454
boundary,1,51.855567932128906,1.0
boundary,2,9.486832618713379,1.0
boundary,2,25.495098114013672,1.0
boundary,2,3.0,0.9008264462809917
boundary,5,0.0,0.4214876033057851
boundary,1,11.401754379272461,1.0
boundary,1,16.278820037841797,1.0
boundary,2,1.0,0.6528925619834711
boundary,1,32.649654388427734,1.0
boundary,1,21.189620971679688,1.0
boundary,2,8.062257766723633,1.0
boundary,2,8.9442720413208,1.0
boundary,1,23.0867919921875,1.0
boundary,3,5.0,1.0
boundary,2,11.401754379272461,1.0
boundary,2,10.630146026611328,1.0
boundary,1,4.0,0.9363636363636364
boundary,3,4.242640495300293,0.9181818181818182
interior,0,14.0,1.0
interior,0,2.0,0.71900826446281
interior,0,10.770329475402832,1.0
interior,5,5.385164737701416,0.9669421487603306
interior,4,10.198039054870605,1.0
interior,0,6.0,1.0
interior,3,28.07133674621582,1.0
interior,4,8.062257766723633,1.0
interior,0,20.51828384399414,1.0
interior,4,7.6157732009887695,1.0
interior,0,21.189620971679688,1.0
interior,3,23.53720474243164,1.0
interior,0,23.53720474243164,1.0
interior,4,7.6157732009887695,1.0
interior,0,9.433980941772461,1.0
interior,3,44.94440841674805,1.0
interior,3,48.332183837890625,1.0
interior,3,55.36244201660156,1.0
interior,4,14.764822959899902,1.0
interior,4,13.928388595581055,1.0
interior,4,0.0,0.5785123966942148
interior,5,2.0,0.7768595041322314
interior,3,65.802734375,1.0
interior,4,14.317821502685547,1.0
interior,5,5.830951690673828,0.9917355371900827
interior,3,46.3249397277832,1.0
interior,4,12.529964447021484,1.0
interior,5,6.4031243324279785,1.0
interior,5,7.071067810058594,1.0
interior,5,7.0,1.0
interior,5,0.0,0.5785123966942148
interior,3,69.31810760498047,1.0
interior,0,6.082762718200684,1.0
interior,3,27.658634185791016,1.0
interior,4,2.8284270763397217,0.8181818181818182
interior,1,10.440306663513184,1.0
interior,1,64.8459701538086,1.0
interior,2,29.529645919799805,1.0
interior,5,5.099019527435303,0.9834710743801653
interior,5,7.071067810058594,1.0
interior,5,6.082762718200684,1.0
interior,0,15.231546401977539,1.0
interior,1,80.23091888427734,1.0
interior,2,53.141319274902344,1.0
interior,2,51.865211486816406,1.0
interior,2,40.853397369384766,1.0
interior,2,19.697715759277344,1.0
interior,2,28.160255432128906,1.0
interior,2,40.71854782104492,1.0
interior,1,91.80958557128906,1.0
interior,1,92.6336898803711,1.0
interior,3,6.7082037925720215,1.0
interior,1,122.3315200805664,1.0
interior,2,3.605551242828369,0.9173553719008265
interior,1,109.62207794189453,1.0
interior,1,106.77546691894531,1.0
interior,2,25.495098114013672,1.0
interior,2,5.0,0.9818181818181818
interior,1,109.1650161743164,1.0
interior,1,117.20921325683594,1.0
uniform,0,5.099019527435303,0.9772727272727273
uniform,0,0.0,0.6611570247933884
uniform,5,1.4142135381698608,0.6528925619834711
uniform,4,6.0,1.0
uniform,3,16.278820037841797,1.0
uniform,3,18.027755737304688,1.0
uniform,0,21.40093421936035,1.0
uniform,0,15.65247631072998,1.0
uniform,0,5.385164737701416,0.9834710743801653
uniform,3,37.6961555480957,1.0
uniform,0,5.385164737701416,0.9917355371900827
uniform,3,12.0,1.0
uniform,4,9.219544410705566,1.0
uniform,4,1.0,0.6694214876033058
uniform,4,2.2360680103302,0.7851239669421488
uniform,4,10.770329475402832,1.0
uniform,4,7.071067810058594,1.0
uniform,4,10.770329475402832,1.0
uniform,5,3.0,0.8787878787878788
uniform,4,15.65247631072998,1.0
uniform,5,0.0,0.5289256198347108
uniform,3,60.8276252746582,1.0
uniform,1,7.8102498054504395,1.0
uniform,0,2.0,0.7851239669421488
uniform,3,10.440306663513184,1.0
uniform,3,19.84943389892578,1.0
uniform,3,54.037025451660156,1.0
uniform,0,3.605551242828369,0.9090909090909091
uniform,3,35.22782897949219,1.0
uniform,3,13.34166431427002,1.0
uniform,4,9.848857879638672,1.0
uniform,1,40.79215621948242,1.0
uniform,4,1.0,0.628099173553719
uniform,2,3.605551242828369,0.8925619834710744
uniform,1,9.848857879638672,1.0
uniform,1,64.0,1.0
uniform,2,9.486832618713379,1.0
uniform,0,12.529964447021484,1.0
uniform,5,2.0,0.6776859504132231
uniform,1,22.472204208374023,1.0
uniform,5,3.1622776985168457,0.8760330578512396
uniform,5,2.8284270763397217,0.8099173553719008
uniform,5,3.605551242828369,0.9008264462809917
uniform,5,4.0,0.8842975206611571
uniform,5,0.0,0.512396694214876
uniform,5,1.0,0.49586776859504134
uniform,1,69.85699462890625,1.0
uniform,1,69.57010650634766,1.0
uniform,2,47.801673889160156,1.0
uniform,2,4.123105525970459,0.9504132231404959
uniform,2,4.0,0.9256198347107438
uniform,0,9.433980941772461,1.0
uniform,2,4.0,0.9173553719008265
uniform,2,2.8284270763397217,0.8016528925619835
uniform,2,0.0,0.5867768595041323
uniform,1,96.93812561035156,1.0
uniform,1,1.0,0.5950413223140496
uniform,1,83.15046691894531,1.0
uniform,2,12.369317054748535,1.0
uniform,2,20.59126091003418,1.0
boundary,0,0.0,0.4025974025974026
boundary,1,12.649110794067383,1.0
boundary,0,1.0,0.6198347107438017
boundary,3,4.123105525970459,0.9504132231404959
boundary,4,0.0,0.4793388429752066
boundary,4,1.0,0.6115702479338843
boundary,0,1.0,0.6198347107438017
boundary,4,5.099019527435303,0.9834710743801653
boundary,4,0.0,0.5454545454545454
boundary,0,3.605551242828369,0.9008264462809917
boundary,3,17.8885440826416,1.0
boundary,0,1.0,0.5537190082644629
boundary,0,2.2360680103302,0.8181818181818182
boundary,3,8.485280990600586,1.0
boundary,5,0.0,0.5537190082644629
boundary,0,2.8284270763397217,0.7727272727272727
boundary,5,0.0,0.4793388429752066
boundary,3,33.241539001464844,1.0
boundary,5,0.0,0.512396694214876
boundary,4,3.0,0.8512396694214877
boundary,5,0.0,0.5289256198347108
boundary,1,6.324555397033691,1.0
boundary,0,1.0,0.6818181818181818
boundary,3,14.142135620117188,1.0
boundary,3,20.0,1.0
boundary,3,13.0,1.0
boundary,3,2.2360680103302,0.7520661157024794
boundary,4,2.2360680103302,0.7520661157024794
boundary,3,15.29705810546875,1.0
boundary,1,5.099019527435303,0.9834710743801653
boundary,0,0.0,0.5702479338842975
boundary,4,0.0,0.5702479338842975
boundary,4,1.0,0.6611570247933884
boundary,1,29.4108829498291,1.0
boundary,4,6.324555397033691,1.0
boundary,2,5.0,0.9669421487603306
boundary,4,2.0,0.6233766233766234
boundary,2,24.698177337646484,1.0
boundary,0,7.211102485656738,1.0
boundary,2,7.211102485656738,1.0
boundary,5,1.0,0.4793388429752066
boundary,5,2.0,0.71900826446281
boundary,5,3.605551242828369,0.9090909090909091
boundary,5,4.4721360206604,0.9586776859504132
boundary,5,1.0,0.6033057851239669
boundary,5,1.0,0.6198347107438017
boundary,1,27.58622932434082,1.0
boundary,2,3.605551242828369,0.9008264462809917
boundary,1,15.65247631072998,1.0
boundary,2,5.099019527435303,0.9834710743801653
boundary,1,50.32891845703125,1.0
boundary,1,27.513633728027344,1.0
boundary,2,18.973665237426758,1.0
boundary,2,0.0,0.5371900826446281
boundary,1,0.0,0.5454545454545454
boundary,1,4.4721360206604,0.9834710743801653
boundary,2,19.235383987426758,1.0
boundary,2,20.099750518798828,1.0
boundary,2,4.0,0.974025974025974
boundary,3,2.2360680103302,0.6883116883116883
interior,0,18.384777069091797,1.0
interior,0,20.124610900878906,1.0
interior,3,7.8102498054504395,1.0
interior,4,1.0,0.512396694214876
interior,5,5.830951690673828,0.9917355371900827
interior,5,3.1622776985168457,0.8099173553719008
interior,0,22.472204208374023,1.0
interior,4,13.601470947265625,1.0
interior,4,13.928388595581055,1.0
interior,4,12.369317054748535,1.0
interior,4,10.770329475402832,1.0
interior,0,26.0,1.0
interior,0,23.25940704345703,1.0
interior,4,14.764822959899902,1.0
interior,0,13.892443656921387,1.0
interior,4,7.6157732009887695,1.0
interior,3,49.497474670410156,1.0
interior,0,17.8885440826416,1.0
interior,3,55.02726745605469,1.0
interior,3,64.25729370117188,1.0
interior,3,59.77457809448242,1.0
interior,3,50.990196228027344,1.0
interior,4,8.062257766723633,1.0
interior,5,7.071067810058594,1.0
interior,5,6.0,1.0
interior,3,39.59798049926758,1.0
interior,5,9.0,1.0
interior,3,62.169124603271484,1.0
interior,5,4.123105525970459,0.8831168831168831
interior,3,40.112342834472656,1.0
interior,4,13.601470947265625,1.0
interior,0,13.0,1.0
interior,4,8.062257766723633,1.0
interior,2,20.880613327026367,1.0
interior,5,0.0,0.39669421487603307
interior,5,4.123105525970459,0.9173553719008265
interior,0,0.0,0.5785123966942148
interior,2,39.59798049926758,1.0
interior,5,5.099019527435303,0.9834710743801653
interior,0,16.155494689941406,1.0
interior,2,38.94868469238281,1.0
interior,5,5.385164737701416,0.9834710743801653
interior,2,47.381431579589844,1.0
interior,1,38.41874694824219,1.0
interior,2,33.52610778808594,1.0
interior,2,5.385164737701416,0.9917355371900827
interior,2,46.66904830932617,1.0
interior,1,63.03173828125,1.0
interior,2,35.80502700805664,1.0
interior,2,20.59126091003418,1.0
interior,2,40.71854782104492,1.0
interior,1,36.359317779541016,1.0
interior,1,111.01801300048828,1.0
interior,3,15.0,1.0
interior,1,110.63453674316406,1.0
interior,1,53.93514633178711,1.0
interior,1,115.97413635253906,1.0
interior,1,130.1768035888672,1.0
interior,1,96.0,1.0
interior,1,116.0689468383789,1.0
uniform,0,21.840330123901367,1.0
uniform,1,17.11724281311035,1.0
uniform,0,18.788293838500977,1.0
uniform,0,1.4142135381698608,0.7272727272727273
uniform,0,8.485280990600586,1.0
uniform,3,1.0,0.5867768595041323
uniform,1,6.7082037925720215,1.0
uniform,5,2.2360680103302,0.6528925619834711
uniform,5,3.605551242828369,0.8099173553719008
uniform,5,1.0,0.512396694214876
uniform,3,5.385164737701416,1.0
uniform,4,2.2360680103302,0.6776859504132231
uniform,0,7.6157732009887695,1.0
uniform,4,11.704699516296387,1.0
uniform,4,4.123105525970459,0.9338842975206612
uniform,4,2.2360680103302,0.7851239669421488
uniform,3,37.05401611328125,1.0
uniform,0,18.681541442871094,1.0
uniform,4,5.385164737701416,0.9834710743801653
uniform,3,57.28001403808594,1.0
uniform,4,11.401754379272461,1.0
uniform,3,57.00876998901367,1.0
uniform,5,0.0,0.5909090909090909
uniform,5,0.0,0.5289256198347108
uniform,0,8.5440034866333,1.0
uniform,4,7.071067810058594,1.0
uniform,4,7.280109882354736,1.0
uniform,3,42.8018684387207,1.0
uniform,3,17.69180679321289,1.0
uniform,4,0.0,0.5454545454545454
uniform,3,29.154760360717773,1.0
uniform,1,18.439088821411133,1.0
uniform,4,2.2360680103302,0.7851239669421488
uniform,3,2.2360680103302,0.6859504132231405
uniform,0,13.601470947265625,1.0
uniform,0,8.5440034866333,1.0
uniform,2,4.123105525970459,0.9421487603305785
uniform,3,8.062257766723633,1.0
uniform,2,3.1622776985168457,0.8760330578512396
uniform,1,27.20294189453125,1.0
uniform,2,0.0,0.512396694214876
uniform,2,5.0,0.9834710743801653
uniform,1,71.21797180175781,1.0
uniform,1,5.0,0.9752066115702479
uniform,2,15.524174690246582,1.0
uniform,5,2.2360680103302,0.7851239669421488
uniform,5,3.0,0.8512396694214877
uniform,5,1.0,0.6363636363636364
uniform,5,0.0,0.5785123966942148
uniform,5,0.0,0.34710743801652894
uniform,0,14.866068840026855,1.0
uniform,2,14.866068840026855,1.0
uniform,1,21.095022201538086,1.0
uniform,2,41.78516387939453,1.0
uniform,1,90.3548583984375,1.0
uniform,2,18.357559204101562,1.0
uniform,1,47.04253387451172,1.0
uniform,2,8.9442720413208,1.0
uniform,1,125.39936065673828,1.0
uniform,2,13.34166431427002,1.0
boundary,2,5.0,0.9545454545454546
boundary,0,9.899495124816895,1.0
boundary,3,5.099019527435303,0.9834710743801653
boundary,5,0.0,0.5206611570247934
boundary,5,0.0,0.33884297520661155
boundary,0,2.2360680103302,0.8181818181818182
boundary,0,3.0,0.7933884297520661
boundary,0,2.0,0.768595041322314
boundary,3,2.8284270763397217,0.8429752066115702
boundary,3,6.7082037925720215,1.0
boundary,4,4.123105525970459,0.9338842975206612
boundary,4,4.0,0.9173553719008265
boundary,4,2.2360680103302,0.7851239669421488
boundary,0,4.123105525970459,0.9421487603305785
boundary,3,43.011627197265625,1.0
boundary,0,9.848857879638672,1.0
boundary,5,1.0,0.49586776859504134
boundary,5,1.0,0.6198347107438017
boundary,5,1.0,0.6611570247933884
boundary,3,14.0,1.0
boundary,4,8.5440034866333,1.0
boundary,5,1.0,0.6363636363636364
boundary,3,10.0,1.0
boundary,4,1.4142135381698608,0.7474747474747475
boundary,5,1.0,0.5909090909090909
boundary,0,1.0,0.7142857142857143
boundary,4,1.0,0.6198347107438017
boundary,4,0.0,0.4628099173553719
boundary,3,35.902645111083984,1.0
boundary,4,4.123105525970459,0.9421487603305785
boundary,3,1.0,0.6528925619834711
boundary,4,3.1622776985168457,0.8677685950413223
boundary,2,1.0,0.6363636363636364
boundary,0,2.0,0.7520661157024794
boundary,4,5.385164737701416,0.98989898989899
boundary,2,11.401754379272461,1.0
boundary,1,5.385164737701416,0.9917355371900827
boundary,2,1.0,0.6611570247933884
boundary,1,51.54609680175781,1.0
boundary,0,4.123105525970459,0.9421487603305785
boundary,1,1.0,0.6446280991735537
boundary,2,5.0,1.0
boundary,2,2.2360680103302,0.7851239669421488
boundary,2,1.0,0.6363636363636364
boundary,5,1.0,0.6115702479338843
boundary,5,0.0,0.39669421487603307
boundary,1,24.351591110229492,1.0
boundary,5,2.8284270763397217,0.8181818181818182
boundary,1,18.788293838500977,1.0
boundary,1,16.124515533447266,1.0
boundary,1,13.928388595581055,1.0
boundary,2,11.180339813232422,1.0
boundary,2,1.4142135381698608,0.7107438016528925
boundary,1,28.460498809814453,1.0
boundary,2,3.605551242828369,0.9008264462809917
boundary,3,3.1622776985168457,0.859504132231405
boundary,3,2.2360680103302,0.768595041322314
boundary,0,2.8284270763397217,0.7613636363636364
boundary,1,11.661903381347656,1.0
boundary,1,8.062257766723633,1.0
interior,0,19.235383987426758,1.0
interior,0,25.806976318359375,1.0
interior,5,1.4142135381698608,0.5289256198347108
interior,5,5.099019527435303,0.9752066115702479
interior,5,5.099019527435303,0.9752066115702479
interior,0,16.155494689941406,1.0
interior,5,0.0,0.5454545454545454
interior,4,12.369317054748535,1.0
interior,0,9.848857879638672,1.0
interior,4,14.317821502685547,1.0
interior,0,19.235383987426758,1.0
interior,4,1.0,0.628099173553719
interior,3,34.2344856262207,1.0
interior,4,13.892443656921387,1.0
interior,3,46.52956008911133,1.0
interior,3,39.051246643066406,1.0
interior,3,54.708316802978516,1.0
interior,3,53.75872039794922,1.0
interior,4,13.928388595581055,1.0
interior,4,14.560219764709473,1.0
interior,4,12.529964447021484,1.0
interior,4,15.231546401977539,1.0
interior,5,4.123105525970459,0.9504132231404959
interior,3,60.406951904296875,1.0
interior,5,5.0,0.9834710743801653
interior,5,3.1622776985168457,0.8677685950413223
interior,5,4.123105525970459,0.9173553719008265
interior,3,62.00806427001953,1.0
interior,4,12.083045959472656,1.0
interior,4,5.656854152679443,0.990909090909091
interior,3,12.165525436401367,1.0
interior,3,26.925823211669922,1.0
interior,3,28.301942825317383,1.0
interior,0,12.649110794067383,1.0
interior,0,9.433980941772461,1.0
interior,0,10.198039054870605,1.0
interior,1,60.0333251953125,1.0
interior,2,0.0,0.5619834710743802
interior,0,13.34166431427002,1.0
interior,5,5.099019527435303,0.9834710743801653
interior,5,6.7082037925720215,1.0
interior,2,47.85394287109375,1.0
interior,2,18.788293838500977,1.0
interior,2,46.2385139465332,1.0
interior,0,13.34166431427002,1.0
interior,2,55.03635025024414,1.0
interior,1,87.8464584350586,1.0
interior,1,83.57032775878906,1.0
interior,2,50.6063232421875,1.0
interior,2,42.54409408569336,1.0
interior,1,52.63079071044922,1.0
interior,2,39.4461669921875,1.0
interior,1,103.23758697509766,1.0
interior,1,101.17806243896484,1.0
interior,1,111.01801300048828,1.0
interior,1,91.3509750366211,1.0
interior,2,16.031219482421875,1.0
interior,2,26.248809814453125,1.0
interior,1,70.25667572021484,1.0
interior,1,70.06425476074219,1.0
uniform,3,82.73451232910156,1.0
uniform,2,10.049875259399414,1.0
uniform,3,59.90826416015625,1.0
uniform,0,5.385164737701416,1.0
uniform,3,55.36244201660156,1.0
uniform,0,7.8102498054504395,1.0
uniform,0,1.0,0.6694214876033058
uniform,0,7.8102498054504395,1.0
uniform,0,6.082762718200684,1.0
uniform,3,26.305892944335938,1.0
uniform,0,1.0,0.39669421487603307
uniform,2,2.8284270763397217,0.7520661157024794
uniform,0,1.4142135381698608,0.7024793388429752
uniform,2,8.246211051940918,1.0
uniform,0,3.605551242828369,0.9008264462809917
uniform,2,3.1622776985168457,0.8677685950413223
uniform,0,5.0,0.9586776859504132
uniform,0,15.132745742797852,1.0
uniform,2,4.0,0.9338842975206612
uniform,2,2.2360680103302,0.7768595041322314
uniform,2,1.0,0.6611570247933884
uniform,2,3.0,0.859504132231405
uniform,2,1.4142135381698608,0.7272727272727273
uniform,3,1.4142135381698608,0.6198347107438017
uniform,3,34.0,1.0
uniform,2,6.4031243324279785,0.9917355371900827
uniform,3,30.066593170166016,1.0
uniform,3,77.69813537597656,1.0
uniform,3,50.08992004394531,1.0
uniform,3,45.0444221496582,1.0
uniform,1,8.062257766723633,1.0
uniform,1,11.704699516296387,1.0
uniform,1,3.0,0.8016528925619835
uniform,1,4.0,0.9421487603305785
uniform,1,7.071067810058594,1.0
uniform,1,15.29705810546875,1.0
uniform,1,10.770329475402832,1.0
uniform,1,25.317977905273438,1.0
uniform,1,5.0,0.9752066115702479
uniform,1,37.121421813964844,1.0
boundary,3,13.03840446472168,1.0
boundary,0,2.0,0.71900826446281
boundary,0,0.0,0.5785123966942148
boundary,3,41.43669891357422,1.0
boundary,0,0.0,0.5454545454545454
boundary,2,1.0,0.6776859504132231
boundary,2,4.0,0.9173553719008265
boundary,0,1.0,0.6033057851239669
boundary,0,0.0,0.49586776859504134
boundary,0,1.4142135381698608,0.7024793388429752
boundary,2,4.4721360206604,0.9421487603305785
boundary,0,7.071067810058594,1.0
boundary,2,4.0,0.9834710743801653
boundary,2,5.0,0.9669421487603306
boundary,2,0.0,0.5619834710743802
boundary,0,2.2360680103302,0.8099173553719008
boundary,2,0.0,0.5702479338842975
boundary,0,0.0,0.4049586776859504
boundary,0,3.0,0.8181818181818182
boundary,2,2.2360680103302,0.7024793388429752
boundary,3,17.72004508972168,1.0
boundary,3,2.2360680103302,0.7768595041322314
boundary,3,42.10700607299805,1.0
boundary,3,47.16990661621094,1.0
boundary,2,1.0,0.6363636363636364
boundary,2,1.0,0.6528925619834711
boundary,3,65.4904556274414,1.0
boundary,3,0.0,0.512396694214876
boundary,1,1.4142135381698608,0.71900826446281
boundary,1,1.0,0.6446280991735537
boundary,1,2.2360680103302,0.7520661157024794
boundary,1,0.0,0.5785123966942148
boundary,1,2.0,0.8016528925619835
boundary,3,5.830951690673828,0.9917355371900827
boundary,3,36.619667053222656,1.0
boundary,1,0.0,0.5454545454545454
boundary,1,0.0,0.5537190082644629
boundary,1,8.9442720413208,1.0
boundary,1,6.7082037925720215,1.0
boundary,1,0.0,0.5206611570247934
interior,2,9.486832618713379,1.0
interior,0,9.848857879638672,1.0
interior,0,8.9442720413208,1.0
interior,0,17.0880069732666,1.0
interior,0,20.124610900878906,1.0
interior,0,16.155494689941406,1.0
interior,0,17.464248657226562,1.0
interior,0,8.5440034866333,1.0
interior,0,11.401754379272461,1.0
interior,2,4.0,0.9338842975206612
interior,0,2.8284270763397217,0.8181818181818182
interior,2,9.219544410705566,1.0
interior,2,8.062257766723633,1.0
interior,2,7.0,1.0
interior,2,13.0,1.0
interior,0,7.6157732009887695,1.0
interior,2,5.0,0.9752066115702479
interior,2,13.0,1.0
interior,2,12.806248664855957,1.0
interior,2,8.5440034866333,1.0
interior,3,114.12712097167969,1.0
interior,3,147.217529296875,1.0
interior,3,94.9210205078125,1.0
interior,3,163.1103973388672,1.0
interior,3,162.60997009277344,1.0
interior,1,18.384777069091797,1.0
interior,1,17.72004508972168,1.0
interior,1,13.416407585144043,1.0
interior,1,21.840330123901367,1.0
interior,1,18.601076126098633,1.0
interior,1,14.0,1.0
interior,1,23.430749893188477,1.0
interior,3,115.26057434082031,1.0
interior,3,169.94410705566406,1.0
interior,1,31.764760971069336,1.0
interior,3,170.14405822753906,1.0
interior,1,34.438350677490234,1.0
interior,1,33.105892181396484,1.0
interior,3,150.08331298828125,1.0
interior,3,186.72439575195312,1.0
uniform,3,26.0,1.0
uniform,3,97.0,1.0
uniform,2,7.0,1.0
uniform,2,0.0,0.512396694214876
uniform,3,68.18357849121094,1.0
uniform,0,15.524174690246582,1.0
uniform,0,10.440306663513184,1.0
uniform,3,33.95585250854492,1.0
uniform,0,2.2360680103302,0.8099173553719008
uniform,0,2.0,0.7603305785123967
uniform,2,3.0,0.8347107438016529
uniform,0,1.4142135381698608,0.6363636363636364
uniform,2,1.0,0.5454545454545454
uniform,0,2.0,0.7520661157024794
uniform,0,3.605551242828369,0.9008264462809917
uniform,2,6.7082037925720215,1.0
uniform,0,8.5440034866333,1.0
uniform,2,10.049875259399414,1.0
uniform,2,10.770329475402832,1.0
uniform,0,7.6157732009887695,1.0
uniform,2,5.830951690673828,1.0
uniform,0,3.0,0.8264462809917356
uniform,2,4.242640495300293,0.9173553719008265
uniform,3,33.541019439697266,1.0
uniform,3,81.74349975585938,1.0
uniform,2,8.062257766723633,1.0
uniform,3,40.0,1.0
uniform,3,7.071067810058594,1.0
uniform,3,14.422204971313477,1.0
uniform,1,3.0,0.7024793388429752
uniform,1,4.123105525970459,0.9090909090909091
uniform,1,4.123105525970459,0.9421487603305785
uniform,1,5.0,0.9752066115702479
uniform,1,5.385164737701416,0.9917355371900827
uniform,1,7.8102498054504395,1.0
uniform,3,48.30113983154297,1.0
uniform,1,7.6157732009887695,1.0
uniform,1,5.0,0.9669421487603306
uniform,1,1.0,0.6115702479338843
uniform,1,3.0,0.8512396694214877
boundary,2,3.0,0.8181818181818182
boundary,0,0.0,0.5371900826446281
boundary,0,5.830951690673828,1.0
boundary,3,53.0,1.0
boundary,3,12.529964447021484,1.0
boundary,0,2.8284270763397217,0.8512396694214877
boundary,3,13.892443656921387,1.0
boundary,2,1.0,0.628099173553719
boundary,0,4.4721360206604,0.9669421487603306
boundary,3,1.0,0.6611570247933884
boundary,2,2.0,0.7603305785123967
boundary,2,2.8284270763397217,0.8099173553719008
boundary,0,1.0,0.6198347107438017
boundary,0,0.0,0.5702479338842975
boundary,0,0.0,0.5454545454545454
boundary,0,2.2360680103302,0.7851239669421488
boundary,0,1.4142135381698608,0.7024793388429752
boundary,2,0.0,0.5289256198347108
boundary,2,5.656854152679443,0.9752066115702479
boundary,2,1.0,0.6198347107438017
boundary,0,4.242640495300293,0.8925619834710744
boundary,3,39.623226165771484,1.0
boundary,2,5.099019527435303,0.9917355371900827
boundary,2,6.0,1.0
boundary,2,1.0,0.6776859504132231
boundary,3,13.152946472167969,1.0
boundary,3,87.20664978027344,1.0
boundary,3,13.601470947265625,1.0
boundary,3,20.099750518798828,1.0
boundary,1,8.246211051940918,1.0
boundary,1,4.4721360206604,0.9421487603305785
boundary,1,4.242640495300293,0.9338842975206612
boundary,1,6.7082037925720215,1.0
boundary,1,8.5440034866333,1.0
boundary,1,13.45362377166748,1.0
boundary,1,17.69180679321289,1.0
boundary,1,0.0,0.5454545454545454
boundary,3,34.539833068847656,1.0
boundary,1,1.0,0.6694214876033058
boundary,1,5.385164737701416,0.9834710743801653
interior,2,13.0,1.0
interior,2,10.440306663513184,1.0
interior,3,83.93450164794922,1.0
interior,3,65.7419204711914,1.0
interior,0,7.280109882354736,1.0
interior,0,15.231546401977539,1.0
interior,0,13.601470947265625,1.0
interior,0,12.369317054748535,1.0
interior,0,8.0,1.0
interior,0,4.242640495300293,0.9173553719008265
interior,2,3.605551242828369,0.8787878787878788
interior,0,4.0,0.9173553719008265
interior,0,3.0,0.8512396694214877
interior,2,8.9442720413208,1.0
interior,2,11.401754379272461,1.0
interior,0,13.601470947265625,1.0
interior,2,5.385164737701416,0.9752066115702479
interior,0,8.062257766723633,1.0
interior,2,11.045360565185547,1.0
interior,2,2.8284270763397217,0.8099173553719008
interior,2,9.899495124816895,1.0
interior,2,11.180339813232422,1.0
interior,3,91.24143981933594,1.0
interior,3,112.69871520996094,1.0
interior,1,9.486832618713379,1.0
interior,3,147.0850067138672,1.0
interior,3,149.81655883789062,1.0
interior,1,16.278820037841797,1.0
interior,1,12.041594505310059,1.0
interior,3,174.10342407226562,1.0
interior,1,16.970561981201172,1.0
interior,3,185.23768615722656,1.0
interior,1,25.942243576049805,1.0
interior,3,185.64752197265625,1.0
interior,1,29.068883895874023,1.0
interior,1,30.4138126373291,1.0
interior,1,33.541019439697266,1.0
interior,1,35.84689712524414,1.0
interior,3,186.4617919921875,1.0
interior,1,36.055511474609375,1.0
uniform,3,44.59820556640625,1.0
uniform,3,72.91776275634766,1.0
uniform,2,5.0,0.9752066115702479
uniform,3,56.4358024597168,1.0
uniform,0,10.770329475402832,1.0
uniform,0,3.1622776985168457,0.8842975206611571
uniform,0,7.8102498054504395,1.0
uniform,3,19.209373474121094,1.0
uniform,3,2.8284270763397217,0.8429752066115702
uniform,0,1.0,0.628099173553719
uniform,0,2.8284270763397217,0.8099173553719008
uniform,0,0.0,0.45454545454545453
uniform,0,1.0,0.628099173553719
uniform,0,3.605551242828369,0.9090909090909091
uniform,0,3.0,0.9090909090909091
uniform,0,12.369317054748535,1.0
uniform,2,7.0,1.0
uniform,2,0.0,0.5454545454545454
uniform,2,7.0,1.0
uniform,2,11.045360565185547,1.0
uniform,2,15.29705810546875,1.0
uniform,2,9.0,1.0
uniform,3,20.51828384399414,1.0
uniform,3,79.2022705078125,1.0
uniform,2,2.8284270763397217,0.8677685950413223
uniform,2,3.1622776985168457,0.8677685950413223
uniform,2,1.4142135381698608,0.6859504132231405
uniform,1,2.8284270763397217,0.8181818181818182
uniform,1,11.180339813232422,1.0
uniform,1,0.0,0.5867768595041323
uniform,1,6.324555397033691,1.0
uniform,1,3.0,0.7933884297520661
uniform,1,8.485280990600586,1.0
uniform,3,75.89466094970703,1.0
uniform,1,2.2360680103302,0.7768595041322314
uniform,3,182.27452087402344,1.0
uniform,3,50.447994232177734,1.0
uniform,1,10.770329475402832,1.0
uniform,1,16.552946090698242,1.0
uniform,1,36.34556198120117,1.0
boundary,3,43.17406463623047,1.0
boundary,3,63.12685775756836,1.0
boundary,0,0.0,0.5619834710743802
boundary,0,12.529964447021484,1.0
boundary,0,11.661903381347656,1.0
boundary,0,6.082762718200684,1.0
boundary,2,0.0,0.48760330578512395
boundary,0,1.4142135381698608,0.6942148760330579
boundary,2,1.0,0.6363636363636364
boundary,0,1.4142135381698608,0.6942148760330579
boundary,3,12.649110794067383,1.0
boundary,0,1.0,0.5454545454545454
boundary,2,1.0,0.6694214876033058
boundary,2,3.0,0.859504132231405
boundary,2,2.0,0.7520661157024794
boundary,0,4.0,0.9173553719008265
boundary,2,0.0,0.5537190082644629
boundary,2,1.0,0.6033057851239669
boundary,2,5.0,0.9752066115702479
boundary,0,3.1622776985168457,0.8760330578512396
boundary,0,0.0,0.4132231404958678
boundary,2,0.0,0.5785123966942148
boundary,3,47.07440948486328,1.0
boundary,3,4.0,0.9421487603305785
boundary,3,8.062257766723633,1.0
boundary,3,26.925823211669922,1.0
boundary,2,5.099019527435303,0.9917355371900827
boundary,3,16.492422103881836,1.0
boundary,1,6.324555397033691,1.0
boundary,1,1.0,0.6776859504132231
boundary,3,103.24727630615234,1.0
boundary,1,5.0,1.0
boundary,3,47.381431579589844,1.0
boundary,1,3.0,0.8099173553719008
boundary,1,1.4142135381698608,0.7024793388429752
boundary,1,13.03840446472168,1.0
boundary,1,10.770329475402832,1.0
boundary,1,1.4142135381698608,0.71900826446281
boundary,1,2.2360680103302,0.8016528925619835
boundary,1,3.605551242828369,0.8787878787878788
interior,2,17.464248657226562,1.0
interior,3,89.96110534667969,1.0
interior,0,2.0,0.71900826446281
interior,3,46.173583984375,1.0
interior,0,17.0,1.0
interior,0,14.560219764709473,1.0
interior,0,2.2360680103302,0.768595041322314
interior,0,13.892443656921387,1.0
interior,0,11.401754379272461,1.0
interior,0,8.246211051940918,1.0
interior,2,3.0,0.8512396694214877
interior,2,6.0,1.0
interior,2,9.848857879638672,1.0
interior,0,9.486832618713379,1.0
interior,2,8.9442720413208,1.0
interior,2,4.4721360206604,0.9504132231404959
interior,0,11.180339813232422,1.0
interior,0,2.0,0.743801652892562
interior,2,8.5440034866333,1.0
interior,2,13.03840446472168,1.0
interior,2,15.620499610900879,1.0
interior,2,12.165525436401367,1.0
interior,3,73.0,1.0
interior,3,82.97589874267578,1.0
interior,3,106.0235824584961,1.0
interior,3,64.8999252319336,1.0
interior,3,147.62791442871094,1.0
interior,3,176.1817169189453,1.0
interior,1,11.180339813232422,1.0
interior,1,21.587032318115234,1.0
interior,1,20.59126091003418,1.0
interior,3,184.25254821777344,1.0
interior,1,34.438350677490234,1.0
interior,1,16.76305389404297,1.0
interior,1,32.280025482177734,1.0
interior,3,172.07266235351562,1.0
interior,1,37.121421813964844,1.0
interior,1,36.400550842285156,1.0
interior,1,38.470767974853516,1.0
interior,1,36.67424011230469,1.0
uniform,2,2.2360680103302,0.7909090909090909
uniform,2,9.848857879638672,1.0
uniform,2,0.0,0.5785123966942148
uniform,0,2.0,0.743801652892562
uniform,0,10.770329475402832,1.0
uniform,0,5.830951690673828,1.0
uniform,0,5.0,0.9586776859504132
uniform,2,1.0,0.6198347107438017
uniform,3,6.0,1.0
uniform,0,1.0,0.5867768595041323
uniform,3,9.433980941772461,1.0
uniform,0,4.0,0.9173553719008265
uniform,3,15.132745742797852,1.0
uniform,0,0.0,0.5454545454545454
uniform,2,10.816654205322266,1.0
uniform,2,3.1622776985168457,0.8842975206611571
uniform,0,7.0,1.0
uniform,2,1.0,0.6198347107438017
uniform,0,10.0,1.0
uniform,3,11.401754379272461,1.0
uniform,0,3.1622776985168457,0.8760330578512396
uniform,3,30.805843353271484,1.0
uniform,2,10.198039054870605,1.0
uniform,2,2.0,0.7520661157024794
uniform,3,79.15807342529297,1.0
uniform,3,53.851646423339844,1.0
uniform,3,15.65247631072998,1.0
uniform,2,2.8284270763397217,0.8264462809917356
uniform,1,3.1622776985168457,0.8181818181818182
uniform,1,5.656854152679443,0.9834710743801653
uniform,1,7.8102498054504395,1.0
uniform,1,10.0,1.0
uniform,1,1.0,0.628099173553719
uniform,1,9.219544410705566,1.0
uniform,3,168.047607421875,1.0
uniform,3,113.59577178955078,1.0
uniform,1,9.486832618713379,1.0
uniform,1,21.21320343017578,1.0
uniform,1,21.931713104248047,1.0
uniform,1,17.464248657226562,1.0
boundary,3,63.56099319458008,1.0
boundary,3,16.492422103881836,1.0
boundary,3,73.53910827636719,1.0
boundary,0,0.0,0.2727272727272727
boundary,0,0.0,0.6115702479338843
boundary,3,44.04542922973633,1.0
boundary,3,20.59126091003418,1.0
boundary,3,13.03840446472168,1.0
boundary,3,0.0,0.5867768595041323
boundary,0,5.0,0.9834710743801653
boundary,2,2.0,0.7355371900826446
boundary,2,1.4142135381698608,0.6859504132231405
boundary,2,1.0,0.6776859504132231
boundary,3,5.656854152679443,0.9834710743801653
boundary,0,1.0,0.6528925619834711
boundary,2,2.2360680103302,0.8016528925619835
boundary,3,7.071067810058594,1.0
boundary,0,0.0,0.3140495867768595
boundary,0,0.0,0.5537190082644629
boundary,0,2.2360680103302,0.7851239669421488
boundary,0,1.0,0.6198347107438017
boundary,2,11.180339813232422,1.0
boundary,0,4.123105525970459,0.9504132231404959
boundary,2,0.0,0.5371900826446281
boundary,2,7.071067810058594,1.0
boundary,0,3.605551242828369,0.859504132231405
boundary,2,2.0,0.743801652892562
boundary,2,2.0,0.7520661157024794
boundary,2,2.0,0.7107438016528925
boundary,1,0.0,0.4793388429752066
boundary,1,1.0,0.6198347107438017
boundary,1,4.123105525970459,0.9421487603305785
boundary,1,1.0,0.6198347107438017
boundary,1,0.0,0.5537190082644629
boundary,1,0.0,0.5785123966942148
boundary,1,0.0,0.5454545454545454
boundary,1,2.8284270763397217,0.8264462809917356
boundary,1,2.2360680103302,0.8347107438016529
boundary,1,7.0,1.0
boundary,3,17.464248657226562,1.0
interior,2,13.928388595581055,1.0
interior,2,13.928388595581055,1.0
interior,0,13.0,1.0
interior,0,15.81138801574707,1.0
interior,0,11.180339813232422,1.0
interior,0,18.248287200927734,1.0
interior,0,9.486832618713379,1.0
interior,0,10.198039054870605,1.0
interior,0,5.0,0.9669421487603306
interior,3,28.17800521850586,1.0
interior,2,1.0,0.6446280991735537
interior,2,10.440306663513184,1.0
interior,0,2.0,0.7520661157024794
interior,0,6.082762718200684,1.0
interior,0,12.806248664855957,1.0
interior,3,48.010414123535156,1.0
interior,2,5.385164737701416,1.0
interior,2,15.29705810546875,1.0
interior,2,15.0,1.0
interior,3,44.777225494384766,1.0
interior,2,12.649110794067383,1.0
interior,2,6.0,1.0
interior,2,1.0,0.6363636363636364
interior,3,127.90621185302734,1.0
interior,3,152.11837768554688,1.0
interior,3,163.4778289794922,1.0
interior,1,18.384777069091797,1.0
interior,1,16.970561981201172,1.0
interior,3,182.70468139648438,1.0
interior,1,21.540658950805664,1.0
interior,1,24.166091918945312,1.0
interior,3,168.13388061523438,1.0
interior,3,187.55532836914062,1.0
interior,1,18.788293838500977,1.0
interior,3,168.80758666992188,1.0
interior,1,34.438350677490234,1.0
interior,1,32.98484420776367,1.0
interior,1,29.529645919799805,1.0
interior,1,24.351591110229492,1.0
interior,1,36.878177642822266,1.0
uniform,2,5.830951690673828,1.0
uniform,3,18.11077117919922,1.0
uniform,2,3.1622776985168457,0.8677685950413223
uniform,0,2.2360680103302,0.7768595041322314
uniform,0,6.082762718200684,1.0
uniform,0,6.324555397033691,0.9917355371900827
uniform,0,2.2360680103302,0.7933884297520661
uniform,0,3.605551242828369,0.8925619834710744
uniform,0,7.280109882354736,1.0
uniform,2,0.0,0.5619834710743802
uniform,3,2.8284270763397217,0.8429752066115702
uniform,0,3.605551242828369,0.8677685950413223
uniform,2,3.0,0.8512396694214877
uniform,2,4.4721360206604,0.9173553719008265
uniform,2,3.1622776985168457,0.8677685950413223
uniform,0,5.830951690673828,1.0
uniform,0,1.0,0.6446280991735537
uniform,0,1.0,0.6694214876033058
uniform,3,2.2360680103302,0.8099173553719008
uniform,2,1.0,0.628099173553719
uniform,2,5.0,0.9669421487603306
uniform,2,3.1622776985168457,0.8760330578512396
uniform,3,34.0,1.0
uniform,3,75.47184753417969,1.0
uniform,3,51.62363815307617,1.0
uniform,3,52.15361785888672,1.0
uniform,2,2.2360680103302,0.8016528925619835
uniform,1,7.0,1.0
uniform,1,7.071067810058594,1.0
uniform,3,60.008331298828125,1.0
uniform,1,2.2360680103302,0.8016528925619835
uniform,1,1.0,0.6776859504132231
uniform,1,16.970561981201172,1.0
uniform,3,169.04733276367188,1.0
uniform,1,16.031219482421875,1.0
uniform,1,21.21320343017578,1.0
uniform,1,19.697715759277344,1.0
uniform,1,6.082762718200684,1.0
uniform,3,180.8341827392578,1.0
uniform,1,20.59126091003418,1.0
boundary,3,9.05538558959961,1.0
boundary,0,0.0,0.5289256198347108
boundary,3,55.31726837158203,1.0
boundary,3,25.495098114013672,1.0
boundary,0,0.0,0.5371900826446281
boundary,0,5.0,0.9586776859504132
boundary,3,7.6157732009887695,1.0
boundary,3,21.189620971679688,1.0
boundary,0,2.0,0.7355371900826446
boundary,2,2.0,0.7520661157024794
boundary,2,0.0,0.5702479338842975
boundary,2,3.605551242828369,0.8842975206611571
boundary,0,1.0,0.6033057851239669
boundary,0,1.0,0.5454545454545454
boundary,2,2.8284270763397217,0.8429752066115702
boundary,0,0.0,0.5454545454545454
boundary,2,2.0,0.7520661157024794
boundary,0,0.0,0.5454545454545454
boundary,2,1.4142135381698608,0.6859504132231405
boundary,0,4.4721360206604,0.9669421487603306
boundary,0,1.0,0.8787878787878788
boundary,2,3.0,0.8512396694214877
boundary,2,0.0,0.5785123966942148
boundary,3,5.656854152679443,0.9834710743801653
boundary,2,2.0,0.7520661157024794
boundary,2,3.0,0.8016528925619835
boundary,1,4.0,0.9256198347107438
boundary,1,2.2360680103302,0.7272727272727273
boundary,3,93.00537872314453,1.0
boundary,3,54.7448616027832,1.0
boundary,1,8.0,1.0
boundary,3,11.180339813232422,1.0
boundary,1,1.0,0.6198347107438017
boundary,1,4.0,0.8925619834710744
boundary,1,2.2360680103302,0.7768595041322314
boundary,1,8.0,1.0
boundary,1,1.4142135381698608,0.7024793388429752
boundary,1,4.0,0.974025974025974
boundary,3,152.1085205078125,1.0
boundary,1,5.099019527435303,0.9917355371900827
interior,2,18.11077117919922,1.0
interior,3,73.68174743652344,1.0
interior,2,15.29705810546875,1.0
interior,3,72.49827575683594,1.0
interior,0,10.770329475402832,1.0
interior,0,15.29705810546875,1.0
interior,0,10.440306663513184,1.0
interior,0,15.65247631072998,1.0
interior,0,16.6433162689209,1.0
interior,0,12.369317054748535,1.0
interior,2,1.0,0.6198347107438017
interior,0,5.385164737701416,0.9752066115702479
interior,0,7.071067810058594,1.0
interior,0,9.05538558959961,1.0
interior,0,16.155494689941406,1.0
interior,2,12.165525436401367,1.0
interior,2,8.5440034866333,1.0
interior,2,0.0,0.5371900826446281
interior,2,13.152946472167969,1.0
interior,2,16.76305389404297,1.0
interior,2,2.8284270763397217,0.859504132231405
interior,2,12.041594505310059,1.0
interior,3,71.0,1.0
interior,3,36.67424011230469,1.0
interior,1,9.486832618713379,1.0
interior,1,9.0,1.0
interior,3,110.16805267333984,1.0
interior,3,86.45230102539062,1.0
interior,3,162.9846649169922,1.0
interior,1,18.788293838500977,1.0
interior,1,18.027755737304688,1.0
interior,1,19.697715759277344,1.0
interior,1,22.803508758544922,1.0
interior,3,96.51942443847656,1.0
interior,1,30.4138126373291,1.0
interior,1,29.832868576049805,1.0
interior,3,190.53871154785156,1.0
interior,1,31.0,1.0
interior,3,182.23611450195312,1.0
interior,1,36.2353401184082,1.0
uniform,5,113.44161224365234,1.0
uniform,5,181.8680877685547,1.0
uniform,5,217.00230407714844,1.0
uniform,5,189.09521484375,1.0
uniform,5,337.9289855957031,1.0
uniform,5,203.6786651611328,1.0
uniform,5,243.16661071777344,1.0
uniform,5,248.24383544921875,1.0
uniform,5,250.45558166503906,1.0
uniform,5,308.248291015625,1.0
boundary,5,62.2414665222168,1.0
boundary,5,134.89254760742188,1.0
boundary,5,140.2069854736328,1.0
boundary,5,309.6336669921875,1.0
boundary,5,120.01666259765625,1.0
boundary,5,121.85237121582031,1.0
boundary,5,217.55459594726562,1.0
boundary,5,267.09735107421875,1.0
boundary,5,238.17010498046875,1.0
boundary,5,354.7745666503906,1.0
interior,5,226.0486602783203,1.0
interior,5,152.04275512695312,1.0
interior,5,273.82110595703125,1.0
interior,5,254.87643432617188,1.0
interior,5,268.7936096191406,1.0
interior,5,201.7572784423828,1.0
interior,5,298.5196838378906,1.0
interior,5,206.00242614746094,1.0
interior,5,328.63507080078125,1.0
interior,5,387.3305969238281,1.0
uniform,5,207.92787170410156,1.0
uniform,5,135.20355224609375,1.0
uniform,5,169.64964294433594,1.0
uniform,5,191.6689910888672,1.0
uniform,5,272.1213073730469,1.0
uniform,5,312.6787414550781,1.0
uniform,5,318.8494873046875,1.0
uniform,5,384.6673889160156,1.0
uniform,5,346.9538879394531,1.0
uniform,5,422.849853515625,1.0
boundary,5,47.434165954589844,1.0
boundary,5,94.9210205078125,1.0
boundary,5,100.76705932617188,1.0
boundary,5,314.6506042480469,1.0
boundary,5,199.3238525390625,1.0
boundary,5,133.41664123535156,1.0
boundary,5,148.5530242919922,1.0
boundary,5,104.04325866699219,1.0
boundary,5,203.00245666503906,1.0
boundary,5,285.0982360839844,1.0
interior,5,277.52117919921875,1.0
interior,5,195.82901000976562,1.0
interior,5,310.6010437011719,1.0
interior,5,337.75286865234375,1.0
interior,5,268.92376708984375,1.0
interior,5,280.7080383300781,1.0
interior,5,337.01336669921875,1.0
interior,5,317.529541015625,1.0
interior,5,411.5580139160156,1.0
interior,5,391.429443359375,1.0
uniform,5,217.72000122070312,1.0
uniform,5,231.7584991455078,1.0
uniform,5,107.07473754882812,1.0
uniform,5,309.962890625,1.0
uniform,5,239.8270263671875,1.0
uniform,5,281.93792724609375,1.0
uniform,5,278.8422546386719,1.0
uniform,5,374.3006896972656,1.0
uniform,5,293.4365234375,1.0
uniform,5,363.0936584472656,1.0
boundary,5,2.2360680103302,1.0
boundary,5,227.7213134765625,1.0
boundary,5,191.48106384277344,1.0
boundary,5,238.14491271972656,1.0
boundary,5,174.77413940429688,1.0
boundary,5,209.15306091308594,1.0
boundary,5,154.3826446533203,1.0
boundary,5,143.89231872558594,1.0
boundary,5,178.7316436767578,1.0
boundary,5,198.4263153076172,1.0
interior,5,281.7800598144531,1.0
interior,5,286.9181213378906,1.0
interior,5,234.96807861328125,1.0
interior,5,260.3171081542969,1.0
interior,5,363.0013732910156,1.0
interior,5,366.14886474609375,1.0
interior,5,276.7019958496094,1.0
interior,5,359.5622253417969,1.0
interior,5,317.22705078125,1.0
interior,5,310.85205078125,1.0
uniform,5,63.60031509399414,1.0
uniform,5,94.3716049194336,1.0
uniform,5,132.40090942382812,1.0
uniform,5,158.7009735107422,1.0
uniform,5,135.1924591064453,1.0
uniform,5,306.7898254394531,1.0
uniform,5,237.69097900390625,1.0
uniform,5,258.0891418457031,1.0
uniform,5,334.18707275390625,1.0
uniform,5,318.8228454589844,1.0
boundary,5,40.79215621948242,1.0
boundary,5,12.649110794067383,1.0
boundary,5,200.87806701660156,1.0
boundary,5,63.89052963256836,1.0
boundary,5,86.76981353759766,1.0
boundary,5,88.32327270507812,1.0
boundary,5,208.1946258544922,1.0
boundary,5,163.9329071044922,1.0
boundary,5,194.48907470703125,1.0
boundary,5,226.92068481445312,1.0
interior,5,174.0718231201172,1.0
interior,5,179.4017791748047,1.0
interior,5,231.68296813964844,1.0
interior,5,228.6744384765625,1.0
interior,5,337.1201477050781,1.0
interior,5,213.04693603515625,1.0
interior,5,345.7933044433594,1.0
interior,5,395.8042297363281,1.0
interior,5,380.6166076660156,1.0
interior,5,382.78192138671875,1.0
uniform,5,294.1700134277344,1.0
uniform,5,299.88330078125,1.0
uniform,5,133.75350952148438,1.0
uniform,5,51.22499465942383,1.0
uniform,5,91.76055908203125,1.0
uniform,5,107.91200256347656,1.0
uniform,5,310.9421081542969,1.0
uniform,5,251.01792907714844,1.0
uniform,5,230.2694091796875,1.0
uniform,5,328.77044677734375,1.0
boundary,5,39.051246643066406,1.0
boundary,5,207.13522338867188,1.0
boundary,5,215.7799835205078,1.0
boundary,5,89.8888168334961,1.0
boundary,5,125.4950180053711,1.0
boundary,5,226.1194305419922,1.0
boundary,5,121.26417541503906,1.0
boundary,5,278.8619689941406,1.0
boundary,5,342.96502685546875,1.0
boundary,5,263.167236328125,1.0
interior,5,300.6725769042969,1.0
interior,5,312.025634765625,1.0
interior,5,216.94468688964844,1.0
interior,5,251.12745666503906,1.0
interior,5,256.84429931640625,1.0
interior,5,220.1022491455078,1.0
interior,5,371.7969970703125,1.0
interior,5,309.2312927246094,1.0
interior,5,331.1449890136719,1.0
interior,5,329.9590759277344,1.0
uniform,4,11.401754379272461,1.0
uniform,0,4.0,0.9256198347107438
uniform,0,26.870058059692383,1.0
uniform,4,4.123105525970459,0.9504132231404959
uniform,0,21.63330841064453,1.0
uniform,4,2.0,0.7355371900826446
uniform,0,42.72002029418945,1.0
uniform,4,4.0,0.9256198347107438
uniform,0,12.165525436401367,1.0
uniform,4,8.5440034866333,1.0
uniform,4,10.29563045501709,1.0
uniform,0,2.0,0.7355371900826446
uniform,4,1.0,0.6611570247933884
uniform,4,5.0,0.9669421487603306
uniform,4,0.0,0.5289256198347108
uniform,4,4.123105525970459,0.8760330578512396
uniform,0,1.0,0.6033057851239669
uniform,3,47.07440948486328,1.0
uniform,3,0.0,0.5041322314049587
uniform,0,9.486832618713379,1.0
uniform,3,24.73863410949707,1.0
uniform,0,2.8284270763397217,0.8264462809917356
uniform,3,13.416407585144043,1.0
uniform,0,8.246211051940918,1.0
uniform,3,45.17742919921875,1.0
uniform,3,44.40720748901367,1.0
uniform,3,72.3394775390625,1.0
uniform,3,12.806248664855957,1.0
uniform,3,56.36488342285156,1.0
uniform,3,10.198039054870605,1.0
uniform,2,18.867961883544922,1.0
uniform,2,19.79899024963379,1.0
uniform,2,34.65544509887695,1.0
uniform,2,18.681541442871094,1.0
uniform,2,14.764822959899902,1.0
uniform,2,12.041594505310059,1.0
uniform,2,60.605281829833984,1.0
uniform,2,54.33230972290039,1.0
uniform,2,61.392181396484375,1.0
uniform,2,79.2022705078125,1.0
boundary,0,1.4142135381698608,0.6103896103896104
boundary,4,4.0,0.9338842975206612
boundary,3,5.0,0.9504132231404959
boundary,3,2.2360680103302,0.8099173553719008
boundary,0,5.099019527435303,0.9834710743801653
boundary,4,0.0,0.5041322314049587
boundary,0,11.401754379272461,1.0
boundary,4,1.0,0.5950413223140496
boundary,0,10.29563045501709,1.0
boundary,4,0.0,0.5289256198347108
boundary,3,7.8102498054504395,1.0
boundary,4,2.0,0.7355371900826446
boundary,0,3.605551242828369,0.9090909090909091
boundary,4,0.0,0.512396694214876
boundary,4,3.0,0.8347107438016529
boundary,4,7.280109882354736,1.0
boundary,4,1.0,0.5950413223140496
boundary,4,0.0,0.5867768595041323
boundary,0,1.0,0.6446280991735537
boundary,0,1.0,0.6363636363636364
boundary,3,14.0,1.0
boundary,0,7.8102498054504395,1.0
boundary,3,5.385164737701416,1.0
boundary,0,3.1622776985168457,0.8842975206611571
boundary,3,12.529964447021484,1.0
boundary,0,4.0,0.9173553719008265
boundary,3,8.5440034866333,1.0
boundary,3,15.132745742797852,1.0
boundary,3,18.601076126098633,1.0
boundary,2,2.0,0.7520661157024794
boundary,3,12.529964447021484,1.0
boundary,2,3.0,0.8512396694214877
boundary,2,5.0,0.9669421487603306
boundary,2,7.6157732009887695,1.0
boundary,2,6.0,1.0
boundary,2,11.180339813232422,1.0
boundary,2,23.76972770690918,1.0
boundary,2,4.242640495300293,0.9338842975206612
boundary,2,32.0,1.0
boundary,2,39.0,1.0
interior,4,8.246211051940918,1.0
interior,4,10.198039054870605,1.0
interior,4,14.866068840026855,1.0
interior,3,1.0,0.8181818181818182
interior,4,15.0,1.0
interior,4,6.324555397033691,1.0
interior,0,60.4400520324707,1.0
interior,4,8.9442720413208,1.0
interior,0,28.160255432128906,1.0
interior,4,7.280109882354736,1.0
interior,0,57.14017868041992,1.0
interior,0,58.5918083190918,1.0
interior,0,35.46829605102539,1.0
interior,0,52.32590103149414,1.0
interior,4,0.0,0.5619834710743802
interior,0,1.0,0.628099173553719
interior,4,7.8102498054504395,1.0
interior,4,5.0,0.9834710743801653
interior,0,26.07680892944336,1.0
interior,0,5.0,1.0
interior,3,38.07886505126953,1.0
interior,3,12.041594505310059,1.0
interior,3,18.248287200927734,1.0
interior,3,21.0,1.0
interior,3,51.244510650634766,1.0
interior,0,8.9442720413208,1.0
interior,3,24.75883674621582,1.0
interior,3,28.319604873657227,1.0
interior,3,48.50773239135742,1.0
interior,3,35.34119415283203,1.0
interior,2,49.497474670410156,1.0
interior,2,58.52349853515625,1.0
interior,2,49.25444030761719,1.0
interior,2,72.23572540283203,1.0
interior,2,79.47956085205078,1.0
interior,2,79.88116455078125,1.0
interior,2,79.2022705078125,1.0
interior,2,89.69392395019531,1.0
interior,2,98.18350219726562,1.0
interior,2,71.0633544921875,1.0
uniform,0,21.470911026000977,1.0
uniform,4,7.280109882354736,1.0
uniform,0,25.0,1.0
uniform,0,7.211102485656738,1.0
uniform,0,8.062257766723633,1.0
uniform,0,12.369317054748535,1.0
uniform,4,1.0,0.6611570247933884
uniform,4,9.219544410705566,1.0
uniform,4,8.485280990600586,1.0
uniform,4,7.0,1.0
uniform,0,0.0,0.5702479338842975
uniform,4,5.0,0.9752066115702479
uniform,4,1.0,0.6363636363636364
uniform,4,2.8284270763397217,0.8181818181818182
uniform,4,1.0,0.6363636363636364
uniform,4,1.0,0.6694214876033058
uniform,0,5.0,1.0
uniform,3,19.209373474121094,1.0
uniform,0,1.0,0.6776859504132231
uniform,3,23.409399032592773,1.0
uniform,3,8.9442720413208,1.0
uniform,0,4.0,0.9338842975206612
uniform,3,53.66563034057617,1.0
uniform,3,35.38361358642578,1.0
uniform,0,0.0,0.256198347107438
uniform,3,1.0,0.6694214876033058
uniform,3,31.95309066772461,1.0
uniform,3,13.928388595581055,1.0
uniform,3,6.324555397033691,1.0
uniform,3,1.4142135381698608,0.7024793388429752
uniform,2,25.63201141357422,1.0
uniform,2,19.235383987426758,1.0
uniform,2,28.160255432128906,1.0
uniform,2,26.0,1.0
uniform,2,31.11269760131836,1.0
uniform,2,49.81967544555664,1.0
uniform,2,58.24946212768555,1.0
uniform,2,65.0,1.0
uniform,2,88.7524642944336,1.0
uniform,2,80.7527084350586,1.0
boundary,0,4.4721360206604,0.9090909090909091
boundary,0,0.0,0.5785123966942148
boundary,0,5.656854152679443,0.9834710743801653
boundary,3,1.0,0.6446280991735537
boundary,0,8.246211051940918,1.0
boundary,4,0.0,0.5959595959595959
boundary,4,0.0,0.38016528925619836
boundary,0,9.899495124816895,1.0
boundary,0,1.0,0.7107438016528925
boundary,4,2.0,0.7107438016528925
boundary,4,5.0,0.9752066115702479
boundary,4,7.071067810058594,1.0
boundary,4,2.0,0.6942148760330579
boundary,0,2.8284270763397217,0.7851239669421488
boundary,4,1.0,0.6363636363636364
boundary,4,1.0,0.5619834710743802
boundary,4,3.0,0.7520661157024794
boundary,4,1.4142135381698608,0.71900826446281
boundary,0,17.0,1.0
boundary,0,10.198039054870605,1.0
boundary,3,58.94064712524414,1.0
boundary,3,34.438350677490234,1.0
boundary,3,1.0,0.6198347107438017
boundary,3,55.56977462768555,1.0
boundary,0,1.0,0.628099173553719
boundary,2,2.8284270763397217,0.8181818181818182
boundary,2,0.0,0.3305785123966942
boundary,3,8.485280990600586,1.0
boundary,3,8.0,1.0
boundary,3,15.231546401977539,1.0
boundary,3,8.062257766723633,1.0
boundary,3,3.1622776985168457,0.8512396694214877
boundary,2,16.970561981201172,1.0
boundary,2,27.80287742614746,1.0
boundary,2,7.6157732009887695,1.0
boundary,2,36.769554138183594,1.0
boundary,2,3.605551242828369,0.8925619834710744
boundary,2,5.656854152679443,0.9834710743801653
boundary,2,1.0,0.6528925619834711
boundary,2,4.0,0.9173553719008265
interior,0,48.764739990234375,1.0
interior,0,56.63920974731445,1.0
interior,4,15.033296585083008,1.0
interior,4,16.031219482421875,1.0
interior,0,66.06814575195312,1.0
interior,4,11.704699516296387,1.0
interior,0,23.853721618652344,1.0
interior,4,12.369317054748535,1.0
interior,4,10.770329475402832,1.0
interior,4,11.0,1.0
interior,0,17.804492950439453,1.0
interior,0,34.1760139465332,1.0
interior,0,49.73931884765625,1.0
interior,0,53.22593307495117,1.0
interior,0,8.9442720413208,1.0
interior,0,31.95309066772461,1.0
interior,4,5.830951690673828,1.0
interior,4,2.2360680103302,0.7933884297520661
interior,4,5.0,1.0
interior,4,3.1622776985168457,0.859504132231405
interior,3,48.84669876098633,1.0
interior,3,47.29693603515625,1.0
interior,3,68.87670135498047,1.0
interior,3,56.58621597290039,1.0
interior,3,59.203041076660156,1.0
interior,3,52.0,1.0
interior,3,62.64982223510742,1.0
interior,3,8.062257766723633,1.0
interior,3,33.241539001464844,1.0
interior,3,46.0,1.0
interior,2,46.66904830932617,1.0
interior,2,49.20365905761719,1.0
interior,2,67.35725402832031,1.0
interior,2,91.8368148803711,1.0
interior,2,61.814239501953125,1.0
interior,2,94.70480346679688,1.0
interior,2,84.5813217163086,1.0
interior,2,94.70480346679688,1.0
interior,2,90.82400512695312,1.0
interior,2,98.40731811523438,1.0
uniform,0,52.63079071044922,1.0
uniform,0,17.464248657226562,1.0
uniform,4,1.0,0.5785123966942148
uniform,0,38.94868469238281,1.0
uniform,4,2.0,0.6611570247933884
uniform,4,5.0,0.9752066115702479
uniform,4,8.485280990600586,1.0
uniform,4,9.05538558959961,1.0
uniform,0,22.135944366455078,1.0
uniform,4,6.7082037925720215,1.0
uniform,0,33.2866325378418,1.0
uniform,0,16.278820037841797,1.0
uniform,4,3.0,0.8429752066115702
uniform,4,5.830951690673828,0.9917355371900827
uniform,4,1.0,0.47107438016528924
uniform,4,3.605551242828369,0.859504132231405
uniform,3,14.422204971313477,1.0
uniform,0,17.492855072021484,1.0
uniform,0,1.0,0.6694214876033058
uniform,3,44.384681701660156,1.0
uniform,3,42.05948257446289,1.0
uniform,0,0.0,0.5702479338842975
uniform,3,0.0,0.5371900826446281
uniform,3,22.803508758544922,1.0
uniform,3,46.097721099853516,1.0
uniform,0,1.0,0.5702479338842975
uniform,3,50.477718353271484,1.0
uniform,3,21.931713104248047,1.0
uniform,2,17.464248657226562,1.0
uniform,2,3.605551242828369,0.8925619834710744
uniform,3,14.317821502685547,1.0
uniform,2,8.062257766723633,1.0
uniform,3,3.1622776985168457,0.8677685950413223
uniform,2,11.0,1.0
uniform,2,22.627416610717773,1.0
uniform,2,14.764822959899902,1.0
uniform,2,11.180339813232422,1.0
uniform,2,42.95346450805664,1.0
uniform,2,39.0,1.0
uniform,2,85.61541748046875,1.0
boundary,0,52.40229034423828,1.0
boundary,0,16.155494689941406,1.0
boundary,0,2.0,0.7355371900826446
boundary,4,0.0,0.5454545454545454
boundary,0,3.605551242828369,0.9008264462809917
boundary,0,0.0,0.5619834710743802
boundary,4,2.2360680103302,0.7768595041322314
boundary,4,1.0,0.6198347107438017
boundary,4,1.0,0.6446280991735537
boundary,4,0.0,0.5454545454545454
boundary,4,3.0,0.8512396694214877
boundary,0,5.099019527435303,1.0
boundary,4,2.0,0.743801652892562
boundary,4,1.0,0.6859504132231405
boundary,4,0.0,0.5619834710743802
boundary,4,0.0,0.4380165289256198
boundary,0,4.4721360206604,0.9504132231404959
boundary,3,2.0,0.7520661157024794
boundary,3,5.830951690673828,1.0
boundary,3,6.324555397033691,1.0
boundary,3,1.0,0.6446280991735537
boundary,3,12.529964447021484,1.0
boundary,0,6.7082037925720215,1.0
boundary,0,1.0,0.6776859504132231
boundary,3,11.045360565185547,1.0
boundary,0,1.4142135381698608,0.6942148760330579
boundary,3,15.65247631072998,1.0
boundary,3,6.082762718200684,1.0
boundary,3,35.44009017944336,1.0
boundary,2,10.630146026611328,1.0
boundary,3,10.440306663513184,1.0
boundary,2,6.7082037925720215,1.0
boundary,2,4.0,0.9173553719008265
boundary,2,8.062257766723633,1.0
boundary,2,16.155494689941406,1.0
boundary,2,13.0,1.0
boundary,2,17.0,1.0
boundary,2,14.0,1.0
boundary,2,26.925823211669922,1.0
boundary,2,49.76947021484375,1.0
interior,0,46.957427978515625,1.0
interior,4,15.033296585083008,1.0
interior,0,1.0,0.5454545454545454
interior,4,14.866068840026855,1.0
interior,4,15.81138801574707,1.0
interior,0,48.82622146606445,1.0
interior,0,20.099750518798828,1.0
interior,4,11.401754379272461,1.0
interior,0,49.57822036743164,1.0
interior,0,50.20956039428711,1.0
interior,4,11.0,1.0
interior,0,52.40229034423828,1.0
interior,0,58.30952072143555,1.0
interior,0,58.5918083190918,1.0
interior,0,44.10215377807617,1.0
interior,4,2.8284270763397217,0.8016528925619835
interior,4,9.0,1.0
interior,4,3.0,0.8347107438016529
interior,4,2.0,0.7520661157024794
interior,4,2.2360680103302,0.8099173553719008
interior,3,43.65776062011719,1.0
interior,3,35.693138122558594,1.0
interior,3,31.256999969482422,1.0
interior,3,56.29387283325195,1.0
interior,3,68.15423583984375,1.0
interior,3,55.90169906616211,1.0
interior,3,55.60575485229492,1.0
interior,3,64.49806213378906,1.0
interior,3,62.3939094543457,1.0
interior,3,6.7082037925720215,1.0
interior,2,8.485280990600586,1.0
interior,2,59.07622146606445,1.0
interior,2,40.804412841796875,1.0
interior,2,41.19466018676758,1.0
interior,2,44.271888732910156,1.0
interior,2,49.24428939819336,1.0
interior,2,68.94200134277344,1.0
interior,2,39.4461669921875,1.0
interior,2,61.0,1.0
interior,2,61.29437255859375,1.0
uniform,4,4.0,0.9204545454545454
uniform,0,22.360679626464844,1.0
uniform,0,22.825424194335938,1.0
uniform,0,26.248809814453125,1.0
uniform,0,27.20294189453125,1.0
uniform,0,6.082762718200684,1.0
uniform,0,15.65247631072998,1.0
uniform,0,25.0,1.0
uniform,4,4.123105525970459,0.9504132231404959
uniform,0,2.0,0.7355371900826446
uniform,4,7.280109882354736,1.0
uniform,4,0.0,0.5785123966942148
uniform,3,34.13209533691406,1.0
uniform,4,4.0,0.9338842975206612
uniform,4,0.0,0.5867768595041323
uniform,4,4.0,0.9090909090909091
uniform,4,3.0,0.8429752066115702
uniform,4,1.0,0.6528925619834711
uniform,4,1.0,0.6033057851239669
uniform,3,3.0,0.8512396694214877
uniform,0,2.0,0.6363636363636364
uniform,3,10.0,1.0
uniform,0,12.529964447021484,1.0
uniform,3,23.34523582458496,1.0
uniform,3,37.58989334106445,1.0
uniform,3,46.52956008911133,1.0
uniform,3,3.0,0.8512396694214877
uniform,3,55.54277801513672,1.0
uniform,3,10.440306663513184,1.0
uniform,3,31.256999969482422,1.0
uniform,2,6.324555397033691,1.0
uniform,2,0.0,0.512396694214876
uniform,2,36.2353401184082,1.0
uniform,2,4.0,0.9090909090909091
uniform,2,30.08321762084961,1.0
uniform,2,23.853721618652344,1.0
uniform,2,41.78516387939453,1.0
uniform,2,51.429561614990234,1.0
uniform,2,44.384681701660156,1.0
uniform,2,46.69047164916992,1.0
boundary,4,1.0,0.6272727272727273
boundary,0,0.0,0.5785123966942148
boundary,0,4.242640495300293,0.9338842975206612
boundary,4,1.0,0.6446280991735537
boundary,0,21.587032318115234,1.0
boundary,3,3.605551242828369,0.9008264462809917
boundary,0,5.0,0.990909090909091
boundary,0,2.2360680103302,0.7768595041322314
boundary,4,0.0,0.5702479338842975
boundary,4,4.0,0.9338842975206612
boundary,4,1.0,0.6115702479338843
boundary,0,5.385164737701416,0.9917355371900827
boundary,4,2.8284270763397217,0.8181818181818182
boundary,4,3.605551242828369,0.8925619834710744
boundary,4,0.0,0.5454545454545454
boundary,4,1.4142135381698608,0.7107438016528925
boundary,4,1.0,0.6776859504132231
boundary,0,9.433980941772461,1.0
boundary,3,1.0,0.6611570247933884
boundary,0,1.0,0.628099173553719
boundary,0,3.0,0.8264462809917356
boundary,0,9.486832618713379,1.0
boundary,3,3.0,0.8512396694214877
boundary,3,17.72004508972168,1.0
boundary,2,9.0,1.0
boundary,3,21.189620971679688,1.0
boundary,2,8.062257766723633,1.0
boundary,3,14.317821502685547,1.0
boundary,3,5.385164737701416,0.9834710743801653
boundary,3,29.068883895874023,1.0
boundary,2,10.630146026611328,1.0
boundary,2,6.324555397033691,1.0
boundary,3,7.0,1.0
boundary,2,14.764822959899902,1.0
boundary,2,6.4031243324279785,1.0
boundary,3,7.071067810058594,1.0
boundary,2,11.0,1.0
boundary,2,37.44329071044922,1.0
boundary,2,20.2237491607666,1.0
boundary,2,7.071067810058594,1.0
interior,0,51.312767028808594,1.0
interior,0,33.734256744384766,1.0
interior,4,14.03566837310791,1.0
interior,4,15.0,1.0
interior,0,32.280025482177734,1.0
interior,4,11.401754379272461,1.0
interior,4,13.34166431427002,1.0
interior,0,64.20280456542969,1.0
interior,4,10.198039054870605,1.0
interior,0,57.628116607666016,1.0
interior,0,51.62363815307617,1.0
interior,0,49.648765563964844,1.0
interior,0,36.2353401184082,1.0
interior,4,1.0,0.6198347107438017
interior,4,7.6157732009887695,1.0
interior,0,13.0,1.0
interior,4,5.385164737701416,1.0
interior,4,6.324555397033691,1.0
interior,4,3.1622776985168457,0.8677685950413223
interior,3,27.459060668945312,1.0
interior,3,38.27531814575195,1.0
interior,3,67.17886352539062,1.0
interior,3,59.66573715209961,1.0
interior,0,8.062257766723633,1.0
interior,3,77.20103454589844,1.0
interior,3,40.360870361328125,1.0
interior,3,39.69886779785156,1.0
interior,3,69.63475799560547,1.0
interior,2,2.8284270763397217,0.7768595041322314
interior,3,60.95900344848633,1.0
interior,3,55.36244201660156,1.0
interior,2,62.801273345947266,1.0
interior,2,34.71310806274414,1.0
interior,2,66.61080932617188,1.0
interior,2,67.44627380371094,1.0
interior,2,73.37574768066406,1.0
interior,2,92.61209106445312,1.0
interior,2,68.680419921875,1.0
interior,2,96.02082824707031,1.0
interior,2,71.86793518066406,1.0
uniform,0,4.0,0.9696969696969697
uniform,0,6.4031243324279785,1.0
uniform,4,1.0,0.628099173553719
uniform,0,12.041594505310059,1.0
uniform,4,0.0,0.5289256198347108
uniform,0,3.0,0.8677685950413223
uniform,4,1.4142135381698608,0.7024793388429752
uniform,4,2.0,0.7107438016528925
uniform,4,2.0,0.743801652892562
uniform,4,3.0,0.859504132231405
uniform,4,8.0,1.0
uniform,4,2.0,0.7107438016528925
uniform,4,5.0,0.9669421487603306
uniform,4,5.099019527435303,1.0
uniform,0,7.0,1.0
uniform,0,12.206555366516113,1.0
uniform,0,13.0,1.0
uniform,3,1.0,0.6611570247933884
uniform,0,10.816654205322266,1.0
uniform,0,6.7082037925720215,1.0
uniform,3,28.44292449951172,1.0
uniform,3,38.832977294921875,1.0
uniform,0,9.219544410705566,1.0
uniform,3,36.2353401184082,1.0
uniform,3,64.03124237060547,1.0
uniform,3,29.154760360717773,1.0
uniform,3,46.48655700683594,1.0
uniform,3,16.552946090698242,1.0
uniform,3,46.2385139465332,1.0
uniform,3,1.4142135381698608,0.6859504132231405
uniform,2,0.0,0.5206611570247934
uniform,2,7.211102485656738,1.0
uniform,2,17.0880069732666,1.0
uniform,2,28.160255432128906,1.0
uniform,2,21.470911026000977,1.0
uniform,2,20.02498435974121,1.0
uniform,2,29.73213768005371,1.0
uniform,2,47.70744323730469,1.0
uniform,2,73.40980529785156,1.0
uniform,2,83.38465118408203,1.0
boundary,3,11.180339813232422,1.0
boundary,0,23.25940704345703,1.0
boundary,4,2.0,0.7777777777777778
boundary,0,0.0,0.5289256198347108
boundary,0,10.440306663513184,1.0
boundary,4,0.0,0.5619834710743802
boundary,4,1.0,0.6611570247933884
boundary,4,4.123105525970459,0.9421487603305785
boundary,4,6.0,1.0
boundary,4,5.830951690673828,0.9917355371900827
boundary,4,1.4142135381698608,0.6859504132231405
boundary,0,4.0,0.9586776859504132
boundary,0,11.045360565185547,1.0
boundary,4,0.0,0.5454545454545454
boundary,4,2.0,0.768595041322314
boundary,3,1.0,0.6776859504132231
boundary,4,0.0,0.512396694214876
boundary,3,37.44329071044922,1.0
boundary,0,1.4142135381698608,0.5785123966942148
boundary,0,15.0,1.0
boundary,0,2.0,0.7355371900826446
boundary,3,2.2360680103302,0.8099173553719008
boundary,0,5.830951690673828,0.9917355371900827
boundary,0,2.2360680103302,0.922077922077922
boundary,3,25.298221588134766,1.0
boundary,3,32.649654388427734,1.0
boundary,2,2.2360680103302,0.7933884297520661
boundary,3,3.605551242828369,0.8842975206611571
boundary,2,4.4721360206604,0.9504132231404959
boundary,2,3.605551242828369,0.9008264462809917
boundary,3,21.3775577545166,1.0
boundary,3,9.219544410705566,1.0
boundary,3,33.541019439697266,1.0
boundary,2,23.706539154052734,1.0
boundary,2,22.671567916870117,1.0
boundary,2,21.02379608154297,1.0
boundary,2,13.0,1.0
boundary,2,15.0,1.0
boundary,2,31.30495262145996,1.0
boundary,2,14.142135620117188,1.0
interior,0,62.22539520263672,1.0
interior,4,14.866068840026855,1.0
interior,0,67.00746154785156,1.0
interior,4,12.649110794067383,1.0
interior,4,13.601470947265625,1.0
interior,4,15.0,1.0
interior,4,4.0,0.9338842975206612
interior,0,58.00862121582031,1.0
interior,4,3.1622776985168457,0.8760330578512396
interior,0,21.189620971679688,1.0
interior,0,50.447994232177734,1.0
interior,4,3.0,0.8686868686868687
interior,0,51.0,1.0
interior,0,8.9442720413208,1.0
interior,0,46.06517028808594,1.0
interior,0,4.0,0.9008264462809917
interior,4,4.123105525970459,0.9504132231404959
interior,4,2.0,0.7768595041322314
interior,0,30.01666259765625,1.0
interior,4,1.0,0.4462809917355372
interior,3,55.02726745605469,1.0
interior,3,60.728904724121094,1.0
interior,3,65.27633666992188,1.0
interior,3,58.18075180053711,1.0
interior,3,59.40538787841797,1.0
interior,3,75.0,1.0
interior,3,41.03656768798828,1.0
interior,3,32.202484130859375,1.0
interior,3,8.062257766723633,1.0
interior,3,22.0,1.0
interior,2,36.06937789916992,1.0
interior,2,18.357559204101562,1.0
interior,2,56.88584899902344,1.0
interior,2,78.54934692382812,1.0
interior,2,64.14047241210938,1.0
interior,2,59.228370666503906,1.0
interior,2,76.5375747680664,1.0
interior,2,79.55501556396484,1.0
interior,2,91.18113708496094,1.0
interior,2,70.21395874023438,1.0
uniform,2,312.40997314453125,1.0
uniform,2,157.0,1.0
uniform,2,178.44326782226562,1.0
uniform,2,256.2537841796875,1.0
uniform,2,191.76026916503906,1.0
uniform,2,95.2575454711914,1.0
uniform,2,24.698177337646484,1.0
uniform,0,3.1622776985168457,0.8677685950413223
uniform,0,3.1622776985168457,0.859504132231405
uniform,0,7.211102485656738,1.0
uniform,0,13.892443656921387,1.0
uniform,0,13.0,1.0
uniform,0,0.0,0.5206611570247934
uniform,0,8.485280990600586,1.0
uniform,0,5.656854152679443,0.9752066115702479
uniform,0,9.433980941772461,1.0
uniform,0,13.0,1.0
uniform,2,203.0,1.0
uniform,2,203.0,1.0
uniform,2,209.0,1.0
uniform,3,0.0,0.08333333333333333
uniform,3,0.0,0.07575757575757576
uniform,3,0.0,0.07575757575757576
uniform,3,0.0,0.07575757575757576
uniform,3,0.0,0.07575757575757576
boundary,2,164.5509033203125,1.0
boundary,2,127.76932525634766,1.0
boundary,2,130.38404846191406,1.0
boundary,2,68.60028839111328,1.0
boundary,2,86.31338500976562,1.0
boundary,2,33.61547088623047,1.0
boundary,2,53.712196350097656,1.0
boundary,0,3.0,0.8429752066115702
boundary,2,3.605551242828369,0.9008264462809917
boundary,0,6.082762718200684,1.0
boundary,0,4.123105525970459,0.9421487603305785
boundary,0,0.0,0.5206611570247934
boundary,0,4.4721360206604,0.9504132231404959
boundary,0,4.0,0.8760330578512396
boundary,0,2.0,0.7933884297520661
boundary,0,1.0,0.6363636363636364
boundary,2,69.0,1.0
boundary,2,2.0,0.7272727272727273
boundary,0,0.0,0.5454545454545454
boundary,0,12.0,1.0
boundary,3,0.0,0.08333333333333333
boundary,3,0.0,0.07575757575757576
boundary,3,0.0,0.07575757575757576
boundary,3,0.0,0.07575757575757576
boundary,3,0.0,0.07575757575757576
interior,2,257.6237487792969,1.0
interior,2,231.0346221923828,1.0
interior,2,351.0099792480469,1.0
interior,2,258.6600036621094,1.0
interior,2,307.5922546386719,1.0
interior,2,280.0142822265625,1.0
interior,2,281.0160217285156,1.0
interior,2,243.00205993652344,1.0
interior,0,7.6157732009887695,1.0
interior,0,13.0,1.0
interior,0,14.764822959899902,1.0
interior,0,16.278820037841797,1.0
interior,2,255.04901123046875,1.0
interior,0,15.65247631072998,1.0
interior,0,12.083045959472656,1.0
interior,0,4.0,0.9008264462809917
interior,0,11.0,1.0
interior,2,207.0,1.0
interior,0,14.03566837310791,1.0
interior,0,10.0,1.0
interior,3,0.0,0.08333333333333333
interior,3,0.0,0.07575757575757576
interior,3,0.0,0.07575757575757576
interior,3,0.0,0.07575757575757576
interior,3,0.0,0.07575757575757576
uniform,2,241.29856872558594,1.0
uniform,2,281.5848083496094,1.0
uniform,2,245.83734130859375,1.0
uniform,2,112.17842864990234,1.0
uniform,2,91.08238220214844,1.0
uniform,2,186.32498168945312,1.0
uniform,2,264.433349609375,1.0
uniform,2,195.34584045410156,1.0
uniform,0,1.0,0.6363636363636364
uniform,0,1.0,0.6363636363636364
uniform,0,7.0,1.0
uniform,0,13.892443656921387,1.0
uniform,2,213.28384399414062,1.0
uniform,0,9.219544410705566,1.0
uniform,0,10.816654205322266,1.0
uniform,0,8.062257766723633,1.0
uniform,0,15.524174690246582,1.0
uniform,0,10.0,1.0
uniform,0,7.280109882354736,1.0
uniform,2,205.0,1.0
uniform,3,0.0,0.08333333333333333
uniform,3,0.0,0.07575757575757576
uniform,3,0.0,0.07575757575757576
uniform,3,0.0,0.07575757575757576
uniform,3,0.0,0.07575757575757576
boundary,2,226.38462829589844,1.0
boundary,2,135.85653686523438,1.0
boundary,2,119.85408020019531,1.0
boundary,2,38.910152435302734,1.0
boundary,2,91.30169677734375,1.0
boundary,2,31.016124725341797,1.0
boundary,2,106.48004150390625,1.0
boundary,0,3.0,0.8181818181818182
boundary,0,1.0,0.6528925619834711
boundary,0,0.0,0.5537190082644629
boundary,0,2.0,0.743801652892562
boundary,0,6.324555397033691,1.0
boundary,0,1.0,0.5619834710743802
boundary,0,7.211102485656738,1.0
boundary,2,254.33245849609375,1.0
boundary,2,98.50888061523438,1.0
boundary,0,11.704699516296387,1.0
boundary,0,1.0,0.71900826446281
boundary,0,0.0,0.5454545454545454
boundary,2,67.0,1.0
boundary,3,0.0,0.08333333333333333
boundary,3,0.0,0.07575757575757576
boundary,3,0.0,0.07575757575757576
boundary,3,0.0,0.07575757575757576
boundary,3,0.0,0.07575757575757576
interior,2,341.7747802734375,1.0
interior,2,316.8359069824219,1.0
interior,2,242.52835083007812,1.0
interior,2,330.92596435546875,1.0
interior,2,344.5533447265625,1.0
interior,2,284.0158386230469,1.0
interior,2,261.0382995605469,1.0
interior,2,252.46385192871094,1.0
interior,2,199.44924926757812,1.0
interior,0,11.045360565185547,1.0
interior,0,14.0,1.0
interior,0,14.764822959899902,1.0
interior,0,10.198039054870605,1.0
interior,0,12.041594505310059,1.0
interior,0,8.062257766723633,1.0
interior,0,16.124515533447266,1.0
interior,0,5.0,0.9752066115702479
interior,0,16.76305389404297,1.0
interior,0,16.0,1.0
interior,2,79.0,1.0
interior,3,0.0,0.08333333333333333
interior,3,0.0,0.07575757575757576
interior,3,0.0,0.07575757575757576
interior,3,0.0,0.07575757575757576
interior,3,0.0,0.07575757575757576
uniform,2,281.29876708984375,1.0
uniform,2,352.1391906738281,1.0
uniform,2,258.4975891113281,1.0
uniform,2,256.46246337890625,1.0
uniform,2,129.0,1.0
uniform,2,258.9382019042969,1.0
uniform,2,191.26943969726562,1.0
uniform,2,26.870058059692383,1.0
uniform,2,254.7017822265625,1.0
uniform,2,170.2997283935547,1.0
uniform,0,6.324555397033691,1.0
uniform,0,10.770329475402832,1.0
uniform,0,9.219544410705566,1.0
uniform,0,2.2360680103302,0.8264462809917356
uniform,0,4.0,0.9008264462809917
uniform,0,2.0,0.7272727272727273
uniform,0,0.0,0.5619834710743802
uniform,0,1.0,0.6454545454545455
uniform,0,11.0,1.0
uniform,0,1.0,0.6363636363636364
uniform,3,0.0,0.08333333333333333
uniform,3,0.0,0.07575757575757576
uniform,3,0.0,0.07575757575757576
uniform,3,0.0,0.07575757575757576
uniform,3,0.0,0.07575757575757576
boundary,2,211.85372924804688,1.0
boundary,2,186.1236114501953,1.0
boundary,2,100.40916442871094,1.0
boundary,2,150.2664337158203,1.0
boundary,2,141.32232666015625,1.0
boundary,2,43.8292121887207,1.0
boundary,2,222.25210571289062,1.0
boundary,0,0.0,0.5289256198347108
boundary,0,0.0,0.5454545454545454
boundary,0,0.0,0.5454545454545454
boundary,2,62.361846923828125,1.0
boundary,0,1.4142135381698608,0.7024793388429752
boundary,2,71.56814575195312,1.0
boundary,2,37.85498809814453,1.0
boundary,0,7.211102485656738,1.0
boundary,0,1.0,0.6115702479338843
boundary,0,6.0,1.0
boundary,0,0.0,0.5867768595041323
boundary,0,6.0,1.0
boundary,0,0.0,0.5324675324675324
boundary,3,0.0,0.08333333333333333
boundary,3,0.0,0.07575757575757576
boundary,3,0.0,0.07575757575757576
boundary,3,0.0,0.07575757575757576
boundary,3,0.0,0.07575757575757576
interior,2,338.79345703125,1.0
interior,2,225.10885620117188,1.0
interior,2,238.10292053222656,1.0
interior,2,320.60101318359375,1.0
interior,2,231.8706512451172,1.0
interior,2,263.0589294433594,1.0
interior,2,277.2724304199219,1.0
interior,2,204.82431030273438,1.0
interior,2,184.39088439941406,1.0
interior,0,0.0,0.47107438016528924
interior,0,12.0,1.0
interior,0,14.142135620117188,1.0
interior,0,15.132745742797852,1.0
interior,0,12.165525436401367,1.0
interior,0,14.142135620117188,1.0
interior,0,15.231546401977539,1.0
interior,0,10.049875259399414,1.0
interior,2,121.0,1.0
interior,0,15.0,1.0
interior,0,10.0,1.0
interior,3,0.0,0.08333333333333333
interior,3,0.0,0.07575757575757576
interior,3,0.0,0.07575757575757576
interior,3,0.0,0.07575757575757576
interior,3,0.0,0.07575757575757576
uniform,2,255.28024291992188,1.0
uniform,2,260.71630859375,1.0
uniform,2,253.23704528808594,1.0
uniform,2,120.92973327636719,1.0
uniform,2,99.82484436035156,1.0
uniform,2,244.23348999023438,1.0
uniform,2,193.00259399414062,1.0
uniform,2,59.64059066772461,1.0
uniform,2,12.0,1.0
uniform,0,5.385164737701416,0.9834710743801653
uniform,0,5.0,0.9669421487603306
uniform,0,6.324555397033691,1.0
uniform,0,2.0,0.7933884297520661
uniform,0,15.524174690246582,1.0
uniform,0,5.0,1.0
uniform,0,1.0,0.6859504132231405
uniform,0,3.0,0.8512396694214877
uniform,0,2.0,0.7272727272727273
uniform,2,40.0,1.0
uniform,3,0.0,0.08333333333333333
uniform,3,0.0,0.07575757575757576
uniform,3,0.0,0.07575757575757576
uniform,3,0.0,0.07575757575757576
uniform,3,0.0,0.07575757575757576
uniform,0,2.0,0.803030303030303
boundary,2,229.71286010742188,1.0
boundary,2,63.95310592651367,1.0
boundary,2,51.62363815307617,1.0
boundary,2,50.0,1.0
boundary,2,168.0743865966797,1.0
boundary,2,46.097721099853516,1.0
boundary,2,83.18653869628906,1.0
boundary,2,117.39250183105469,1.0
boundary,0,1.4142135381698608,0.6776859504132231
boundary,0,5.0,0.9669421487603306
boundary,0,0.0,0.47107438016528924
boundary,0,3.1622776985168457,0.8677685950413223
boundary,0,7.280109882354736,1.0
boundary,0,0.0,0.5454545454545454
boundary,0,1.0,0.6115702479338843
boundary,0,1.0,0.6363636363636364
boundary,0,16.0,1.0
boundary,2,57.0,1.0
boundary,2,93.0,1.0
boundary,0,1.0,0.625
boundary,3,0.0,0.08333333333333333
boundary,3,0.0,0.07575757575757576
boundary,3,0.0,0.07575757575757576
boundary,3,0.0,0.07575757575757576
boundary,3,0.0,0.07575757575757576
interior,2,276.44891357421875,1.0
interior,2,289.27667236328125,1.0
interior,2,350.0242919921875,1.0
interior,2,339.3655700683594,1.0
interior,2,242.00205993652344,1.0
interior,2,297.0269470214844,1.0
interior,2,159.66526794433594,1.0
interior,2,288.0225830078125,1.0
interior,0,7.280109882354736,1.0
interior,0,12.0,1.0
interior,0,12.041594505310059,1.0
interior,0,14.0,1.0
interior,0,14.0,1.0
interior,0,14.142135620117188,1.0
interior,0,5.0,0.9669421487603306
interior,0,12.727922439575195,1.0
interior,2,68.00735473632812,1.0
interior,2,192.0,1.0
interior,0,12.0,1.0
interior,0,10.049875259399414,1.0
interior,3,0.0,0.08333333333333333
interior,3,0.0,0.07575757575757576
interior,3,0.0,0.07575757575757576
interior,3,0.0,0.07575757575757576
interior,3,0.0,0.07575757575757576
uniform,2,321.90838623046875,1.0
uniform,2,193.22784423828125,1.0
uniform,2,268.4269104003906,1.0
uniform,2,187.0962371826172,1.0
uniform,2,241.49534606933594,1.0
uniform,2,226.73773193359375,1.0
uniform,2,71.56814575195312,1.0
uniform,2,41.617305755615234,1.0
uniform,2,42.48529052734375,1.0
uniform,0,12.0,1.0
uniform,0,14.317821502685547,1.0
uniform,0,8.485280990600586,1.0
uniform,0,9.848857879638672,1.0
uniform,0,5.656854152679443,0.9834710743801653
uniform,0,6.4031243324279785,1.0
uniform,0,9.433980941772461,1.0
uniform,0,2.2360680103302,0.8181818181818182
uniform,2,176.0,1.0
uniform,0,13.0,1.0
uniform,0,5.0,1.0
uniform,3,0.0,0.08333333333333333
uniform,3,0.0,0.07575757575757576
uniform,3,0.0,0.07575757575757576
uniform,3,0.0,0.07575757575757576
uniform,3,0.0,0.07575757575757576
boundary,2,151.21177673339844,1.0
boundary,2,82.0,1.0
boundary,2,104.04325866699219,1.0
boundary,2,75.96051788330078,1.0
boundary,2,62.96824645996094,1.0
boundary,2,71.28113555908203,1.0
boundary,2,45.96738052368164,1.0
boundary,2,26.172504425048828,1.0
boundary,2,10.29563045501709,1.0
boundary,2,47.41307830810547,1.0
boundary,0,3.605551242828369,0.8760330578512396
boundary,0,4.4721360206604,0.9669421487603306
boundary,0,0.0,0.49586776859504134
boundary,0,11.401754379272461,1.0
boundary,0,15.0,1.0
boundary,0,1.4142135381698608,0.8051948051948052
boundary,0,4.4721360206604,0.9669421487603306
boundary,0,8.0,1.0
boundary,0,2.0,0.7272727272727273
boundary,0,0.0,0.5454545454545454
boundary,3,0.0,0.08333333333333333
boundary,3,0.0,0.07575757575757576
boundary,3,0.0,0.07575757575757576
boundary,3,0.0,0.07575757575757576
boundary,3,0.0,0.07575757575757576
interior,2,302.10760498046875,1.0
interior,2,335.5294189453125,1.0
interior,2,266.9176025390625,1.0
interior,2,174.7712860107422,1.0
interior,2,286.6653137207031,1.0
interior,2,256.4780578613281,1.0
interior,2,85.42247772216797,1.0
interior,2,180.85353088378906,1.0
interior,0,4.4721360206604,0.9669421487603306
interior,2,193.74725341796875,1.0
interior,0,13.601470947265625,1.0
interior,0,13.892443656921387,1.0
interior,0,11.661903381347656,1.0
interior,0,15.65247631072998,1.0
interior,2,216.0,1.0
interior,0,14.560219764709473,1.0
interior,0,15.033296585083008,1.0
interior,0,14.0,1.0
interior,0,14.0,1.0
interior,0,1.0,0.625
interior,3,0.0,0.08333333333333333
interior,3,0.0,0.07575757575757576
interior,3,0.0,0.07575757575757576
interior,3,0.0,0.07575757575757576
interior,3,0.0,0.07575757575757576
uniform,2,4.123105525970459,0.9242424242424242
uniform,5,39.458839416503906,1.0
uniform,2,39.31920623779297,1.0
uniform,3,81.00617218017578,1.0
uniform,5,38.20994567871094,1.0
uniform,3,37.85498809814453,1.0
uniform,3,87.86353302001953,1.0
uniform,2,11.0,1.0
uniform,3,38.327537536621094,1.0
uniform,5,3.0,0.8181818181818182
uniform,3,29.068883895874023,1.0
uniform,2,0.0,0.5537190082644629
uniform,2,5.0,1.0
uniform,3,2.0,0.7851239669421488
uniform,0,6.0,1.0
uniform,3,55.54277801513672,1.0
uniform,3,55.6596794128418,1.0
uniform,0,8.5440034866333,1.0
uniform,0,24.73863410949707,1.0
uniform,3,27.459060668945312,1.0
uniform,0,28.07133674621582,1.0
uniform,0,21.0,1.0
uniform,3,2.2360680103302,0.6363636363636364
uniform,0,5.656854152679443,0.9752066115702479
uniform,0,2.2360680103302,0.7768595041322314
uniform,5,6.324555397033691,1.0
uniform,0,11.0,1.0
uniform,0,2.8284270763397217,0.8347107438016529
uniform,2,8.485280990600586,1.0
uniform,5,9.848857879638672,1.0
uniform,5,6.324555397033691,1.0
uniform,0,1.0,0.6363636363636364
uniform,1,0.0,0.5206611570247934
uniform,5,6.0,1.0
uniform,5,1.0,0.4297520661157025
uniform,2,0.0,0.5289256198347108
uniform,5,1.0,0.6776859504132231
uniform,1,25.0,1.0
uniform,5,8.0,1.0
uniform,1,36.34556198120117,1.0
uniform,2,8.0,1.0
uniform,1,48.3735466003418,1.0
uniform,1,22.0,1.0
uniform,1,33.060550689697266,1.0
uniform,1,28.017850875854492,1.0
uniform,1,93.90420532226562,1.0
uniform,1,92.61749267578125,1.0
uniform,1,26.476404190063477,1.0
uniform,2,14.0,1.0
uniform,2,8.062257766723633,1.0
boundary,5,2.0,0.7603305785123967
boundary,3,9.0,1.0
boundary,2,0.0,0.512396694214876
boundary,2,2.0,0.7107438016528925
boundary,5,23.021728515625,1.0
boundary,5,11.045360565185547,1.0
boundary,5,12.165525436401367,1.0
boundary,3,77.801025390625,1.0
boundary,5,2.0,0.7520661157024794
boundary,2,7.280109882354736,1.0
boundary,2,2.0,0.71900826446281
boundary,2,1.0,0.6363636363636364
boundary,3,3.0,0.8264462809917356
boundary,3,3.0,0.8264462809917356
boundary,3,2.0,0.7272727272727273
boundary,0,0.0,0.5454545454545454
boundary,0,4.123105525970459,0.9586776859504132
boundary,3,46.04345703125,1.0
boundary,3,22.0,1.0
boundary,3,15.231546401977539,1.0
boundary,0,1.0,0.6115702479338843
boundary,3,3.1622776985168457,0.8842975206611571
boundary,0,0.0,0.6115702479338843
boundary,0,14.560219764709473,1.0
boundary,0,10.770329475402832,1.0
boundary,0,4.0,0.9090909090909091
boundary,0,0.0,0.4793388429752066
boundary,5,7.211102485656738,1.0
boundary,3,2.8284270763397217,0.743801652892562
boundary,5,0.0,0.512396694214876
boundary,0,4.4721360206604,0.9669421487603306
boundary,5,3.605551242828369,0.8842975206611571
boundary,1,0.0,0.5702479338842975
boundary,0,1.0,0.48760330578512395
boundary,2,9.848857879638672,1.0
boundary,1,0.0,0.5371900826446281
boundary,5,9.0,1.0
boundary,2,5.0,1.0
boundary,5,13.0,1.0
boundary,1,3.0,0.8264462809917356
boundary,1,18.439088821411133,1.0
boundary,1,30.0,1.0
boundary,2,0.0,0.5041322314049587
boundary,1,9.0,1.0
boundary,1,31.016124725341797,1.0
boundary,1,52.08646774291992,1.0
boundary,2,2.0,0.7355371900826446
boundary,1,0.0,0.6262626262626263
boundary,2,16.031219482421875,1.0
boundary,1,81.04936981201172,1.0
interior,3,112.21853637695312,1.0
interior,2,40.0,1.0
interior,3,112.44998931884766,1.0
interior,2,42.01190185546875,1.0
interior,2,35.12833786010742,1.0
interior,5,51.03919982910156,1.0
interior,2,36.400550842285156,1.0
interior,5,49.04079818725586,1.0
interior,3,31.0,1.0
interior,2,20.2237491607666,1.0
interior,5,46.04345703125,1.0
interior,2,29.154760360717773,1.0
interior,2,34.4093017578125,1.0
interior,5,37.336307525634766,1.0
interior,5,27.018512725830078,1.0
interior,3,77.78174591064453,1.0
interior,5,29.614185333251953,1.0
interior,2,37.48332977294922,1.0
interior,5,26.68332862854004,1.0
interior,3,57.9741325378418,1.0
interior,3,86.83317565917969,1.0
interior,5,13.0,1.0
interior,3,68.3520278930664,1.0
interior,3,82.8070068359375,1.0
interior,5,9.848857879638672,1.0
interior,3,77.0064926147461,1.0
interior,2,2.0,0.6942148760330579
interior,3,48.010414123535156,1.0
interior,0,23.0,1.0
interior,0,28.861740112304688,1.0
interior,0,29.832868576049805,1.0
interior,0,33.0,1.0
interior,0,33.0,1.0
interior,0,18.384777069091797,1.0
interior,0,24.698177337646484,1.0
interior,0,9.433980941772461,1.0
interior,0,5.0,0.9752066115702479
interior,0,3.0,0.8181818181818182
interior,1,6.0,1.0
interior,5,9.219544410705566,1.0
interior,1,17.8885440826416,1.0
interior,1,72.24956512451172,1.0
interior,1,68.00735473632812,1.0
interior,1,91.0494384765625,1.0
interior,1,100.4987564086914,1.0
interior,2,1.0,0.6033057851239669
interior,1,59.21148681640625,1.0
interior,1,102.41581726074219,1.0
interior,1,47.0,1.0
interior,1,117.61377716064453,1.0
uniform,3,74.0,1.0
uniform,2,32.69556427001953,1.0
uniform,3,70.85901641845703,1.0
uniform,5,33.241539001464844,1.0
uniform,2,32.572994232177734,1.0
uniform,5,26.172504425048828,1.0
uniform,2,5.385164737701416,0.9917355371900827
uniform,5,17.0,1.0
uniform,5,4.0,0.8925619834710744
uniform,3,23.76972770690918,1.0
uniform,2,17.262676239013672,1.0
uniform,3,66.64083099365234,1.0
uniform,2,14.0,1.0
uniform,3,58.94064712524414,1.0
uniform,5,3.0,0.8347107438016529
uniform,2,7.6157732009887695,1.0
uniform,0,5.0,1.0
uniform,0,6.0,1.0
uniform,3,52.63079071044922,1.0
uniform,3,13.0,1.0
uniform,3,23.0,1.0
uniform,3,26.62705421447754,1.0
uniform,0,0.0,0.5867768595041323
uniform,0,25.317977905273438,1.0
uniform,0,29.0,1.0
uniform,3,10.630146026611328,1.0
uniform,0,3.605551242828369,0.8842975206611571
uniform,2,0.0,0.5454545454545454
uniform,0,5.385164737701416,0.9917355371900827
uniform,2,6.0,1.0
uniform,5,2.0,0.628099173553719
uniform,0,12.0,1.0
uniform,2,2.2360680103302,0.7933884297520661
uniform,0,5.0,1.0
uniform,5,0.0,0.6033057851239669
uniform,0,0.0,0.512396694214876
uniform,5,4.123105525970459,0.9256198347107438
uniform,1,0.0,0.5041322314049587
uniform,5,3.605551242828369,0.8099173553719008
uniform,1,9.05538558959961,1.0
uniform,1,2.0,0.7520661157024794
uniform,5,10.049875259399414,1.0
uniform,1,19.416488647460938,1.0
uniform,1,49.497474670410156,1.0
uniform,1,3.0,0.859504132231405
uniform,1,64.03124237060547,1.0
uniform,1,54.08327102661133,1.0
uniform,1,75.92759704589844,1.0
uniform,1,43.185646057128906,1.0
uniform,2,11.0,1.0
boundary,5,14.317821502685547,1.0
boundary,5,5.0,0.9834710743801653
boundary,5,6.7082037925720215,1.0
boundary,5,19.235383987426758,1.0
boundary,5,6.0,1.0
boundary,2,11.0,1.0
boundary,5,1.0,0.6776859504132231
boundary,2,1.0,0.628099173553719
boundary,2,5.0,0.9834710743801653
boundary,3,50.2493782043457,1.0
boundary,3,1.0,0.5785123966942148
boundary,3,59.46427536010742,1.0
boundary,3,11.704699516296387,1.0
boundary,3,47.381431579589844,1.0
boundary,3,41.86884307861328,1.0
boundary,0,16.0,1.0
boundary,3,25.961509704589844,1.0
boundary,0,28.0,1.0
boundary,3,4.242640495300293,0.9173553719008265
boundary,0,1.4142135381698608,0.7272727272727273
boundary,3,26.07680892944336,1.0
boundary,0,1.4142135381698608,0.6363636363636364
boundary,3,3.1622776985168457,0.9090909090909091
boundary,0,3.0,0.8264462809917356
boundary,0,2.0,0.7272727272727273
boundary,2,0.0,0.5041322314049587
boundary,0,0.0,0.5454545454545454
boundary,0,0.0,0.5537190082644629
boundary,2,6.0,1.0
boundary,0,4.0,0.9173553719008265
boundary,2,12.727922439575195,1.0
boundary,0,0.0,0.5619834710743802
boundary,5,4.0,0.8842975206611571
boundary,2,2.2360680103302,0.948051948051948
boundary,2,1.0,0.6033057851239669
boundary,5,6.7082037925720215,1.0
boundary,5,12.083045959472656,1.0
boundary,2,3.605551242828369,0.9090909090909091
boundary,5,3.0,0.71900826446281
boundary,1,23.53720474243164,1.0
boundary,1,27.0,1.0
boundary,1,12.041594505310059,1.0
boundary,2,1.0,0.6198347107438017
boundary,1,2.0,0.71900826446281
boundary,1,11.0,1.0
boundary,1,7.071067810058594,1.0
boundary,1,56.00892639160156,1.0
boundary,1,1.0,0.6611570247933884
boundary,1,15.81138801574707,1.0
boundary,1,97.09788513183594,1.0
interior,5,46.0,1.0
interior,5,58.30952072143555,1.0
interior,5,55.226806640625,1.0
interior,5,34.928497314453125,1.0
interior,3,103.24727630615234,1.0
interior,3,65.0,1.0
interior,5,42.19004440307617,1.0
interior,3,97.51409912109375,1.0
interior,2,25.612497329711914,1.0
interior,5,42.95346450805664,1.0
interior,2,35.22782897949219,1.0
interior,5,39.20458984375,1.0
interior,2,32.06243896484375,1.0
interior,2,41.59326934814453,1.0
interior,5,33.541019439697266,1.0
interior,5,31.064449310302734,1.0
interior,3,75.13321685791016,1.0
interior,5,28.635643005371094,1.0
interior,2,4.0,0.9504132231404959
interior,2,21.21320343017578,1.0
interior,3,65.4369888305664,1.0
interior,3,56.22277069091797,1.0
interior,3,67.20118713378906,1.0
interior,3,5.656854152679443,0.9834710743801653
interior,2,0.0,0.48760330578512395
interior,3,31.906112670898438,1.0
interior,0,13.03840446472168,1.0
interior,3,39.69886779785156,1.0
interior,0,17.0,1.0
interior,0,22.0,1.0
interior,0,25.05992889404297,1.0
interior,0,30.01666259765625,1.0
interior,0,33.0,1.0
interior,0,27.658634185791016,1.0
interior,0,30.265491485595703,1.0
interior,0,15.620499610900879,1.0
interior,2,8.9442720413208,1.0
interior,0,8.602325439453125,1.0
interior,2,2.8284270763397217,0.8347107438016529
interior,1,18.439088821411133,1.0
interior,1,31.400636672973633,1.0
interior,1,68.11754608154297,1.0
interior,1,65.76473236083984,1.0
interior,1,71.17584228515625,1.0
interior,2,11.0,1.0
interior,1,91.78779602050781,1.0
interior,1,93.38094329833984,1.0
interior,1,90.3548583984375,1.0
interior,1,6.0,1.0
interior,1,88.0,1.0
uniform,3,77.0,1.0
uniform,2,9.219544410705566,1.0
uniform,5,43.0,1.0
uniform,5,36.12478256225586,1.0
uniform,3,81.49846649169922,1.0
uniform,2,0.0,0.5867768595041323
uniform,5,11.704699516296387,1.0
uniform,3,55.36244201660156,1.0
uniform,3,28.0,1.0
uniform,2,4.0,0.9421487603305785
uniform,3,23.53720474243164,1.0
uniform,2,0.0,0.48760330578512395
uniform,3,58.600341796875,1.0
uniform,0,1.0,0.5785123966942148
uniform,0,16.0,1.0
uniform,3,39.560081481933594,1.0
uniform,0,29.0,1.0
uniform,3,27.20294189453125,1.0
uniform,3,2.0,0.7520661157024794
uniform,0,31.78049659729004,1.0
uniform,0,19.235383987426758,1.0
uniform,0,2.2360680103302,0.7851239669421488
uniform,0,14.0,1.0
uniform,0,12.529964447021484,1.0
uniform,0,12.0,1.0
uniform,2,0.0,0.5454545454545454
uniform,5,1.0,0.5950413223140496
uniform,5,1.4142135381698608,0.6859504132231405
uniform,0,4.4721360206604,0.9504132231404959
uniform,3,5.099019527435303,0.9834710743801653
uniform,2,13.0,1.0
uniform,2,8.062257766723633,1.0
uniform,2,2.8284270763397217,0.8818181818181818
uniform,2,6.324555397033691,1.0
uniform,5,5.385164737701416,0.9917355371900827
uniform,5,16.0,1.0
uniform,5,0.0,0.5289256198347108
uniform,2,8.246211051940918,1.0
uniform,5,8.246211051940918,1.0
uniform,5,3.0,0.8429752066115702
uniform,1,25.0,1.0
uniform,1,20.0,1.0
uniform,1,28.07133674621582,1.0
uniform,1,22.022714614868164,1.0
uniform,1,52.009613037109375,1.0
uniform,1,57.14017868041992,1.0
uniform,1,51.244510650634766,1.0
uniform,1,53.75872039794922,1.0
uniform,1,43.416587829589844,1.0
uniform,1,100.31948852539062,1.0
boundary,5,18.11077117919922,1.0
boundary,2,4.0,0.8677685950413223
boundary,3,1.0,0.6776859504132231
boundary,5,29.154760360717773,1.0
boundary,2,10.198039054870605,1.0
boundary,2,7.0,1.0
boundary,2,3.0,0.8842975206611571
boundary,2,6.0,1.0
boundary,2,2.0,0.7107438016528925
boundary,3,0.0,0.5867768595041323
boundary,3,4.123105525970459,0.9421487603305785
boundary,3,49.497474670410156,1.0
boundary,3,11.0,1.0
boundary,3,24.59674835205078,1.0
boundary,0,21.0,1.0
boundary,3,15.231546401977539,1.0
boundary,0,12.0,1.0
boundary,3,8.062257766723633,1.0
boundary,3,4.4721360206604,0.9669421487603306
boundary,0,1.0,0.7024793388429752
boundary,0,3.0,0.8264462809917356
boundary,0,1.0,0.7520661157024794
boundary,3,6.324555397033691,1.0
boundary,0,5.830951690673828,1.0
boundary,2,1.0,0.6363636363636364
boundary,2,1.0,0.6115702479338843
boundary,0,7.071067810058594,1.0
boundary,0,2.0,0.7355371900826446
boundary,5,3.605551242828369,0.9008264462809917
boundary,0,2.0,0.7272727272727273
boundary,5,5.0,1.0
boundary,2,1.0,0.6611570247933884
boundary,5,1.0,0.6198347107438017
boundary,5,17.262676239013672,1.0
boundary,0,1.0,0.4214876033057851
boundary,5,17.262676239013672,1.0
boundary,5,1.0,0.4297520661157025
boundary,5,2.8284270763397217,0.7851239669421488
boundary,5,2.2360680103302,0.7768595041322314
boundary,1,9.486832618713379,1.0
boundary,1,33.060550689697266,1.0
boundary,1,22.360679626464844,1.0
boundary,1,44.40720748901367,1.0
boundary,1,5.099019527435303,1.0
boundary,1,1.0,0.6611570247933884
boundary,1,17.0,1.0
boundary,1,37.0,1.0
boundary,2,2.0,0.7272727272727273
boundary,1,42.10700607299805,1.0
boundary,1,17.0,1.0
interior,2,38.0,1.0
interior,5,58.03447341918945,1.0
interior,5,57.07889175415039,1.0
interior,3,111.08555603027344,1.0
interior,2,40.79215621948242,1.0
interior,5,46.52956008911133,1.0
interior,2,37.64305877685547,1.0
interior,5,46.173583984375,1.0
interior,3,96.51942443847656,1.0
interior,5,41.0,1.0
interior,2,39.31920623779297,1.0
interior,5,41.9761848449707,1.0
interior,3,92.77930450439453,1.0
interior,5,40.79215621948242,1.0
interior,3,84.2911605834961,1.0
interior,2,33.52610778808594,1.0
interior,2,36.400550842285156,1.0
interior,2,24.351591110229492,1.0
interior,5,25.079872131347656,1.0
interior,3,75.0,1.0
interior,3,56.080299377441406,1.0
interior,3,62.032249450683594,1.0
interior,0,9.0,1.0
interior,0,13.34166431427002,1.0
interior,3,43.96589660644531,1.0
interior,3,37.121421813964844,1.0
interior,0,29.681644439697266,1.0
interior,0,10.29563045501709,1.0
interior,0,32.0,1.0
interior,0,31.0,1.0
interior,0,25.942243576049805,1.0
interior,3,22.360679626464844,1.0
interior,0,20.39607810974121,1.0
interior,2,3.1622776985168457,0.8677685950413223
interior,0,0.0,0.512396694214876
interior,0,6.0,1.0
interior,5,18.248287200927734,1.0
interior,5,16.492422103881836,1.0
interior,2,3.1622776985168457,0.8677685950413223
interior,1,44.40720748901367,1.0
interior,1,45.54119110107422,1.0
interior,1,59.84145736694336,1.0
interior,1,68.7677230834961,1.0
interior,1,84.05355072021484,1.0
interior,2,8.0,1.0
interior,1,73.06161499023438,1.0
interior,1,70.0,1.0
interior,1,111.22050476074219,1.0
interior,1,79.0,1.0
interior,1,68.0,1.0
uniform,3,9.219544410705566,1.0
uniform,3,50.48762130737305,1.0
uniform,5,8.062257766723633,1.0
uniform,2,25.0,1.0
uniform,5,31.0,1.0
uniform,2,7.0,1.0
uniform,2,9.486832618713379,1.0
uniform,2,5.099019527435303,1.0
uniform,3,84.34452819824219,1.0
uniform,2,19.92485809326172,1.0
uniform,3,75.92759704589844,1.0
uniform,3,64.07807922363281,1.0
uniform,3,60.74536895751953,1.0
uniform,2,3.0,0.8181818181818182
uniform,0,5.830951690673828,1.0
uniform,3,44.643028259277344,1.0
uniform,0,16.0,1.0
uniform,0,15.231546401977539,1.0
uniform,0,8.485280990600586,1.0
uniform,0,14.142135620117188,1.0
uniform,0,34.0,1.0
uniform,3,4.242640495300293,0.9338842975206612
uniform,0,25.01999282836914,1.0
uniform,0,22.0,1.0
uniform,0,21.095022201538086,1.0
uniform,0,13.0,1.0
uniform,3,1.4142135381698608,0.7355371900826446
uniform,2,2.0,0.7603305785123967
uniform,2,12.0,1.0
uniform,5,0.0,0.5289256198347108
uniform,5,7.280109882354736,1.0
uniform,5,5.830951690673828,0.9917355371900827
uniform,5,12.165525436401367,1.0
uniform,3,0.0,0.48760330578512395
uniform,5,15.524174690246582,1.0
uniform,5,5.0,1.0
uniform,5,9.05538558959961,1.0
uniform,5,2.0,0.71900826446281
uniform,1,21.0,1.0
uniform,2,1.0,0.6611570247933884
uniform,1,32.140316009521484,1.0
uniform,1,15.0,1.0
uniform,1,6.0,1.0
uniform,1,44.55333709716797,1.0
uniform,1,61.61980056762695,1.0
uniform,2,14.317821502685547,1.0
uniform,1,21.21320343017578,1.0
uniform,1,27.658634185791016,1.0
uniform,1,101.59724426269531,1.0
uniform,1,92.34716796875,1.0
boundary,5,13.0,1.0
boundary,3,5.099019527435303,1.0
boundary,3,43.104522705078125,1.0
boundary,5,0.0,0.5867768595041323
boundary,2,2.8284270763397217,0.7851239669421488
boundary,2,3.0,0.8181818181818182
boundary,5,26.476404190063477,1.0
boundary,5,1.0,0.6033057851239669
boundary,3,20.880613327026367,1.0
boundary,2,2.8284270763397217,0.9008264462809917
boundary,2,1.0,0.6198347107438017
boundary,3,8.0,1.0
boundary,3,41.19466018676758,1.0
boundary,3,69.00724792480469,1.0
boundary,3,3.605551242828369,0.9008264462809917
boundary,0,2.0,0.743801652892562
boundary,0,8.0,1.0
boundary,3,34.058773040771484,1.0
boundary,3,39.293766021728516,1.0
boundary,0,1.4142135381698608,0.5227272727272727
boundary,0,4.4721360206604,0.8939393939393939
boundary,0,24.0,1.0
boundary,3,13.0,1.0
boundary,0,8.9442720413208,1.0
boundary,0,8.0,1.0
boundary,2,0.0,0.5454545454545454
boundary,2,2.0,0.7272727272727273
boundary,2,6.0,1.0
boundary,0,1.0,0.6198347107438017
boundary,2,9.0,1.0
boundary,0,12.0,1.0
boundary,2,5.0,0.9586776859504132
boundary,0,8.062257766723633,1.0
boundary,5,6.0,1.0
boundary,5,14.0,1.0
boundary,5,4.242640495300293,0.9727272727272728
boundary,5,7.071067810058594,1.0
boundary,1,5.830951690673828,1.0
boundary,5,10.0,1.0
boundary,1,9.0,1.0
boundary,1,3.0,0.8099173553719008
boundary,1,2.8284270763397217,0.7355371900826446
boundary,1,6.0,1.0
boundary,1,27.0,1.0
boundary,5,4.0,0.8888888888888888
boundary,1,1.0,0.6528925619834711
boundary,1,51.244510650634766,1.0
boundary,1,43.0,1.0
boundary,1,26.68332862854004,1.0
boundary,2,2.2360680103302,0.7768595041322314
interior,3,112.75193786621094,1.0
interior,5,57.55866622924805,1.0
interior,5,48.166378021240234,1.0
interior,3,102.01960754394531,1.0
interior,3,101.00495147705078,1.0
interior,5,38.832977294921875,1.0
interior,2,2.8284270763397217,0.7851239669421488
interior,2,20.808652877807617,1.0
interior,5,21.587032318115234,1.0
interior,5,47.67599105834961,1.0
interior,5,47.26520919799805,1.0
interior,3,102.48902130126953,1.0
interior,3,101.0,1.0
interior,2,37.57658767700195,1.0
interior,5,38.20994567871094,1.0
interior,3,15.29705810546875,1.0
interior,2,14.866068840026855,1.0
interior,5,24.515300750732422,1.0
interior,2,21.21320343017578,1.0
interior,3,53.36665725708008,1.0
interior,3,61.400325775146484,1.0
interior,2,2.0,0.7520661157024794
interior,3,71.4212875366211,1.0
interior,3,54.037025451660156,1.0
interior,0,17.0,1.0
interior,0,26.0,1.0
interior,0,29.27456283569336,1.0
interior,0,32.0,1.0
interior,0,30.0,1.0
interior,0,31.0,1.0
interior,0,32.06243896484375,1.0
interior,0,33.0,1.0
interior,0,30.0,1.0
interior,0,13.0,1.0
interior,2,10.049875259399414,1.0
interior,2,18.0,1.0
interior,2,7.0,1.0
interior,5,12.369317054748535,1.0
interior,2,5.830951690673828,1.0
interior,5,6.7082037925720215,1.0
interior,1,52.15361785888672,1.0
interior,1,57.87054443359375,1.0
interior,1,81.09870910644531,1.0
interior,1,81.05553436279297,1.0
interior,1,85.21150207519531,1.0
interior,1,29.068883895874023,1.0
interior,1,99.2471694946289,1.0
interior,1,114.21470642089844,1.0
interior,1,114.07015228271484,1.0
interior,1,97.86214447021484,1.0
uniform,3,34.058773040771484,1.0
uniform,2,21.02379608154297,1.0
uniform,5,44.18144226074219,1.0
uniform,5,45.39823913574219,1.0
uniform,2,4.4721360206604,0.9669421487603306
uniform,3,55.10898208618164,1.0
uniform,3,35.510562896728516,1.0
uniform,3,2.0,0.743801652892562
uniform,5,22.0,1.0
uniform,2,26.248809814453125,1.0
uniform,3,84.64632415771484,1.0
uniform,2,20.248456954956055,1.0
uniform,2,20.615528106689453,1.0
uniform,5,0.0,0.5206611570247934
uniform,2,9.0,1.0
uniform,5,2.0,0.7272727272727273
uniform,2,6.7082037925720215,1.0
uniform,3,53.46026611328125,1.0
uniform,0,0.0,0.5454545454545454
uniform,3,10.198039054870605,1.0
uniform,0,12.041594505310059,1.0
uniform,0,14.0,1.0
uniform,3,50.91168975830078,1.0
uniform,3,45.694637298583984,1.0
uniform,0,15.0,1.0
uniform,0,23.0,1.0
uniform,0,2.0,0.8099173553719008
uniform,0,0.0,0.5867768595041323
uniform,0,18.0,1.0
uniform,3,16.76305389404297,1.0
uniform,0,14.0,1.0
uniform,0,9.0,1.0
uniform,2,7.0,1.0
uniform,2,4.0,0.9504132231404959
uniform,5,4.4721360206604,0.9504132231404959
uniform,5,8.062257766723633,1.0
uniform,5,6.0,1.0
uniform,5,3.0,0.7603305785123967
uniform,2,11.0,1.0
uniform,5,0.0,0.5454545454545454
uniform,1,5.0,1.0
uniform,1,33.95585250854492,1.0
uniform,1,13.928388595581055,1.0
uniform,1,31.78049659729004,1.0
uniform,1,31.0,1.0
uniform,1,50.35871505737305,1.0
uniform,1,38.01315689086914,1.0
uniform,1,77.6208724975586,1.0
uniform,1,85.14693450927734,1.0
uniform,1,117.42657470703125,1.0
boundary,3,4.0,0.9421487603305785
boundary,2,10.198039054870605,1.0
boundary,5,35.693138122558594,1.0
boundary,5,7.6157732009887695,1.0
boundary,5,2.8284270763397217,0.7851239669421488
boundary,3,14.142135620117188,1.0
boundary,2,0.0,0.5454545454545454
boundary,5,10.440306663513184,1.0
boundary,5,8.9442720413208,1.0
boundary,5,11.045360565185547,1.0
boundary,3,33.52610778808594,1.0
boundary,2,7.280109882354736,1.0
boundary,2,12.0,1.0
boundary,2,4.123105525970459,0.9586776859504132
boundary,2,7.280109882354736,1.0
boundary,2,0.0,0.5206611570247934
boundary,2,3.0,0.8181818181818182
boundary,3,65.0691909790039,1.0
boundary,0,2.0,0.7727272727272727
boundary,0,5.0,0.9752066115702479
boundary,0,7.0,1.0
boundary,3,31.827661514282227,1.0
boundary,3,15.132745742797852,1.0
boundary,3,30.4138126373291,1.0
boundary,3,30.4138126373291,1.0
boundary,0,2.0,0.8099173553719008
boundary,0,14.0,1.0
boundary,3,5.0,0.9752066115702479
boundary,0,14.0,1.0
boundary,0,8.0,1.0
boundary,3,2.0,0.7107438016528925
boundary,0,2.0,0.768595041322314
boundary,2,7.0,1.0
boundary,0,0.0,0.4297520661157025
boundary,0,1.0,0.6611570247933884
boundary,5,8.062257766723633,1.0
boundary,5,2.0,0.7520661157024794
boundary,5,0.0,0.5785123966942148
boundary,1,5.0,0.9834710743801653
boundary,1,0.0,0.5206611570247934
boundary,1,6.0,1.0
boundary,1,13.0,1.0
boundary,2,1.0,0.6198347107438017
boundary,1,16.492422103881836,1.0
boundary,1,34.65544509887695,1.0
boundary,1,9.0,1.0
boundary,1,1.0,0.6198347107438017
boundary,5,4.123105525970459,0.9242424242424242
boundary,1,34.01470184326172,1.0
boundary,1,33.52610778808594,1.0
interior,5,50.0,1.0
interior,5,58.0,1.0
interior,3,111.0,1.0
interior,5,56.00892639160156,1.0
interior,3,106.23088073730469,1.0
interior,2,35.12833786010742,1.0
interior,5,55.081756591796875,1.0
interior,2,41.59326934814453,1.0
interior,2,19.697715759277344,1.0
interior,3,103.48429870605469,1.0
interior,3,91.0,1.0
interior,3,91.0,1.0
interior,3,100.40418243408203,1.0
interior,2,28.301942825317383,1.0
interior,3,88.0511245727539,1.0
interior,2,25.298221588134766,1.0
interior,2,37.947330474853516,1.0
interior,5,36.49657440185547,1.0
interior,2,41.9761848449707,1.0
interior,5,28.160255432128906,1.0
interior,2,35.902645111083984,1.0
interior,5,15.132745742797852,1.0
interior,3,81.60882568359375,1.0
interior,5,19.235383987426758,1.0
interior,2,22.135944366455078,1.0
interior,3,64.0078125,1.0
interior,0,29.27456283569336,1.0
interior,0,33.95585250854492,1.0
interior,0,33.0,1.0
interior,0,32.140316009521484,1.0
interior,0,31.0,1.0
interior,3,15.29705810546875,1.0
interior,0,5.830951690673828,1.0
interior,0,9.219544410705566,1.0
interior,0,7.211102485656738,1.0
interior,0,24.351591110229492,1.0
interior,0,15.81138801574707,1.0
interior,5,7.6157732009887695,1.0
interior,5,12.206555366516113,1.0
interior,1,25.0,1.0
interior,1,35.693138122558594,1.0
interior,1,29.42787742614746,1.0
interior,1,65.0076904296875,1.0
interior,1,49.648765563964844,1.0
interior,1,103.46980285644531,1.0
interior,1,4.123105525970459,0.987012987012987
interior,2,6.324555397033691,1.0
interior,1,3.0,0.8429752066115702
interior,1,113.44161224365234,1.0
interior,1,78.0,1.0
uniform,1,136.41847229003906,1.0
uniform,1,170.2057647705078,1.0
uniform,1,101.19288635253906,1.0
uniform,1,39.59798049926758,1.0
uniform,1,138.75157165527344,1.0
uniform,1,2.8284270763397217,0.8016528925619835
uniform,1,87.80091094970703,1.0
uniform,1,48.764739990234375,1.0
uniform,2,4.4721360206604,0.9586776859504132
uniform,2,2.0,0.743801652892562
uniform,1,16.492422103881836,1.0
uniform,1,2.2360680103302,0.7768595041322314
uniform,0,1.0,0.6198347107438017
uniform,0,19.84943389892578,1.0
uniform,2,13.928388595581055,1.0
uniform,0,17.464248657226562,1.0
uniform,2,10.198039054870605,1.0
uniform,0,1.0,0.6446280991735537
uniform,0,11.045360565185547,1.0
uniform,2,32.015621185302734,1.0
uniform,2,1.4142135381698608,0.6942148760330579
uniform,0,2.0,0.7107438016528925
uniform,2,4.0,0.9090909090909091
uniform,2,27.20294189453125,1.0
uniform,2,8.062257766723633,1.0
uniform,0,5.099019527435303,0.9917355371900827
uniform,0,8.0,1.0
uniform,3,2.0,0.768595041322314
uniform,3,4.0,0.9256198347107438
uniform,3,3.1622776985168457,0.8760330578512396
uniform,0,19.235383987426758,1.0
uniform,3,8.246211051940918,1.0
uniform,3,7.211102485656738,1.0
uniform,3,1.0,0.6611570247933884
uniform,3,3.1622776985168457,0.859504132231405
uniform,3,13.601470947265625,1.0
uniform,2,4.123105525970459,0.9318181818181818
uniform,0,2.0,0.7954545454545454
uniform,3,13.601470947265625,1.0
uniform,3,21.840330123901367,1.0
boundary,1,56.080299377441406,1.0
boundary,1,68.26419067382812,1.0
boundary,1,75.18643188476562,1.0
boundary,2,2.8284270763397217,0.8016528925619835
boundary,1,30.364452362060547,1.0
boundary,1,8.062257766723633,1.0
boundary,1,44.9110221862793,1.0
boundary,2,0.0,0.5206611570247934
boundary,2,0.0,0.5619834710743802
boundary,0,14.866068840026855,1.0
boundary,1,22.803508758544922,1.0
boundary,0,13.0,1.0
boundary,0,1.4142135381698608,0.7024793388429752
boundary,0,5.0,0.9752066115702479
boundary,1,2.2360680103302,0.8264462809917356
boundary,0,11.401754379272461,1.0
boundary,2,3.1622776985168457,0.8677685950413223
boundary,0,10.770329475402832,1.0
boundary,1,34.20526123046875,1.0
boundary,0,6.324555397033691,1.0
boundary,2,1.0,0.6776859504132231
boundary,0,3.0,0.8264462809917356
boundary,1,4.4721360206604,0.9504132231404959
boundary,2,8.062257766723633,1.0
boundary,0,1.0,0.6198347107438017
boundary,2,2.8284270763397217,0.8181818181818182
boundary,0,4.123105525970459,0.9504132231404959
boundary,3,0.0,0.5041322314049587
boundary,3,5.099019527435303,0.9834710743801653
boundary,2,5.0,0.9752066115702479
boundary,2,7.6157732009887695,1.0
boundary,3,1.0,0.6694214876033058
boundary,3,10.29563045501709,1.0
boundary,3,0.0,0.5619834710743802
boundary,3,2.2360680103302,0.7933884297520661
boundary,3,15.231546401977539,1.0
boundary,3,7.071067810058594,1.0
boundary,3,2.8284270763397217,0.7613636363636364
boundary,3,5.385164737701416,0.9696969696969697
boundary,2,10.440306663513184,1.0
interior,1,143.26548767089844,1.0
interior,1,154.3243408203125,1.0
interior,1,125.0,1.0
interior,1,110.86027526855469,1.0
interior,1,113.05308532714844,1.0
interior,1,123.4544448852539,1.0
interior,1,57.48912811279297,1.0
interior,2,6.082762718200684,1.0
interior,1,67.72000885009766,1.0
interior,2,5.830951690673828,1.0
interior,1,1.4142135381698608,0.7024793388429752
interior,1,13.34166431427002,1.0
interior,0,15.81138801574707,1.0
interior,0,17.464248657226562,1.0
interior,0,9.219544410705566,1.0
interior,0,14.866068840026855,1.0
interior,0,13.0,1.0
interior,0,17.72004508972168,1.0
interior,2,17.464248657226562,1.0
interior,2,24.041629791259766,1.0
interior,2,25.70992088317871,1.0
interior,2,28.635643005371094,1.0
interior,2,37.85498809814453,1.0
interior,2,25.298221588134766,1.0
interior,0,24.351591110229492,1.0
interior,3,7.280109882354736,1.0
interior,0,22.803508758544922,1.0
interior,3,1.0,0.5950413223140496
interior,2,16.492422103881836,1.0
interior,2,15.29705810546875,1.0
interior,3,13.416407585144043,1.0
interior,3,9.433980941772461,1.0
interior,0,24.041629791259766,1.0
interior,3,11.401754379272461,1.0
interior,0,28.460498809814453,1.0
interior,3,17.464248657226562,1.0
interior,3,19.646883010864258,1.0
interior,3,24.351591110229492,1.0
interior,3,13.416407585144043,1.0
interior,3,8.062257766723633,1.0
uniform,1,102.62553405761719,1.0
uniform,1,146.99659729003906,1.0
uniform,1,148.7615509033203,1.0
uniform,1,107.85638427734375,1.0
uniform,2,0.0,0.5289256198347108
uniform,1,96.4624252319336,1.0
uniform,1,42.72002029418945,1.0
uniform,1,22.135944366455078,1.0
uniform,1,3.0,0.8429752066115702
uniform,2,6.082762718200684,1.0
uniform,1,33.241539001464844,1.0
uniform,0,5.385164737701416,0.9917355371900827
uniform,0,1.0,0.6198347107438017
uniform,0,5.0,0.9834710743801653
uniform,0,5.099019527435303,0.9917355371900827
uniform,0,4.0,0.9338842975206612
uniform,1,21.0,1.0
uniform,0,11.704699516296387,1.0
uniform,2,2.8284270763397217,0.8099173553719008
uniform,0,9.848857879638672,1.0
uniform,2,8.9442720413208,1.0
uniform,0,4.123105525970459,0.9338842975206612
uniform,0,3.1622776985168457,0.8760330578512396
uniform,2,2.2360680103302,0.71900826446281
uniform,2,11.180339813232422,1.0
uniform,3,2.8284270763397217,0.8264462809917356
uniform,2,5.0,0.9752066115702479
uniform,3,3.605551242828369,0.9008264462809917
uniform,3,3.0,0.8429752066115702
uniform,3,1.0,0.6363636363636364
uniform,3,2.0,0.7272727272727273
uniform,2,29.96664810180664,1.0
uniform,3,2.8284270763397217,0.8181818181818182
uniform,3,13.0,1.0
uniform,3,11.661903381347656,1.0
uniform,2,17.0,1.0
uniform,0,17.0880069732666,1.0
uniform,2,14.03566837310791,1.0
uniform,3,15.81138801574707,1.0
uniform,3,17.72004508972168,1.0
boundary,1,51.0,1.0
boundary,2,0.0,0.21212121212121213
boundary,2,1.0,0.4772727272727273
boundary,1,29.4108829498291,1.0
boundary,1,99.68952178955078,1.0
boundary,1,55.02726745605469,1.0
boundary,2,10.049875259399414,1.0
boundary,1,43.17406463623047,1.0
boundary,2,10.440306663513184,1.0
boundary,1,43.17406463623047,1.0
boundary,2,6.324555397033691,1.0
boundary,0,3.605551242828369,0.8925619834710744
boundary,0,2.8284270763397217,0.8181818181818182
boundary,1,19.92485809326172,1.0
boundary,0,13.928388595581055,1.0
boundary,0,0.0,0.5371900826446281
boundary,2,10.198039054870605,1.0
boundary,0,3.1622776985168457,0.8760330578512396
boundary,1,1.0,0.6033057851239669
boundary,2,0.0,0.5371900826446281
boundary,0,4.4721360206604,0.9669421487603306
boundary,1,17.8885440826416,1.0
boundary,0,1.0,0.6363636363636364
boundary,0,0.0,0.5785123966942148
boundary,2,11.401754379272461,1.0
boundary,1,0.0,0.512396694214876
boundary,0,2.2360680103302,0.7851239669421488
boundary,3,1.0,0.6033057851239669
boundary,3,0.0,0.5289256198347108
boundary,3,4.123105525970459,0.9421487603305785
boundary,3,3.1622776985168457,0.859504132231405
boundary,3,3.1622776985168457,0.8760330578512396
boundary,2,7.6157732009887695,1.0
boundary,3,2.8284270763397217,0.8264462809917356
boundary,3,7.6157732009887695,1.0
boundary,0,5.099019527435303,0.9917355371900827
boundary,2,7.6157732009887695,1.0
boundary,3,2.8284270763397217,0.8347107438016529
boundary,3,21.095022201538086,1.0
boundary,3,3.605551242828369,0.803030303030303
interior,1,179.53550720214844,1.0
interior,1,172.12205505371094,1.0
interior,1,168.57342529296875,1.0
interior,1,164.4384307861328,1.0
interior,1,145.78408813476562,1.0
interior,1,145.33065795898438,1.0
interior,1,145.04136657714844,1.0
interior,1,122.97154235839844,1.0
interior,1,117.15374755859375,1.0
interior,1,94.64142608642578,1.0
interior,2,9.219544410705566,1.0
interior,0,0.0,0.5206611570247934
interior,0,16.492422103881836,1.0
interior,2,15.231546401977539,1.0
interior,0,3.0,0.8264462809917356
interior,0,18.973665237426758,1.0
interior,0,5.385164737701416,0.9917355371900827
interior,0,10.440306663513184,1.0
interior,2,23.53720474243164,1.0
interior,2,18.973665237426758,1.0
interior,2,25.961509704589844,1.0
interior,0,16.492422103881836,1.0
interior,0,19.646883010864258,1.0
interior,2,28.861740112304688,1.0
interior,0,5.0,0.9752066115702479
interior,2,12.0,1.0
interior,3,15.81138801574707,1.0
interior,3,15.81138801574707,1.0
interior,2,39.81205749511719,1.0
interior,2,27.20294189453125,1.0
interior,3,15.620499610900879,1.0
interior,2,38.05259704589844,1.0
interior,3,3.1622776985168457,0.8636363636363636
interior,0,18.681541442871094,1.0
interior,3,21.540658950805664,1.0
interior,3,20.0,1.0
interior,3,19.697715759277344,1.0
interior,3,17.72004508972168,1.0
interior,3,25.298221588134766,1.0
interior,3,24.166091918945312,1.0
uniform,1,180.2359619140625,1.0
uniform,1,169.0976104736328,1.0
uniform,1,126.81088256835938,1.0
uniform,1,160.72335815429688,1.0
uniform,1,147.1223907470703,1.0
uniform,1,98.67117309570312,1.0
uniform,1,87.80091094970703,1.0
uniform,1,65.25334930419922,1.0
uniform,1,44.92215347290039,1.0
uniform,0,13.0,1.0
uniform,0,16.492422103881836,1.0
uniform,0,14.866068840026855,1.0
uniform,0,17.0880069732666,1.0
uniform,2,14.866068840026855,1.0
uniform,0,6.0,1.0
uniform,0,19.416488647460938,1.0
uniform,0,1.0,0.6033057851239669
uniform,0,2.0,0.71900826446281
uniform,2,2.0,0.7603305785123967
uniform,0,15.231546401977539,1.0
uniform,1,6.0,1.0
uniform,2,13.152946472167969,1.0
uniform,2,32.75667953491211,1.0
uniform,0,3.0,0.8512396694214877
uniform,2,6.7082037925720215,1.0
uniform,2,1.0,0.6694214876033058
uniform,2,15.29705810546875,1.0
uniform,2,3.605551242828369,0.9008264462809917
uniform,3,0.0,0.5785123966942148
uniform,3,5.830951690673828,0.9917355371900827
uniform,3,5.0,0.9669421487603306
uniform,2,3.0,0.8264462809917356
uniform,3,0.0,0.5619834710743802
uniform,3,1.0,0.6528925619834711
uniform,3,11.661903381347656,1.0
uniform,2,6.7082037925720215,1.0
uniform,3,14.142135620117188,1.0
uniform,3,22.847318649291992,1.0
uniform,3,13.601470947265625,1.0
uniform,3,2.2360680103302,0.6883116883116883
boundary,1,34.928497314453125,1.0
boundary,1,83.93450164794922,1.0
boundary,2,3.1622776985168457,0.8842975206611571
boundary,1,0.0,0.5619834710743802
boundary,1,40.024993896484375,1.0
boundary,1,26.68332862854004,1.0
boundary,1,29.832868576049805,1.0
boundary,1,3.0,0.8347107438016529
boundary,1,41.761226654052734,1.0
boundary,0,7.0,1.0
boundary,0,1.0,0.6446280991735537
boundary,1,3.0,0.859504132231405
boundary,0,10.049875259399414,1.0
boundary,0,2.8284270763397217,0.7933884297520661
boundary,2,14.317821502685547,1.0
boundary,0,3.0,0.8512396694214877
boundary,2,1.4142135381698608,0.6942148760330579
boundary,2,10.198039054870605,1.0
boundary,0,6.324555397033691,1.0
boundary,0,4.123105525970459,0.9421487603305785
boundary,2,0.0,0.512396694214876
boundary,2,7.280109882354736,1.0
boundary,1,4.0,0.9256198347107438
boundary,2,0.0,0.5619834710743802
boundary,3,1.0,0.5702479338842975
boundary,2,6.082762718200684,1.0
boundary,3,1.0,0.6198347107438017
boundary,0,2.0,0.7603305785123967
boundary,2,2.0,0.7603305785123967
boundary,3,1.0,0.6446280991735537
boundary,3,1.4142135381698608,0.7024793388429752
boundary,2,7.6157732009887695,1.0
boundary,3,0.0,0.512396694214876
boundary,3,2.0,0.7603305785123967
boundary,3,3.1622776985168457,0.8760330578512396
boundary,0,3.605551242828369,0.9090909090909091
boundary,0,0.0,0.5867768595041323
boundary,3,11.180339813232422,1.0
boundary,3,9.486832618713379,1.0
boundary,3,3.0,0.8181818181818182
interior,1,182.78402709960938,1.0
interior,1,149.77650451660156,1.0
interior,1,171.16366577148438,1.0
interior,1,124.42668151855469,1.0
interior,1,112.27198791503906,1.0
interior,1,106.60675048828125,1.0
interior,1,51.244510650634766,1.0
interior,1,95.07891082763672,1.0
interior,1,99.20181274414062,1.0
interior,2,10.440306663513184,1.0
interior,1,9.486832618713379,1.0
interior,0,4.123105525970459,0.9504132231404959
interior,0,9.0,1.0
interior,0,16.124515533447266,1.0
interior,0,16.492422103881836,1.0
interior,0,20.615528106689453,1.0
interior,0,17.8885440826416,1.0
interior,0,17.262676239013672,1.0
interior,0,9.05538558959961,1.0
interior,2,17.262676239013672,1.0
interior,2,40.804412841796875,1.0
interior,2,37.36308288574219,1.0
interior,2,21.587032318115234,1.0
interior,2,13.928388595581055,1.0
interior,2,26.4007568359375,1.0
interior,2,38.327537536621094,1.0
interior,0,17.72004508972168,1.0
interior,3,12.083045959472656,1.0
interior,3,13.892443656921387,1.0
interior,3,14.317821502685547,1.0
interior,3,14.317821502685547,1.0
interior,0,26.68332862854004,1.0
interior,2,28.861740112304688,1.0
interior,3,15.81138801574707,1.0
interior,3,8.9442720413208,1.0
interior,3,18.357559204101562,1.0
interior,3,18.681541442871094,1.0
interior,3,19.235383987426758,1.0
interior,3,21.095022201538086,1.0
interior,2,39.0,1.0
uniform,1,137.8187255859375,1.0
uniform,1,82.2800064086914,1.0
uniform,1,114.72576141357422,1.0
uniform,2,0.0,0.4727272727272727
uniform,1,99.6242904663086,1.0
uniform,1,11.045360565185547,1.0
uniform,1,75.0,1.0
uniform,2,17.72004508972168,1.0
uniform,1,34.1760139465332,1.0
uniform,1,45.31004333496094,1.0
uniform,0,6.0,1.0
uniform,0,8.062257766723633,1.0
uniform,0,9.05538558959961,1.0
uniform,0,11.180339813232422,1.0
uniform,0,11.045360565185547,1.0
uniform,2,3.1622776985168457,0.8677685950413223
uniform,1,11.045360565185547,1.0
uniform,1,16.76305389404297,1.0
uniform,0,1.0,0.5950413223140496
uniform,2,9.486832618713379,1.0
uniform,0,14.317821502685547,1.0
uniform,0,5.0,0.9752066115702479
uniform,0,14.317821502685547,1.0
uniform,2,0.0,0.512396694214876
uniform,3,0.0,0.5041322314049587
uniform,2,2.0,0.7355371900826446
uniform,2,3.1622776985168457,0.8842975206611571
uniform,3,2.0,0.7272727272727273
uniform,0,6.0,1.0
uniform,2,16.124515533447266,1.0
uniform,3,1.0,0.5950413223140496
uniform,2,22.203603744506836,1.0
uniform,3,7.211102485656738,1.0
uniform,3,1.0,0.6363636363636364
uniform,3,5.0,0.9669421487603306
uniform,2,5.385164737701416,0.9752066115702479
uniform,3,14.866068840026855,1.0
uniform,3,8.246211051940918,1.0
uniform,3,23.323806762695312,1.0
uniform,3,16.155494689941406,1.0
boundary,1,12.369317054748535,1.0
boundary,1,39.84971618652344,1.0
boundary,2,1.0,0.6611570247933884
boundary,1,54.120235443115234,1.0
boundary,1,53.16013717651367,1.0
boundary,2,0.0,0.5454545454545454
boundary,2,5.830951690673828,1.0
boundary,1,27.85677719116211,1.0
boundary,2,18.11077117919922,1.0
boundary,0,11.045360565185547,1.0
boundary,1,21.540658950805664,1.0
boundary,1,20.2237491607666,1.0
boundary,1,21.095022201538086,1.0
boundary,2,3.1622776985168457,0.8760330578512396
boundary,0,13.601470947265625,1.0
boundary,1,10.770329475402832,1.0
boundary,0,0.0,0.5537190082644629
boundary,1,35.0,1.0
boundary,0,0.0,0.5454545454545454
boundary,0,2.2360680103302,0.8842975206611571
boundary,0,11.045360565185547,1.0
boundary,2,3.0,0.8512396694214877
boundary,2,5.385164737701416,1.0
boundary,0,1.4142135381698608,0.6859504132231405
boundary,0,0.0,0.5785123966942148
boundary,2,9.05538558959961,1.0
boundary,2,3.0,0.859504132231405
boundary,0,4.0,0.9338842975206612
boundary,3,1.0,0.6033057851239669
boundary,3,0.0,0.5454545454545454
boundary,2,4.0,0.9256198347107438
boundary,3,1.4142135381698608,0.6859504132231405
boundary,3,0.0,0.5537190082644629
boundary,3,1.0,0.6611570247933884
boundary,3,13.416407585144043,1.0
boundary,3,10.440306663513184,1.0
boundary,3,5.099019527435303,0.9834710743801653
boundary,3,9.219544410705566,1.0
boundary,3,0.0,0.4393939393939394
boundary,0,3.0,0.7878787878787878
interior,1,167.2871856689453,1.0
interior,1,165.33905029296875,1.0
interior,1,184.76470947265625,1.0
interior,1,157.41029357910156,1.0
interior,1,158.61903381347656,1.0
interior,1,122.71104431152344,1.0
interior,1,122.7232666015625,1.0
interior,1,127.09445190429688,1.0
interior,1,120.50311279296875,1.0
interior,2,14.317821502685547,1.0
interior,2,17.0880069732666,1.0
interior,1,15.81138801574707,1.0
interior,0,18.027755737304688,1.0
interior,0,16.492422103881836,1.0
interior,0,16.76305389404297,1.0
interior,0,12.041594505310059,1.0
interior,0,14.422204971313477,1.0
interior,0,8.062257766723633,1.0
interior,2,19.92485809326172,1.0
interior,0,1.0,0.4297520661157025
interior,0,3.0,0.8264462809917356
interior,2,32.98484420776367,1.0
interior,2,34.20526123046875,1.0
interior,2,27.459060668945312,1.0
interior,0,10.440306663513184,1.0
interior,2,33.37664031982422,1.0
interior,3,9.486832618713379,1.0
interior,2,25.0,1.0
interior,3,11.661903381347656,1.0
interior,3,5.0,0.9669421487603306
interior,2,20.615528106689453,1.0
interior,3,6.082762718200684,1.0
interior,3,6.7082037925720215,1.0
interior,2,8.9442720413208,1.0
interior,0,27.20294189453125,1.0
interior,3,20.248456954956055,1.0
interior,3,2.0,0.6767676767676768
interior,3,23.0867919921875,1.0
interior,3,18.867961883544922,1.0
interior,3,4.4721360206604,0.8939393939393939
uniform,1,148.7615509033203,1.0
uniform,1,63.89052963256836,1.0
uniform,1,57.245086669921875,1.0
uniform,1,140.9184112548828,1.0
uniform,1,93.00537872314453,1.0
uniform,1,78.10249328613281,1.0
uniform,1,10.770329475402832,1.0
uniform,1,101.39033508300781,1.0
uniform,2,6.324555397033691,1.0
uniform,2,10.198039054870605,1.0
uniform,1,26.62705421447754,1.0
uniform,1,12.369317054748535,1.0
uniform,0,18.027755737304688,1.0
uniform,0,9.486832618713379,1.0
uniform,0,10.770329475402832,1.0
uniform,0,2.0,0.71900826446281
uniform,0,2.8284270763397217,0.8016528925619835
uniform,2,0.0,0.5537190082644629
uniform,0,2.8284270763397217,0.8181818181818182
uniform,2,11.180339813232422,1.0
uniform,0,11.704699516296387,1.0
uniform,0,9.848857879638672,1.0
uniform,0,11.0,1.0
uniform,2,7.6157732009887695,1.0
uniform,2,16.155494689941406,1.0
uniform,2,16.492422103881836,1.0
uniform,2,4.4721360206604,0.9586776859504132
uniform,2,5.385164737701416,0.9917355371900827
uniform,2,31.320919036865234,1.0
uniform,3,1.0,0.6115702479338843
uniform,3,8.062257766723633,1.0
uniform,3,3.0,0.8429752066115702
uniform,3,6.324555397033691,1.0
uniform,3,9.848857879638672,1.0
uniform,0,10.770329475402832,1.0
uniform,3,9.848857879638672,1.0
uniform,3,16.552946090698242,1.0
uniform,3,14.866068840026855,1.0
uniform,3,15.81138801574707,1.0
uniform,3,18.384777069091797,1.0
boundary,1,75.66372680664062,1.0
boundary,1,98.49365234375,1.0
boundary,1,24.0,1.0
boundary,1,57.9741325378418,1.0
boundary,1,32.557640075683594,1.0
boundary,2,2.8284270763397217,0.8016528925619835
boundary,1,36.400550842285156,1.0
boundary,0,1.0,0.6611570247933884
boundary,1,31.048349380493164,1.0
boundary,1,36.400550842285156,1.0
boundary,2,6.4031243324279785,1.0
boundary,2,6.4031243324279785,0.9917355371900827
boundary,1,18.027755737304688,1.0
boundary,0,4.123105525970459,0.9504132231404959
boundary,1,29.4108829498291,1.0
boundary,0,1.0,0.6545454545454545
boundary,0,13.34166431427002,1.0
boundary,2,10.198039054870605,1.0
boundary,0,1.0,0.6694214876033058
boundary,0,1.0,0.6033057851239669
boundary,2,14.317821502685547,1.0
boundary,0,6.082762718200684,1.0
boundary,0,4.0,0.9256198347107438
boundary,0,3.0,0.8429752066115702
boundary,2,4.0,0.9173553719008265
boundary,3,0.0,0.49586776859504134
boundary,2,6.324555397033691,1.0
boundary,2,3.1622776985168457,0.8925619834710744
boundary,3,5.830951690673828,1.0
boundary,3,2.0,0.7355371900826446
boundary,3,2.0,0.768595041322314
boundary,3,0.0,0.512396694214876
boundary,3,0.0,0.5785123966942148
boundary,0,14.866068840026855,1.0
boundary,3,12.369317054748535,1.0
boundary,3,2.0,0.7272727272727273
boundary,3,0.0,0.5041322314049587
boundary,3,1.0,0.6776859504132231
boundary,2,7.6157732009887695,1.0
boundary,2,7.0,1.0
interior,1,173.9022674560547,1.0
interior,1,172.69915771484375,1.0
interior,1,176.08236694335938,1.0
interior,1,179.621826171875,1.0
interior,1,154.53802490234375,1.0
interior,1,151.5849609375,1.0
interior,1,101.92153930664062,1.0
interior,1,46.81879806518555,1.0
interior,1,87.09190368652344,1.0
interior,0,17.72004508972168,1.0
interior,0,14.560219764709473,1.0
interior,0,19.92485809326172,1.0
interior,0,9.848857879638672,1.0
interior,0,5.099019527435303,0.9917355371900827
interior,0,8.9442720413208,1.0
interior,2,9.219544410705566,1.0
interior,2,32.557640075683594,1.0
interior,2,0.0,0.5702479338842975
interior,1,9.848857879638672,1.0
interior,2,44.384681701660156,1.0
interior,0,21.540658950805664,1.0
interior,2,21.587032318115234,1.0
interior,3,0.0,0.5041322314049587
interior,2,20.124610900878906,1.0
interior,2,24.515300750732422,1.0
interior,2,32.893768310546875,1.0
interior,2,27.892650604248047,1.0
interior,3,8.5440034866333,1.0
interior,2,33.52610778808594,1.0
interior,3,12.649110794067383,1.0
interior,3,16.552946090698242,1.0
interior,0,25.961509704589844,1.0
interior,3,13.152946472167969,1.0
interior,0,26.925823211669922,1.0
interior,0,18.681541442871094,1.0
interior,3,19.313207626342773,1.0
interior,3,2.2360680103302,0.7045454545454546
interior,3,21.189620971679688,1.0
interior,3,24.698177337646484,1.0
interior,3,18.027755737304688,1.0
uniform,2,47.434165954589844,1.0
uniform,2,74.3303451538086,1.0
uniform,2,61.6846809387207,1.0
uniform,2,69.57010650634766,1.0
uniform,2,30.08321762084961,1.0
uniform,0,36.400550842285156,1.0
uniform,0,7.6157732009887695,1.0
uniform,0,34.1760139465332,1.0
uniform,0,20.880613327026367,1.0
uniform,0,50.28916549682617,1.0
uniform,0,17.464248657226562,1.0
uniform,4,6.324555397033691,1.0
uniform,4,5.830951690673828,1.0
uniform,0,22.360679626464844,1.0
uniform,4,4.123105525970459,0.9421487603305785
uniform,0,0.0,0.512396694214876
uniform,2,36.055511474609375,1.0
uniform,0,3.605551242828369,0.8925619834710744
uniform,4,0.0,0.5454545454545454
uniform,4,9.0,1.0
uniform,0,1.0,0.6694214876033058
uniform,2,4.123105525970459,0.9421487603305785
uniform,4,7.6157732009887695,1.0
uniform,4,9.848857879638672,1.0
uniform,2,47.29693603515625,1.0
uniform,2,64.51356506347656,1.0
uniform,4,8.9442720413208,1.0
uniform,2,41.1096076965332,1.0
uniform,4,13.928388595581055,1.0
uniform,4,7.0,1.0
boundary,0,3.1622776985168457,0.8760330578512396
boundary,0,5.099019527435303,0.9834710743801653
boundary,2,1.0,0.6033057851239669
boundary,2,23.76972770690918,1.0
boundary,2,32.893768310546875,1.0
boundary,0,0.0,0.5785123966942148
boundary,2,3.1622776985168457,0.8760330578512396
boundary,0,7.071067810058594,1.0
boundary,0,58.8217658996582,1.0
boundary,0,8.0,1.0
boundary,0,2.8284270763397217,0.859504132231405
boundary,4,1.0,0.6363636363636364
boundary,0,2.2360680103302,0.7768595041322314
boundary,2,2.2360680103302,0.7851239669421488
boundary,4,1.0,0.6115702479338843
boundary,2,11.704699516296387,1.0
boundary,4,5.830951690673828,0.9917355371900827
boundary,4,4.4721360206604,0.9586776859504132
boundary,4,5.0,1.0
boundary,2,48.383880615234375,1.0
boundary,4,0.0,0.49586776859504134
boundary,0,1.0,0.7024793388429752
boundary,2,25.298221588134766,1.0
boundary,4,5.385164737701416,0.9917355371900827
boundary,4,4.0,0.9173553719008265
boundary,4,0.0,0.5785123966942148
boundary,2,3.605551242828369,0.9008264462809917
boundary,2,44.14748001098633,1.0
boundary,0,2.0,0.7272727272727273
boundary,4,2.2360680103302,0.7851239669421488
interior,2,106.56922912597656,1.0
interior,2,110.05453491210938,1.0
interior,2,102.14205932617188,1.0
interior,2,105.6219711303711,1.0
interior,2,23.409399032592773,1.0
interior,2,79.05693817138672,1.0
interior,2,73.37574768066406,1.0
interior,2,49.33558654785156,1.0
interior,0,41.761226654052734,1.0
interior,0,22.0,1.0
interior,0,59.13543701171875,1.0
interior,0,59.46427536010742,1.0
interior,0,50.9215087890625,1.0
interior,0,52.49761962890625,1.0
interior,0,53.45091247558594,1.0
interior,0,50.21951675415039,1.0
interior,0,49.39635467529297,1.0
interior,4,15.524174690246582,1.0
interior,4,15.231546401977539,1.0
interior,4,13.928388595581055,1.0
interior,4,7.071067810058594,1.0
interior,4,8.062257766723633,1.0
interior,4,11.401754379272461,1.0
interior,4,13.45362377166748,1.0
interior,2,13.601470947265625,1.0
interior,4,13.152946472167969,1.0
interior,4,10.049875259399414,1.0
interior,0,1.4142135381698608,0.6942148760330579
interior,4,13.0,1.0
interior,2,2.8284270763397217,0.8181818181818182
uniform,2,66.73080444335938,1.0
uniform,2,100.5683822631836,1.0
uniform,0,0.0,0.5785123966942148
uniform,0,8.062257766723633,1.0
uniform,2,32.572994232177734,1.0
uniform,2,44.59820556640625,1.0
uniform,2,24.698177337646484,1.0
uniform,2,1.0,0.6363636363636364
uniform,0,26.570659637451172,1.0
uniform,0,35.11410140991211,1.0
uniform,0,43.17406463623047,1.0
uniform,0,22.847318649291992,1.0
uniform,0,43.65776062011719,1.0
uniform,0,32.4499626159668,1.0
uniform,4,13.601470947265625,1.0
uniform,2,2.8284270763397217,0.8264462809917356
uniform,4,11.401754379272461,1.0
uniform,0,1.0,0.6694214876033058
uniform,4,13.34166431427002,1.0
uniform,4,7.280109882354736,1.0
uniform,0,10.29563045501709,1.0
uniform,4,5.385164737701416,0.9834710743801653
uniform,2,52.201534271240234,1.0
uniform,4,4.0,0.9173553719008265
uniform,4,5.0,0.9752066115702479
uniform,4,3.605551242828369,0.9008264462809917
uniform,2,12.649110794067383,1.0
uniform,2,30.675724029541016,1.0
uniform,4,13.928388595581055,1.0
uniform,4,3.605551242828369,0.9090909090909091
boundary,2,15.231546401977539,1.0
boundary,2,28.160255432128906,1.0
boundary,2,26.570659637451172,1.0
boundary,0,3.605551242828369,0.9008264462809917
boundary,0,25.298221588134766,1.0
boundary,2,2.0,0.7355371900826446
boundary,0,16.124515533447266,1.0
boundary,2,3.605551242828369,0.9008264462809917
boundary,0,4.123105525970459,0.9421487603305785
boundary,0,19.0,1.0
boundary,0,9.0,1.0
boundary,0,9.486832618713379,1.0
boundary,0,37.336307525634766,1.0
boundary,4,0.0,0.4462809917355372
boundary,4,0.0,0.5289256198347108
boundary,0,10.440306663513184,1.0
boundary,2,6.324555397033691,1.0
boundary,4,3.1622776985168457,0.8760330578512396
boundary,4,9.219544410705566,1.0
boundary,0,11.0,1.0
boundary,4,0.0,0.5785123966942148
boundary,4,2.8284270763397217,0.8347107438016529
boundary,2,34.20526123046875,1.0
boundary,4,9.848857879638672,1.0
boundary,2,38.27531814575195,1.0
boundary,2,44.271888732910156,1.0
boundary,4,0.0,0.5785123966942148
boundary,4,6.324555397033691,1.0
boundary,4,14.422204971313477,1.0
boundary,2,8.246211051940918,1.0
interior,2,84.75848388671875,1.0
interior,2,86.72946166992188,1.0
interior,2,111.62885284423828,1.0
interior,2,44.271888732910156,1.0
interior,2,107.20541381835938,1.0
interior,2,96.13532257080078,1.0
interior,2,70.51950073242188,1.0
interior,2,21.840330123901367,1.0
interior,0,24.041629791259766,1.0
interior,2,19.92485809326172,1.0
interior,0,46.0,1.0
interior,0,39.217342376708984,1.0
interior,0,41.43669891357422,1.0
interior,0,32.280025482177734,1.0
interior,0,25.553865432739258,1.0
interior,0,51.54609680175781,1.0
interior,0,34.1760139465332,1.0
interior,0,50.93132781982422,1.0
interior,0,46.86149978637695,1.0
interior,4,13.34166431427002,1.0
interior,4,14.866068840026855,1.0
interior,4,10.198039054870605,1.0
interior,4,15.81138801574707,1.0
interior,4,12.649110794067383,1.0
interior,4,9.05538558959961,1.0
interior,4,13.03840446472168,1.0
interior,2,57.567352294921875,1.0
interior,4,3.605551242828369,0.9772727272727273
interior,4,11.401754379272461,1.0
interior,4,16.124515533447266,1.0
uniform,2,34.48188018798828,1.0
uniform,2,81.59656524658203,1.0
uniform,2,15.524174690246582,1.0
uniform,2,46.81879806518555,1.0
uniform,2,67.67569732666016,1.0
uniform,2,1.0,0.6363636363636364
uniform,0,15.81138801574707,1.0
uniform,2,12.649110794067383,1.0
uniform,0,33.52610778808594,1.0
uniform,0,39.623226165771484,1.0
uniform,0,36.400550842285156,1.0
uniform,0,14.560219764709473,1.0
uniform,0,12.369317054748535,1.0
uniform,4,5.385164737701416,0.9917355371900827
uniform,4,9.219544410705566,1.0
uniform,0,0.0,0.5206611570247934
uniform,4,4.123105525970459,0.9421487603305785
uniform,0,24.0,1.0
uniform,4,13.928388595581055,1.0
uniform,4,3.605551242828369,0.9008264462809917
uniform,0,1.4142135381698608,0.7024793388429752
uniform,4,8.062257766723633,1.0
uniform,0,3.1622776985168457,0.8760330578512396
uniform,4,10.049875259399414,1.0
uniform,4,10.770329475402832,1.0
uniform,4,9.848857879638672,1.0
uniform,2,45.35416030883789,1.0
uniform,2,29.4108829498291,1.0
uniform,4,3.0,0.8264462809917356
uniform,2,38.897300720214844,1.0
boundary,2,74.94664764404297,1.0
boundary,0,8.5440034866333,1.0
boundary,0,18.973665237426758,1.0
boundary,0,11.704699516296387,1.0
boundary,2,44.59820556640625,1.0
boundary,2,23.76972770690918,1.0
boundary,2,25.63201141357422,1.0
boundary,0,38.60051727294922,1.0
boundary,0,1.0,0.6446280991735537
boundary,4,1.0,0.6033057851239669
boundary,4,6.0,1.0
boundary,0,7.071067810058594,1.0
boundary,4,2.0,0.71900826446281
boundary,2,16.492422103881836,1.0
boundary,2,14.317821502685547,1.0
boundary,4,0.0,0.512396694214876
boundary,0,0.0,0.5454545454545454
boundary,0,2.2360680103302,0.7768595041322314
boundary,4,1.0,0.6611570247933884
boundary,0,4.242640495300293,0.9421487603305785
boundary,2,30.08321762084961,1.0
boundary,4,0.0,0.512396694214876
boundary,0,5.385164737701416,0.9917355371900827
boundary,2,3.1622776985168457,0.8842975206611571
boundary,2,36.68787384033203,1.0
boundary,4,4.123105525970459,0.9504132231404959
boundary,4,3.605551242828369,0.9696969696969697
boundary,4,1.0,0.6694214876033058
boundary,2,0.0,0.5785123966942148
boundary,4,0.0,0.5454545454545454
interior,2,112.89375305175781,1.0
interior,2,94.2443618774414,1.0
interior,2,30.364452362060547,1.0
interior,2,92.34716796875,1.0
interior,2,56.61272048950195,1.0
interior,0,37.64305877685547,1.0
interior,0,35.44009017944336,1.0
interior,0,50.59644317626953,1.0
interior,0,56.00892639160156,1.0
interior,0,53.600372314453125,1.0
interior,0,20.099750518798828,1.0
interior,0,45.54119110107422,1.0
interior,0,46.173583984375,1.0
interior,0,13.601470947265625,1.0
interior,4,2.8284270763397217,0.8016528925619835
interior,4,14.317821502685547,1.0
interior,4,12.083045959472656,1.0
interior,0,1.0,0.5950413223140496
interior,2,24.698177337646484,1.0
interior,4,16.552946090698242,1.0
interior,2,34.20526123046875,1.0
interior,4,8.062257766723633,1.0
interior,2,38.27531814575195,1.0
interior,4,2.0,0.6611570247933884
interior,4,9.0,1.0
interior,4,6.324555397033691,1.0
interior,2,12.041594505310059,1.0
interior,2,69.72087097167969,1.0
interior,4,15.29705810546875,1.0
interior,4,14.0,1.0
uniform,2,24.331050872802734,1.0
uniform,2,52.63079071044922,1.0
uniform,2,10.049875259399414,1.0
uniform,2,42.72002029418945,1.0
uniform,2,14.317821502685547,1.0
uniform,2,26.570659637451172,1.0
uniform,2,8.062257766723633,1.0
uniform,0,38.11823654174805,1.0
uniform,0,45.89117431640625,1.0
uniform,0,40.804412841796875,1.0
uniform,0,34.1760139465332,1.0
uniform,2,0.0,0.512396694214876
uniform,0,35.7770881652832,1.0
uniform,0,5.830951690673828,0.9917355371900827
uniform,0,1.4142135381698608,0.6942148760330579
uniform,4,2.0,0.71900826446281
uniform,4,1.0,0.6528925619834711
uniform,4,2.0,0.768595041322314
uniform,4,4.0,0.9256198347107438
uniform,0,19.416488647460938,1.0
uniform,4,13.892443656921387,1.0
uniform,4,1.0,0.5867768595041323
uniform,4,2.0,0.6694214876033058
uniform,0,1.0,0.6363636363636364
uniform,4,8.5440034866333,1.0
uniform,2,5.830951690673828,1.0
uniform,0,1.0,0.6611570247933884
uniform,4,0.0,0.5619834710743802
uniform,2,25.298221588134766,1.0
uniform,4,9.486832618713379,1.0
boundary,2,2.0,0.7603305785123967
boundary,2,55.973209381103516,1.0
boundary,0,3.0,0.8512396694214877
boundary,2,30.08321762084961,1.0
boundary,2,5.0,0.9752066115702479
boundary,0,1.0,0.6694214876033058
boundary,2,1.0,0.6545454545454545
boundary,0,17.464248657226562,1.0
boundary,0,46.173583984375,1.0
boundary,0,35.35533905029297,1.0
boundary,4,2.0,0.628099173553719
boundary,0,17.72004508972168,1.0
boundary,4,0.0,0.5785123966942148
boundary,2,0.0,0.512396694214876
boundary,0,8.5440034866333,1.0
boundary,2,0.0,0.5785123966942148
boundary,4,14.866068840026855,1.0
boundary,2,9.219544410705566,1.0
boundary,4,4.0,0.9848484848484849
boundary,0,0.0,0.5950413223140496
boundary,4,1.4142135381698608,0.6942148760330579
boundary,2,8.5440034866333,1.0
boundary,4,5.0,0.9752066115702479
boundary,0,8.9442720413208,1.0
boundary,4,11.704699516296387,1.0
boundary,4,5.0,0.9752066115702479
boundary,2,10.770329475402832,1.0
boundary,4,0.0,0.5289256198347108
boundary,0,9.05538558959961,1.0
boundary,4,2.0,0.6818181818181818
interior,2,115.43396759033203,1.0
interior,2,106.56922912597656,1.0
interior,2,104.67568969726562,1.0
interior,2,102.78618621826172,1.0
interior,2,98.35140991210938,1.0
interior,2,95.50916290283203,1.0
interior,2,90.13877868652344,1.0
interior,2,79.37883758544922,1.0
interior,0,3.605551242828369,0.9008264462809917
interior,0,8.5440034866333,1.0
interior,0,20.248456954956055,1.0
interior,0,40.71854782104492,1.0
interior,0,50.59644317626953,1.0
interior,0,51.865211486816406,1.0
interior,0,39.20458984375,1.0
interior,0,26.248809814453125,1.0
interior,0,34.78505325317383,1.0
interior,0,49.33558654785156,1.0
interior,4,13.0,1.0
interior,4,7.280109882354736,1.0
interior,4,16.124515533447266,1.0
interior,4,3.1622776985168457,0.8760330578512396
interior,4,16.76305389404297,1.0
interior,4,15.65247631072998,1.0
interior,4,15.524174690246582,1.0
interior,4,4.0,0.9173553719008265
interior,4,5.385164737701416,0.9917355371900827
interior,2,40.16217041015625,1.0
interior,4,12.369317054748535,1.0
interior,2,67.35725402832031,1.0
uniform,2,40.49691390991211,1.0
uniform,2,86.97700500488281,1.0
uniform,2,27.513633728027344,1.0
uniform,2,25.298221588134766,1.0
uniform,2,0.0,0.512396694214876
uniform,2,33.241539001464844,1.0
uniform,0,13.601470947265625,1.0
uniform,0,4.0,0.9256198347107438
uniform,0,24.351591110229492,1.0
uniform,0,39.051246643066406,1.0
uniform,0,25.70992088317871,1.0
uniform,0,40.49691390991211,1.0
uniform,0,28.792360305786133,1.0
uniform,4,4.0,0.9090909090909091
uniform,4,1.4142135381698608,0.7272727272727273
uniform,0,23.0867919921875,1.0
uniform,0,44.40720748901367,1.0
uniform,0,20.248456954956055,1.0
uniform,2,2.0,0.7107438016528925
uniform,4,12.083045959472656,1.0
uniform,4,6.7082037925720215,1.0
uniform,4,13.34166431427002,1.0
uniform,4,1.0,0.5702479338842975
uniform,4,11.0,1.0
uniform,4,14.317821502685547,1.0
uniform,4,10.198039054870605,1.0
uniform,2,1.0,0.6363636363636364
uniform,2,47.12748718261719,1.0
uniform,2,32.38827133178711,1.0
uniform,4,15.231546401977539,1.0
boundary,2,15.81138801574707,1.0
boundary,2,10.770329475402832,1.0
boundary,2,6.7082037925720215,1.0
boundary,0,2.2360680103302,0.7851239669421488
boundary,2,1.0,0.628099173553719
boundary,2,23.409399032592773,1.0
boundary,2,19.92485809326172,1.0
boundary,0,10.440306663513184,1.0
boundary,0,24.351591110229492,1.0
boundary,0,2.2360680103302,0.8636363636363636
boundary,0,44.59820556640625,1.0
boundary,4,0.0,0.5454545454545454
boundary,4,2.0,0.7272727272727273
boundary,4,1.0,0.6033057851239669
boundary,4,10.440306663513184,1.0
boundary,4,7.071067810058594,1.0
boundary,0,4.4721360206604,0.9504132231404959
boundary,4,4.123105525970459,0.9421487603305785
boundary,0,12.041594505310059,1.0
boundary,0,9.219544410705566,1.0
boundary,0,4.0,0.9586776859504132
boundary,4,1.0,0.6363636363636364
boundary,2,0.0,0.5785123966942148
boundary,0,0.0,0.5785123966942148
boundary,2,15.81138801574707,1.0
boundary,2,29.120439529418945,1.0
boundary,4,5.385164737701416,0.9917355371900827
boundary,2,5.0,0.9752066115702479
boundary,4,6.082762718200684,1.0
boundary,4,2.0,0.6818181818181818
interior,2,75.89466094970703,1.0
interior,2,111.62885284423828,1.0
interior,2,92.34716796875,1.0
interior,2,98.35140991210938,1.0
interior,2,73.68174743652344,1.0
interior,2,20.248456954956055,1.0
interior,2,40.16217041015625,1.0
interior,2,76.216796875,1.0
interior,2,51.244510650634766,1.0
interior,0,9.219544410705566,1.0
interior,0,25.63201141357422,1.0
interior,0,53.75872039794922,1.0
interior,0,48.166378021240234,1.0
interior,0,51.244510650634766,1.0
interior,0,34.13209533691406,1.0
interior,0,52.201534271240234,1.0
interior,0,55.03635025024414,1.0
interior,0,42.0,1.0
interior,4,16.155494689941406,1.0
interior,4,12.649110794067383,1.0
interior,4,9.848857879638672,1.0
interior,0,20.248456954956055,1.0
interior,4,14.560219764709473,1.0
interior,4,8.062257766723633,1.0
interior,4,7.6157732009887695,1.0
interior,2,36.055511474609375,1.0
interior,4,8.0,1.0
interior,4,4.123105525970459,0.9504132231404959
interior,4,14.317821502685547,1.0
interior,4,2.0,0.696969696969697
uniform,3,6.324555397033691,1.0
uniform,4,22.090721130371094,1.0
uniform,3,9.848857879638672,1.0
uniform,3,10.440306663513184,1.0
uniform,3,2.8284270763397217,0.797979797979798
uniform,3,5.099019527435303,0.9834710743801653
uniform,3,0.0,0.48760330578512395
uniform,4,5.0,0.9917355371900827
uniform,0,1.4142135381698608,0.8264462809917356
uniform,3,1.0,0.6363636363636364
uniform,3,1.0,0.5702479338842975
uniform,3,2.0,0.7355371900826446
uniform,0,9.219544410705566,1.0
uniform,4,3.605551242828369,0.8842975206611571
uniform,0,13.928388595581055,1.0
uniform,3,0.0,0.5454545454545454
uniform,0,7.280109882354736,1.0
uniform,4,2.0,0.768595041322314
uniform,4,11.704699516296387,1.0
uniform,4,1.0,0.6363636363636364
uniform,4,7.0,1.0
uniform,4,3.1622776985168457,0.8677685950413223
uniform,4,13.0,1.0
uniform,4,8.9442720413208,1.0
uniform,0,34.20526123046875,1.0
uniform,0,5.830951690673828,1.0
uniform,0,36.67424011230469,1.0
uniform,0,15.524174690246582,1.0
uniform,0,19.92485809326172,1.0
uniform,1,31.320919036865234,1.0
uniform,0,15.132745742797852,1.0
uniform,1,57.723480224609375,1.0
uniform,1,60.63827133178711,1.0
uniform,1,82.71033477783203,1.0
uniform,1,109.88175201416016,1.0
uniform,1,93.14505004882812,1.0
uniform,1,83.93450164794922,1.0
uniform,1,104.93807983398438,1.0
uniform,1,158.06961059570312,1.0
uniform,1,120.30377960205078,1.0
boundary,3,0.0,0.4696969696969697
boundary,3,1.0,0.6161616161616161
boundary,4,10.440306663513184,1.0
boundary,3,4.123105525970459,0.9363636363636364
boundary,3,1.0,0.5909090909090909
boundary,3,0.0,0.5
boundary,3,1.0,0.5702479338842975
boundary,3,1.0,0.6363636363636364
boundary,3,1.4142135381698608,0.6859504132231405
boundary,3,3.0,0.7792207792207793
boundary,3,0.0,0.5537190082644629
boundary,4,0.0,0.5289256198347108
boundary,4,2.2360680103302,0.7768595041322314
boundary,4,1.0,0.6363636363636364
boundary,0,6.324555397033691,1.0
boundary,4,0.0,0.5454545454545454
boundary,4,2.0,0.768595041322314
boundary,4,4.0,0.9173553719008265
boundary,0,15.524174690246582,1.0
boundary,4,4.0,0.9256198347107438
boundary,4,1.0,0.6528925619834711
boundary,0,28.460498809814453,1.0
boundary,4,1.0,0.5950413223140496
boundary,0,11.045360565185547,1.0
boundary,0,23.53720474243164,1.0
boundary,0,14.0,1.0
boundary,0,13.03840446472168,1.0
boundary,0,8.0,1.0
boundary,0,1.0,0.628099173553719
boundary,1,18.248287200927734,1.0
boundary,1,11.045360565185547,1.0
boundary,1,12.369317054748535,1.0
boundary,1,17.262676239013672,1.0
boundary,0,1.0,0.6694214876033058
boundary,1,18.973665237426758,1.0
boundary,1,42.57933807373047,1.0
boundary,1,24.041629791259766,1.0
boundary,1,31.048349380493164,1.0
boundary,1,41.761226654052734,1.0
boundary,1,57.00876998901367,1.0
interior,3,14.317821502685547,1.0
interior,3,13.601470947265625,1.0
interior,3,12.529964447021484,1.0
interior,3,9.219544410705566,1.0
interior,3,13.0,1.0
interior,3,8.246211051940918,1.0
interior,3,11.661903381347656,1.0
interior,3,8.9442720413208,1.0
interior,3,3.1622776985168457,0.8347107438016529
interior,4,16.124515533447266,1.0
interior,4,10.440306663513184,1.0
interior,4,4.123105525970459,0.9586776859504132
interior,4,3.1622776985168457,0.8760330578512396
interior,3,2.2360680103302,0.7768595041322314
interior,4,11.180339813232422,1.0
interior,4,13.601470947265625,1.0
interior,4,9.486832618713379,1.0
interior,4,3.1622776985168457,0.8842975206611571
interior,4,6.082762718200684,1.0
interior,4,6.7082037925720215,1.0
interior,0,47.423622131347656,1.0
interior,0,45.54119110107422,1.0
interior,0,45.35416030883789,1.0
interior,0,57.27128601074219,1.0
interior,0,69.23149871826172,1.0
interior,0,63.28506851196289,1.0
interior,0,45.607017517089844,1.0
interior,0,62.361846923828125,1.0
interior,0,53.15073013305664,1.0
interior,0,58.94064712524414,1.0
interior,1,68.44705963134766,1.0
interior,1,106.23088073730469,1.0
interior,1,90.70832061767578,1.0
interior,1,119.33147430419922,1.0
interior,1,131.9393768310547,1.0
interior,1,154.98709106445312,1.0
interior,1,152.80052185058594,1.0
interior,1,124.45883178710938,1.0
interior,1,174.87423706054688,1.0
interior,1,129.2826385498047,1.0
uniform,3,11.661903381347656,1.0
uniform,3,8.246211051940918,1.0
uniform,3,0.0,0.5340909090909091
uniform,4,12.165525436401367,1.0
uniform,3,7.211102485656738,1.0
uniform,3,1.4142135381698608,0.6818181818181818
uniform,3,8.246211051940918,1.0
uniform,3,7.280109882354736,1.0
uniform,3,2.0,0.7272727272727273
uniform,4,5.0,0.9752066115702479
uniform,4,2.0,0.7107438016528925
uniform,4,11.180339813232422,1.0
uniform,0,3.1622776985168457,0.8677685950413223
uniform,4,13.03840446472168,1.0
uniform,3,2.0,0.6704545454545454
uniform,3,1.0,0.5656565656565656
uniform,4,3.1622776985168457,0.8842975206611571
uniform,4,3.1622776985168457,0.8760330578512396
uniform,4,4.4721360206604,0.9586776859504132
uniform,4,11.401754379272461,1.0
uniform,4,5.0,0.9834710743801653
uniform,0,11.704699516296387,1.0
uniform,0,2.8284270763397217,0.8099173553719008
uniform,0,17.492855072021484,1.0
uniform,0,46.81879806518555,1.0
uniform,0,28.0,1.0
uniform,0,67.47592163085938,1.0
uniform,0,9.486832618713379,1.0
uniform,0,44.271888732910156,1.0
uniform,1,8.062257766723633,1.0
uniform,1,3.605551242828369,0.8925619834710744
uniform,0,2.0,0.768595041322314
uniform,1,65.11528015136719,1.0
uniform,1,92.6498794555664,1.0
uniform,1,56.04462432861328,1.0
uniform,1,103.81233215332031,1.0
uniform,1,86.83317565917969,1.0
uniform,1,131.9393768310547,1.0
uniform,1,133.154052734375,1.0
uniform,1,159.35494995117188,1.0
boundary,3,3.605551242828369,0.8333333333333334
boundary,3,0.0,0.5
boundary,3,2.0,0.7355371900826446
boundary,3,0.0,0.5537190082644629
boundary,0,0.0,0.7355371900826446
boundary,3,1.0,0.5702479338842975
boundary,3,2.2360680103302,0.7768595041322314
boundary,3,0.0,0.4793388429752066
boundary,3,2.0,0.7272727272727273
boundary,4,1.0,0.47107438016528924
boundary,3,1.4142135381698608,0.6565656565656566
boundary,4,1.0,0.5454545454545454
boundary,4,1.0,0.6363636363636364
boundary,0,5.830951690673828,1.0
boundary,3,0.0,0.4393939393939394
boundary,0,1.0,0.6694214876033058
boundary,4,3.605551242828369,0.9008264462809917
boundary,4,3.0,0.8347107438016529
boundary,4,4.4721360206604,0.9669421487603306
boundary,4,4.123105525970459,0.9586776859504132
boundary,4,3.605551242828369,0.8264462809917356
boundary,4,1.4142135381698608,0.512396694214876
boundary,4,2.0,0.7603305785123967
boundary,0,4.0,0.9256198347107438
boundary,0,9.899495124816895,1.0
boundary,0,14.142135620117188,1.0
boundary,0,37.656341552734375,1.0
boundary,0,11.045360565185547,1.0
boundary,1,10.0,1.0
boundary,1,7.280109882354736,1.0
boundary,1,7.280109882354736,1.0
boundary,1,10.049875259399414,1.0
boundary,0,2.0,0.7603305785123967
boundary,1,30.5941162109375,1.0
boundary,0,14.866068840026855,1.0
boundary,1,25.70992088317871,1.0
boundary,1,18.11077117919922,1.0
boundary,1,26.68332862854004,1.0
boundary,1,56.29387283325195,1.0
boundary,1,75.92759704589844,1.0
interior,3,12.083045959472656,1.0
interior,3,10.770329475402832,1.0
interior,3,10.29563045501709,1.0
interior,3,0.0,0.45454545454545453
interior,3,10.29563045501709,1.0
interior,4,16.124515533447266,1.0
interior,3,10.770329475402832,1.0
interior,4,17.464248657226562,1.0
interior,4,17.029386520385742,1.0
interior,3,8.5440034866333,1.0
interior,3,7.071067810058594,1.0
interior,3,5.0,0.9696969696969697
interior,3,3.605551242828369,0.8522727272727273
interior,4,7.0,1.0
interior,4,12.649110794067383,1.0
interior,4,14.142135620117188,1.0
interior,4,13.34166431427002,1.0
interior,4,10.770329475402832,1.0
interior,4,9.848857879638672,1.0
interior,4,14.317821502685547,1.0
interior,0,29.73213768005371,1.0
interior,0,42.7551155090332,1.0
interior,0,61.29437255859375,1.0
interior,0,70.61161041259766,1.0
interior,0,59.203041076660156,1.0
interior,0,54.34151077270508,1.0
interior,0,57.9741325378418,1.0
interior,0,41.231056213378906,1.0
interior,0,33.37664031982422,1.0
interior,0,26.248809814453125,1.0
interior,1,78.84795379638672,1.0
interior,1,117.15374755859375,1.0
interior,1,99.20181274414062,1.0
interior,1,85.61541748046875,1.0
interior,1,126.30122375488281,1.0
interior,1,153.05227661132812,1.0
interior,1,131.70042419433594,1.0
interior,1,153.75955200195312,1.0
interior,1,170.75128173828125,1.0
interior,1,188.4515838623047,1.0
uniform,3,6.7082037925720215,1.0
uniform,3,9.848857879638672,1.0
uniform,3,2.0,0.7070707070707071
uniform,3,6.324555397033691,1.0
uniform,3,4.4721360206604,0.9504132231404959
uniform,3,3.605551242828369,0.9090909090909091
uniform,0,17.0880069732666,1.0
uniform,4,6.7082037925720215,1.0
uniform,3,1.0,0.5041322314049587
uniform,3,2.8284270763397217,0.8264462809917356
uniform,3,5.099019527435303,0.9696969696969697
uniform,3,3.1622776985168457,0.8842975206611571
uniform,4,10.770329475402832,1.0
uniform,4,10.198039054870605,1.0
uniform,4,1.0,0.5454545454545454
uniform,4,3.605551242828369,0.8925619834710744
uniform,0,4.4721360206604,0.9586776859504132
uniform,4,2.0,0.7107438016528925
uniform,4,2.2360680103302,0.7851239669421488
uniform,4,6.082762718200684,1.0
uniform,0,3.1622776985168457,0.9421487603305785
uniform,4,11.401754379272461,1.0
uniform,4,14.142135620117188,1.0
uniform,0,20.02498435974121,1.0
uniform,0,45.35416030883789,1.0
uniform,0,49.0,1.0
uniform,0,37.36308288574219,1.0
uniform,0,42.154476165771484,1.0
uniform,0,38.07886505126953,1.0
uniform,0,15.524174690246582,1.0
uniform,1,3.0,0.859504132231405
uniform,1,22.56102752685547,1.0
uniform,1,46.840152740478516,1.0
uniform,1,40.79215621948242,1.0
uniform,1,106.96260833740234,1.0
uniform,1,136.8941192626953,1.0
uniform,1,89.9888916015625,1.0
uniform,1,126.12692260742188,1.0
uniform,1,155.23208618164062,1.0
uniform,1,174.87423706054688,1.0
boundary,3,1.0,0.5606060606060606
boundary,3,1.0,0.6161616161616161
boundary,4,12.041594505310059,1.0
boundary,3,4.123105525970459,0.9421487603305785
boundary,4,9.219544410705566,1.0
boundary,3,1.0,0.6776859504132231
boundary,3,4.4721360206604,0.9318181818181818
boundary,3,1.0,0.6115702479338843
boundary,4,3.0,0.859504132231405
boundary,3,2.0,0.6704545454545454
boundary,3,1.0,0.5795454545454546
boundary,0,10.198039054870605,1.0
boundary,3,0.0,0.5064935064935064
boundary,3,0.0,0.4393939393939394
boundary,4,7.0,1.0
boundary,0,9.848857879638672,1.0
boundary,4,3.0,0.8347107438016529
boundary,0,9.848857879638672,1.0
boundary,0,15.132745742797852,1.0
boundary,4,0.0,0.5041322314049587
boundary,4,7.071067810058594,1.0
boundary,0,16.278820037841797,1.0
boundary,0,29.73213768005371,1.0
boundary,4,4.0,0.9090909090909091
boundary,4,1.0,0.5950413223140496
boundary,4,2.0,0.71900826446281
boundary,0,35.46829605102539,1.0
boundary,0,44.72135925292969,1.0
boundary,1,8.062257766723633,1.0
boundary,1,4.0,0.9173553719008265
boundary,1,1.0,0.6033057851239669
boundary,1,24.041629791259766,1.0
boundary,0,19.235383987426758,1.0
boundary,0,1.0,0.5950413223140496
boundary,1,38.832977294921875,1.0
boundary,1,18.027755737304688,1.0
boundary,1,18.973665237426758,1.0
boundary,1,15.0,1.0
boundary,1,45.607017517089844,1.0
boundary,1,67.44627380371094,1.0
interior,3,13.34166431427002,1.0
interior,3,12.083045959472656,1.0
interior,3,11.661903381347656,1.0
interior,3,1.0,0.5606060606060606
interior,3,12.083045959472656,1.0
interior,3,10.770329475402832,1.0
interior,4,13.0,1.0
interior,3,11.661903381347656,1.0
interior,3,10.198039054870605,1.0
interior,4,15.132745742797852,1.0
interior,3,10.770329475402832,1.0
interior,3,8.5440034866333,1.0
interior,4,16.76305389404297,1.0
interior,4,2.2360680103302,0.6446280991735537
interior,4,13.601470947265625,1.0
interior,4,7.280109882354736,1.0
interior,4,12.369317054748535,1.0
interior,4,8.062257766723633,1.0
interior,4,12.165525436401367,1.0
interior,4,4.123105525970459,0.9586776859504132
interior,0,39.20458984375,1.0
interior,0,57.706153869628906,1.0
interior,0,70.0927963256836,1.0
interior,0,38.62641525268555,1.0
interior,0,41.231056213378906,1.0
interior,0,58.94064712524414,1.0
interior,0,44.9110221862793,1.0
interior,0,51.195701599121094,1.0
interior,0,59.66573715209961,1.0
interior,0,52.63079071044922,1.0
interior,1,38.07886505126953,1.0
interior,1,70.3420181274414,1.0
interior,1,79.07591247558594,1.0
interior,1,75.69015502929688,1.0
interior,1,80.04998779296875,1.0
interior,1,112.05802154541016,1.0
interior,1,145.523193359375,1.0
interior,1,157.41029357910156,1.0
interior,1,113.75851440429688,1.0
interior,1,181.1767120361328,1.0
uniform,3,7.280109882354736,1.0
uniform,3,10.770329475402832,1.0
uniform,3,7.071067810058594,1.0
uniform,4,20.39607810974121,1.0
uniform,0,6.324555397033691,1.0
uniform,3,7.6157732009887695,1.0
uniform,0,12.0,1.0
uniform,3,8.9442720413208,1.0
uniform,3,2.8284270763397217,0.8429752066115702
uniform,3,1.0,0.5785123966942148
uniform,3,1.0,0.5702479338842975
uniform,4,11.704699516296387,1.0
uniform,4,8.5440034866333,1.0
uniform,3,1.4142135381698608,0.6859504132231405
uniform,4,10.049875259399414,1.0
uniform,3,1.0,0.6198347107438017
uniform,4,2.0,0.5867768595041323
uniform,4,10.198039054870605,1.0
uniform,4,7.0,1.0
uniform,4,13.601470947265625,1.0
uniform,4,6.324555397033691,1.0
uniform,0,15.29705810546875,1.0
uniform,0,25.70992088317871,1.0
uniform,4,2.0,0.7355371900826446
uniform,0,21.3775577545166,1.0
uniform,0,37.10795211791992,1.0
uniform,0,45.18849563598633,1.0
uniform,0,43.96589660644531,1.0
uniform,0,74.46475982666016,1.0
uniform,0,41.0,1.0
uniform,1,21.3775577545166,1.0
uniform,1,36.13862228393555,1.0
uniform,1,33.52610778808594,1.0
uniform,1,5.385164737701416,1.0
uniform,1,25.298221588134766,1.0
uniform,1,52.39274597167969,1.0
uniform,1,85.61541748046875,1.0
uniform,1,78.58753204345703,1.0
uniform,1,94.3663101196289,1.0
uniform,1,131.21356201171875,1.0
boundary,3,8.9442720413208,1.0
boundary,3,1.4142135381698608,0.6818181818181818
boundary,3,3.605551242828369,0.8925619834710744
boundary,3,1.0,0.5702479338842975
boundary,3,5.0,0.9669421487603306
boundary,3,4.4721360206604,0.9545454545454546
boundary,4,4.123105525970459,0.9586776859504132
boundary,3,2.8284270763397217,0.7613636363636364
boundary,3,0.0,0.5537190082644629
boundary,3,1.4142135381698608,0.6565656565656566
boundary,3,0.0,0.5785123966942148
boundary,4,1.0,0.628099173553719
boundary,0,13.892443656921387,1.0
boundary,4,2.0,0.7520661157024794
boundary,0,17.0,1.0
boundary,4,1.0,0.6528925619834711
boundary,4,4.4721360206604,0.9669421487603306
boundary,4,5.0,0.9752066115702479
boundary,0,1.4142135381698608,0.8347107438016529
boundary,0,1.0,0.7520661157024794
boundary,4,3.1622776985168457,0.8760330578512396
boundary,4,6.7082037925720215,1.0
boundary,4,0.0,0.5371900826446281
boundary,4,0.0,0.512396694214876
boundary,0,25.298221588134766,1.0
boundary,0,29.017236709594727,1.0
boundary,0,41.761226654052734,1.0
boundary,1,5.099019527435303,0.9917355371900827
boundary,1,2.0,0.71900826446281
boundary,1,13.601470947265625,1.0
boundary,0,1.0,0.6198347107438017
boundary,1,49.72926712036133,1.0
boundary,0,5.830951690673828,1.0
boundary,1,3.605551242828369,0.8925619834710744
boundary,0,2.8284270763397217,0.8099173553719008
boundary,1,25.298221588134766,1.0
boundary,1,59.84145736694336,1.0
boundary,1,136.3084716796875,1.0
boundary,1,112.37882232666016,1.0
boundary,1,159.87808227539062,1.0
interior,3,13.34166431427002,1.0
interior,3,13.0,1.0
interior,3,11.180339813232422,1.0
interior,4,22.803508758544922,1.0
interior,3,10.770329475402832,1.0
interior,3,7.071067810058594,1.0
interior,3,12.529964447021484,1.0
interior,3,11.180339813232422,1.0
interior,4,18.027755737304688,1.0
interior,4,17.72004508972168,1.0
interior,3,9.848857879638672,1.0
interior,3,7.071067810058594,1.0
interior,4,15.81138801574707,1.0
interior,4,8.246211051940918,1.0
interior,4,17.464248657226562,1.0
interior,3,6.7082037925720215,1.0
interior,4,14.03566837310791,1.0
interior,4,8.062257766723633,1.0
interior,4,9.05538558959961,1.0
interior,0,34.0,1.0
interior,0,19.646883010864258,1.0
interior,4,0.0,0.5206611570247934
interior,0,24.75883674621582,1.0
interior,0,47.0,1.0
interior,0,40.79215621948242,1.0
interior,0,68.26419067382812,1.0
interior,0,16.124515533447266,1.0
interior,0,40.79215621948242,1.0
interior,0,63.06346130371094,1.0
interior,0,49.39635467529297,1.0
interior,1,34.928497314453125,1.0
interior,1,18.439088821411133,1.0
interior,1,68.4105224609375,1.0
interior,1,101.39033508300781,1.0
interior,1,111.08555603027344,1.0
interior,1,90.47099304199219,1.0
interior,1,85.86617279052734,1.0
interior,1,100.43903350830078,1.0
interior,1,108.17115783691406,1.0
interior,1,126.84636688232422,1.0
uniform,3,12.529964447021484,1.0
uniform,4,11.704699516296387,1.0
uniform,3,11.661903381347656,1.0
uniform,3,9.486832618713379,1.0
uniform,3,9.848857879638672,1.0
uniform,0,7.8102498054504395,1.0
uniform,3,8.9442720413208,1.0
uniform,3,5.099019527435303,0.9818181818181818
uniform,4,8.5440034866333,1.0
uniform,3,8.9442720413208,1.0
uniform,4,13.34166431427002,1.0
uniform,4,10.440306663513184,1.0
uniform,3,5.385164737701416,0.9772727272727273
uniform,3,3.605551242828369,0.8522727272727273
uniform,3,2.0,0.7603305785123967
uniform,4,2.0,0.7355371900826446
uniform,0,18.248287200927734,1.0
uniform,4,5.0,0.9669421487603306
uniform,0,5.099019527435303,1.0
uniform,4,13.34166431427002,1.0
uniform,4,9.848857879638672,1.0
uniform,4,3.605551242828369,0.8925619834710744
uniform,0,8.062257766723633,1.0
uniform,0,25.179357528686523,1.0
uniform,4,2.8284270763397217,0.8099173553719008
uniform,0,8.0,1.0
uniform,0,23.25940704345703,1.0
uniform,0,63.631752014160156,1.0
uniform,0,55.0,1.0
uniform,1,8.062257766723633,1.0
uniform,0,14.03566837310791,1.0
uniform,1,49.24428939819336,1.0
uniform,1,51.6623649597168,1.0
uniform,1,25.0,1.0
uniform,1,93.62158203125,1.0
uniform,1,75.92759704589844,1.0
uniform,1,91.08238220214844,1.0
uniform,1,115.9482650756836,1.0
uniform,1,136.56134033203125,1.0
uniform,1,167.8362274169922,1.0
boundary,3,5.385164737701416,0.9848484848484849
boundary,0,16.0,1.0
boundary,3,2.0,0.7159090909090909
boundary,4,11.045360565185547,1.0
boundary,3,2.0,0.768595041322314
boundary,3,0.0,0.4297520661157025
boundary,3,4.4721360206604,0.9318181818181818
boundary,3,0.0,0.5867768595041323
boundary,3,1.0,0.6446280991735537
boundary,3,1.0,0.6363636363636364
boundary,4,1.0,0.6115702479338843
boundary,3,2.2360680103302,0.7121212121212122
boundary,0,14.560219764709473,1.0
boundary,3,0.0,0.4393939393939394
boundary,4,3.0,0.8512396694214877
boundary,4,3.0,0.8347107438016529
boundary,0,2.0,0.7024793388429752
boundary,4,0.0,0.5867768595041323
boundary,4,0.0,0.5454545454545454
boundary,4,5.385164737701416,1.0
boundary,4,8.246211051940918,1.0
boundary,4,2.0,0.7520661157024794
boundary,0,7.0,1.0
boundary,4,11.704699516296387,1.0
boundary,0,1.0,0.8016528925619835
boundary,0,39.39543151855469,1.0
boundary,0,17.262676239013672,1.0
boundary,0,47.801673889160156,1.0
boundary,0,24.041629791259766,1.0
boundary,0,45.607017517089844,1.0
boundary,1,5.0,0.9834710743801653
boundary,1,52.88667297363281,1.0
boundary,1,14.560219764709473,1.0
boundary,1,25.70992088317871,1.0
boundary,1,35.693138122558594,1.0
boundary,1,25.495098114013672,1.0
boundary,1,44.55333709716797,1.0
boundary,1,83.18653869628906,1.0
boundary,1,112.17842864990234,1.0
boundary,1,155.467041015625,1.0
interior,3,12.083045959472656,1.0
interior,3,4.4721360206604,0.9242424242424242
interior,4,22.090721130371094,1.0
interior,4,14.560219764709473,1.0
interior,3,13.416407585144043,1.0
interior,3,11.180339813232422,1.0
interior,3,12.529964447021484,1.0
interior,3,12.083045959472656,1.0
interior,3,11.704699516296387,1.0
interior,3,10.770329475402832,1.0
interior,4,19.646883010864258,1.0
interior,4,15.81138801574707,1.0
interior,3,5.0,0.9669421487603306
interior,4,3.0,0.8512396694214877
interior,3,3.605551242828369,0.8522727272727273
interior,0,28.600698471069336,1.0
interior,4,11.180339813232422,1.0
interior,4,11.180339813232422,1.0
interior,4,9.848857879638672,1.0
interior,4,9.486832618713379,1.0
interior,4,3.1622776985168457,0.8677685950413223
interior,0,30.5941162109375,1.0
interior,0,60.0333251953125,1.0
interior,0,51.4781494140625,1.0
interior,0,74.67261505126953,1.0
interior,0,30.08321762084961,1.0
interior,0,73.24616241455078,1.0
interior,0,71.0633544921875,1.0
interior,0,27.658634185791016,1.0
interior,0,7.6157732009887695,1.0
interior,1,58.694122314453125,1.0
interior,1,129.52220153808594,1.0
interior,1,136.06248474121094,1.0
interior,1,142.126708984375,1.0
interior,1,135.8234100341797,1.0
interior,1,145.7738037109375,1.0
interior,1,145.27903747558594,1.0
interior,1,160.80111694335938,1.0
interior,1,125.87692260742188,1.0
interior,1,158.142333984375,1.0
uniform,2,35.22782897949219,1.0
uniform,2,25.495098114013672,1.0
uniform,2,59.09314727783203,1.0
uniform,2,5.656854152679443,0.9752066115702479
uniform,2,1.4142135381698608,0.7851239669421488
uniform,2,17.0880069732666,1.0
uniform,2,2.0,0.7355371900826446
uniform,3,10.770329475402832,1.0
uniform,3,6.4031243324279785,1.0
uniform,3,18.11077117919922,1.0
uniform,2,45.96738052368164,1.0
uniform,3,10.816654205322266,1.0
uniform,3,17.69180679321289,1.0
uniform,2,18.384777069091797,1.0
uniform,2,21.0,1.0
uniform,3,37.013511657714844,1.0
uniform,3,4.0,0.9504132231404959
uniform,0,9.899495124816895,1.0
uniform,3,16.278820037841797,1.0
uniform,0,37.947330474853516,1.0
uniform,3,1.0,0.6694214876033058
uniform,3,8.9442720413208,1.0
uniform,0,1.0,0.5950413223140496
uniform,0,26.870058059692383,1.0
uniform,0,42.72002029418945,1.0
uniform,0,46.010868072509766,1.0
uniform,0,55.973209381103516,1.0
uniform,0,26.0,1.0
uniform,0,18.0,1.0
uniform,0,70.03570556640625,1.0
uniform,4,1.4142135381698608,0.6859504132231405
uniform,4,2.0,0.7272727272727273
uniform,4,4.123105525970459,0.9090909090909091
uniform,4,6.324555397033691,0.9917355371900827
uniform,4,10.0,1.0
uniform,4,6.0,1.0
uniform,4,4.0,0.8842975206611571
uniform,4,7.6157732009887695,1.0
uniform,4,10.630146026611328,1.0
uniform,4,2.0,0.7107438016528925
boundary,2,4.0,0.9586776859504132
boundary,2,1.0,0.7
boundary,2,18.439088821411133,1.0
boundary,2,19.10497283935547,1.0
boundary,2,12.041594505310059,1.0
boundary,2,2.0,0.7272727272727273
boundary,3,1.0,0.6611570247933884
boundary,3,3.605551242828369,0.8760330578512396
boundary,3,0.0,0.48760330578512395
boundary,3,4.4721360206604,0.9421487603305785
boundary,2,0.0,0.5702479338842975
boundary,2,2.0,0.71900826446281
boundary,2,32.4499626159668,1.0
boundary,2,6.7082037925720215,1.0
boundary,3,25.179357528686523,1.0
boundary,3,8.0,1.0
boundary,3,25.45584487915039,1.0
boundary,0,8.9442720413208,1.0
boundary,0,7.0,1.0
boundary,3,15.231546401977539,1.0
boundary,0,18.248287200927734,1.0
boundary,0,2.2360680103302,0.7851239669421488
boundary,0,0.0,0.6115702479338843
boundary,3,2.8284270763397217,0.8181818181818182
boundary,0,17.464248657226562,1.0
boundary,0,16.278820037841797,1.0
boundary,0,22.203603744506836,1.0
boundary,0,10.0,1.0
boundary,4,0.0,0.5371900826446281
boundary,4,1.0,0.6528925619834711
boundary,4,2.0,0.7603305785123967
boundary,4,2.0,0.6611570247933884
boundary,4,5.656854152679443,0.9752066115702479
boundary,4,6.0,1.0
boundary,4,5.0,0.9504132231404959
boundary,0,9.219544410705566,1.0
boundary,4,0.0,0.5619834710743802
boundary,4,0.0,0.6115702479338843
boundary,4,0.0,0.4049586776859504
boundary,3,4.4721360206604,0.9421487603305785
interior,2,34.71310806274414,1.0
interior,2,18.027755737304688,1.0
interior,2,44.41846466064453,1.0
interior,2,64.47480010986328,1.0
interior,2,55.94640350341797,1.0
interior,2,50.0,1.0
interior,2,44.384681701660156,1.0
interior,2,27.0,1.0
interior,2,0.0,0.5537190082644629
interior,2,57.314918518066406,1.0
interior,3,33.83784866333008,1.0
interior,3,41.59326934814453,1.0
interior,3,39.96248245239258,1.0
interior,3,35.510562896728516,1.0
interior,3,38.27531814575195,1.0
interior,3,11.313708305358887,1.0
interior,3,30.01666259765625,1.0
interior,3,57.87054443359375,1.0
interior,3,44.59820556640625,1.0
interior,3,35.44009017944336,1.0
interior,0,24.083189010620117,1.0
interior,0,65.94694519042969,1.0
interior,0,51.03919982910156,1.0
interior,0,24.73863410949707,1.0
interior,0,75.00666809082031,1.0
interior,0,80.15609741210938,1.0
interior,0,63.03173828125,1.0
interior,0,35.693138122558594,1.0
interior,4,5.830951690673828,1.0
interior,4,8.0,1.0
interior,4,6.082762718200684,1.0
interior,4,8.0,1.0
interior,4,10.0,1.0
interior,4,13.0,1.0
interior,4,10.440306663513184,1.0
interior,4,12.0,1.0
interior,4,8.9442720413208,1.0
interior,4,12.0,1.0
interior,0,55.54277801513672,1.0
interior,0,58.4208869934082,1.0
uniform,2,22.627416610717773,1.0
uniform,2,0.0,0.6666666666666666
uniform,2,28.600698471069336,1.0
uniform,3,1.0,0.6198347107438017
uniform,2,43.8292121887207,1.0
uniform,3,17.0,1.0
uniform,2,52.47856521606445,1.0
uniform,3,8.9442720413208,1.0
uniform,2,18.384777069091797,1.0
uniform,3,1.0,0.628099173553719
uniform,3,6.324555397033691,1.0
uniform,2,7.8102498054504395,1.0
uniform,2,24.0,1.0
uniform,2,15.0,1.0
uniform,3,21.470911026000977,1.0
uniform,3,45.0111083984375,1.0
uniform,2,1.4142135381698608,0.5272727272727272
uniform,3,17.69180679321289,1.0
uniform,3,3.605551242828369,0.9090909090909091
uniform,0,18.439088821411133,1.0
uniform,3,2.8284270763397217,0.8429752066115702
uniform,0,64.88451385498047,1.0
uniform,0,64.8459701538086,1.0
uniform,0,54.424259185791016,1.0
uniform,0,79.30951690673828,1.0
uniform,0,74.09453582763672,1.0
uniform,0,2.0,0.71900826446281
uniform,4,0.0,0.5371900826446281
uniform,4,4.0,0.9173553719008265
uniform,4,9.0,1.0
uniform,4,7.0,1.0
uniform,4,10.0,1.0
uniform,4,9.219544410705566,1.0
uniform,4,10.0,1.0
uniform,0,7.280109882354736,1.0
uniform,0,5.0,1.0
uniform,4,5.099019527435303,0.9834710743801653
uniform,4,1.0,0.6694214876033058
uniform,4,0.0,0.8181818181818182
uniform,0,32.0,1.0
boundary,2,13.0,1.0
boundary,2,5.0,0.9752066115702479
boundary,2,61.61168670654297,1.0
boundary,2,3.0,0.8347107438016529
boundary,3,2.2360680103302,0.7851239669421488
boundary,2,8.062257766723633,1.0
boundary,2,21.40093421936035,1.0
boundary,2,2.8284270763397217,0.8264462809917356
boundary,3,4.242640495300293,0.9338842975206612
boundary,3,23.34523582458496,1.0
boundary,2,17.20465087890625,1.0
boundary,3,32.893768310546875,1.0
boundary,2,2.0,0.7603305785123967
boundary,0,6.0,1.0
boundary,2,0.0,0.4444444444444444
boundary,3,3.0,0.8016528925619835
boundary,0,1.0,0.6363636363636364
boundary,3,6.7082037925720215,1.0
boundary,3,1.0,0.7768595041322314
boundary,0,40.01249694824219,1.0
boundary,0,2.2360680103302,0.7933884297520661
boundary,0,18.973665237426758,1.0
boundary,0,1.0,0.5867768595041323
boundary,3,5.830951690673828,0.9917355371900827
boundary,3,9.0,1.0
boundary,3,0.0,0.5844155844155844
boundary,0,11.180339813232422,1.0
boundary,0,16.492422103881836,1.0
boundary,4,1.4142135381698608,0.5050505050505051
boundary,4,2.0,0.6493506493506493
boundary,0,7.8102498054504395,1.0
boundary,4,2.0,0.7107438016528925
boundary,4,2.0,0.7355371900826446
boundary,4,5.0,1.0
boundary,4,7.0,1.0
boundary,4,0.0,0.5454545454545454
boundary,0,4.0,0.8939393939393939
boundary,4,4.0,0.9338842975206612
boundary,4,3.1622776985168457,0.9008264462809917
boundary,4,3.0,0.8512396694214877
interior,2,72.40165710449219,1.0
interior,2,60.74536895751953,1.0
interior,2,59.05929183959961,1.0
interior,2,56.88584899902344,1.0
interior,2,23.53720474243164,1.0
interior,2,51.62363815307617,1.0
interior,2,68.88395690917969,1.0
interior,2,53.600372314453125,1.0
interior,2,61.0,1.0
interior,2,57.28001403808594,1.0
interior,3,35.46829605102539,1.0
interior,3,32.75667953491211,1.0
interior,3,33.241539001464844,1.0
interior,3,30.528675079345703,1.0
interior,3,40.360870361328125,1.0
interior,3,23.34523582458496,1.0
interior,3,34.65544509887695,1.0
interior,3,46.27094268798828,1.0
interior,3,20.248456954956055,1.0
interior,3,44.0113639831543,1.0
interior,0,56.79788589477539,1.0
interior,0,58.694122314453125,1.0
interior,0,48.764739990234375,1.0
interior,0,56.93856430053711,1.0
interior,0,63.411354064941406,1.0
interior,0,78.81623840332031,1.0
interior,0,55.226806640625,1.0
interior,4,3.0,0.8347107438016529
interior,4,7.0,1.0
interior,0,62.64982223510742,1.0
interior,4,11.401754379272461,1.0
interior,4,10.049875259399414,1.0
interior,4,9.486832618713379,1.0
interior,4,10.770329475402832,1.0
interior,4,6.324555397033691,1.0
interior,4,12.0,1.0
interior,4,8.9442720413208,1.0
interior,4,7.6157732009887695,1.0
interior,0,51.35172653198242,1.0
interior,0,40.01249694824219,1.0
uniform,2,45.221675872802734,1.0
uniform,2,51.107730865478516,1.0
uniform,2,37.0,1.0
uniform,2,11.180339813232422,1.0
uniform,2,9.0,1.0
uniform,2,20.615528106689453,1.0
uniform,2,37.48332977294922,1.0
uniform,3,17.0,1.0
uniform,2,61.29437255859375,1.0
uniform,3,6.7082037925720215,1.0
uniform,3,9.486832618713379,1.0
uniform,3,0.0,0.5867768595041323
uniform,2,40.52159881591797,1.0
uniform,3,24.20743751525879,1.0
uniform,2,13.0,1.0
uniform,3,5.0,1.0
uniform,0,5.099019527435303,1.0
uniform,3,5.0,0.9586776859504132
uniform,3,25.961509704589844,1.0
uniform,0,2.8284270763397217,0.8347107438016529
uniform,3,18.681541442871094,1.0
uniform,3,8.0,1.0
uniform,0,41.400482177734375,1.0
uniform,0,9.05538558959961,1.0
uniform,0,37.44329071044922,1.0
uniform,0,27.0,1.0
uniform,0,61.85466766357422,1.0
uniform,0,36.400550842285156,1.0
uniform,0,3.1622776985168457,0.8677685950413223
uniform,4,1.0,0.5950413223140496
uniform,4,8.246211051940918,1.0
uniform,4,10.0,1.0
uniform,4,10.770329475402832,1.0
uniform,4,5.0,1.0
uniform,0,3.0,0.8677685950413223
uniform,4,2.0,0.625
uniform,4,2.2360680103302,0.8099173553719008
uniform,4,5.385164737701416,1.0
uniform,4,3.605551242828369,0.8760330578512396
uniform,4,0.0,0.5454545454545454
boundary,2,5.656854152679443,0.9752066115702479
boundary,2,10.630146026611328,1.0
boundary,2,6.0,1.0
boundary,2,12.727922439575195,1.0
boundary,2,5.0,0.9504132231404959
boundary,2,0.0,0.628099173553719
boundary,3,3.1622776985168457,0.8760330578512396
boundary,3,4.0,0.9834710743801653
boundary,2,23.323806762695312,1.0
boundary,2,14.0,1.0
boundary,2,1.0,0.6363636363636364
boundary,2,0.0,0.5289256198347108
boundary,0,0.0,0.5371900826446281
boundary,3,4.4721360206604,0.9669421487603306
boundary,3,28.017850875854492,1.0
boundary,0,2.0,0.7851239669421488
boundary,0,25.0,1.0
boundary,3,0.0,0.5289256198347108
boundary,3,7.6157732009887695,1.0
boundary,3,10.770329475402832,1.0
boundary,3,1.0,0.6198347107438017
boundary,0,39.81205749511719,1.0
boundary,3,1.4142135381698608,0.6776859504132231
boundary,0,25.298221588134766,1.0
boundary,0,27.166154861450195,1.0
boundary,0,11.045360565185547,1.0
boundary,4,3.0,0.7272727272727273
boundary,4,1.0,0.6363636363636364
boundary,4,0.0,0.5619834710743802
boundary,4,0.0,0.4380165289256198
boundary,4,4.0,0.9504132231404959
boundary,4,6.7082037925720215,1.0
boundary,0,22.022714614868164,1.0
boundary,0,4.0,0.8484848484848485
boundary,4,6.0,1.0
boundary,0,30.01666259765625,1.0
boundary,4,2.8284270763397217,0.8512396694214877
boundary,4,0.0,0.5619834710743802
boundary,4,1.0,0.6528925619834711
boundary,3,6.324555397033691,1.0
interior,2,75.80237579345703,1.0
interior,2,69.3397445678711,1.0
interior,2,6.0,1.0
interior,2,65.25334930419922,1.0
interior,2,21.470911026000977,1.0
interior,3,6.7082037925720215,1.0
interior,2,54.4058837890625,1.0
interior,2,58.694122314453125,1.0
interior,2,48.08325958251953,1.0
interior,3,23.600847244262695,1.0
interior,2,38.18376541137695,1.0
interior,3,42.57933807373047,1.0
interior,2,23.0,1.0
interior,3,36.2353401184082,1.0
interior,3,33.12099075317383,1.0
interior,3,38.94868469238281,1.0
interior,3,24.0,1.0
interior,3,55.081756591796875,1.0
interior,3,18.027755737304688,1.0
interior,3,25.495098114013672,1.0
interior,0,50.990196228027344,1.0
interior,0,71.4212875366211,1.0
interior,0,42.44997024536133,1.0
interior,0,74.6860122680664,1.0
interior,0,59.46427536010742,1.0
interior,0,61.032779693603516,1.0
interior,4,2.0,0.7272727272727273
interior,0,53.413482666015625,1.0
interior,0,48.60041046142578,1.0
interior,4,6.7082037925720215,1.0
interior,4,7.280109882354736,1.0
interior,4,8.0,1.0
interior,4,8.9442720413208,1.0
interior,4,10.0,1.0
interior,4,10.770329475402832,1.0
interior,4,10.440306663513184,1.0
interior,0,69.28924560546875,1.0
interior,4,2.0,0.7272727272727273
interior,4,9.899495124816895,1.0
interior,0,37.48332977294922,1.0
uniform,2,31.048349380493164,1.0
uniform,2,33.734256744384766,1.0
uniform,2,12.727922439575195,1.0
uniform,2,8.0,1.0
uniform,2,35.510562896728516,1.0
uniform,2,4.0,0.9090909090909091
uniform,3,2.8284270763397217,0.8264462809917356
uniform,2,14.317821502685547,1.0
uniform,2,62.93647766113281,1.0
uniform,2,59.03388977050781,1.0
uniform,3,15.132745742797852,1.0
uniform,2,48.0,1.0
uniform,3,3.605551242828369,0.8760330578512396
uniform,3,2.0,0.7603305785123967
uniform,3,43.600460052490234,1.0
uniform,3,1.4142135381698608,0.7272727272727273
uniform,3,21.931713104248047,1.0
uniform,0,19.209373474121094,1.0
uniform,3,17.72004508972168,1.0
uniform,0,19.92485809326172,1.0
uniform,3,10.049875259399414,1.0
uniform,3,8.9442720413208,1.0
uniform,0,25.0,1.0
uniform,0,25.961509704589844,1.0
uniform,0,24.75883674621582,1.0
uniform,0,13.34166431427002,1.0
uniform,0,45.27692413330078,1.0
uniform,0,8.0,1.0
uniform,0,52.49761962890625,1.0
uniform,4,2.8284270763397217,0.7636363636363637
uniform,4,7.0,1.0
uniform,4,9.848857879638672,1.0
uniform,4,8.0,1.0
uniform,4,8.0,1.0
uniform,4,7.280109882354736,1.0
uniform,4,5.0,1.0
uniform,4,2.0,0.6942148760330579
uniform,4,1.0,0.6446280991735537
uniform,4,1.0,0.6198347107438017
uniform,0,21.3775577545166,1.0
boundary,2,18.867961883544922,1.0
boundary,2,29.068883895874023,1.0
boundary,2,2.2360680103302,0.7933884297520661
boundary,2,12.727922439575195,1.0
boundary,2,62.28964614868164,1.0
boundary,2,30.675724029541016,1.0
boundary,3,3.605551242828369,0.8925619834710744
boundary,2,26.925823211669922,1.0
boundary,2,2.8284270763397217,0.8264462809917356
boundary,3,0.0,0.4132231404958678
boundary,2,10.0,1.0
boundary,3,12.083045959472656,1.0
boundary,3,10.770329475402832,1.0
boundary,2,2.0,0.5702479338842975
boundary,0,0.0,0.5454545454545454
boundary,0,22.0,1.0
boundary,3,1.0,0.7768595041322314
boundary,3,6.4031243324279785,1.0
boundary,0,5.830951690673828,0.9917355371900827
boundary,3,0.0,0.5454545454545454
boundary,0,14.317821502685547,1.0
boundary,0,33.0,1.0
boundary,0,8.9442720413208,1.0
boundary,0,38.07886505126953,1.0
boundary,0,4.0,0.9090909090909091
boundary,4,1.4142135381698608,0.6611570247933884
boundary,4,2.2360680103302,0.7768595041322314
boundary,4,6.0,1.0
boundary,4,5.656854152679443,0.9752066115702479
boundary,0,20.0,1.0
boundary,0,17.0,1.0
boundary,4,0.0,0.5785123966942148
boundary,4,8.246211051940918,1.0
boundary,4,1.0,0.6198347107438017
boundary,4,3.605551242828369,0.8842975206611571
boundary,3,2.0,0.7024793388429752
boundary,4,1.0,0.6363636363636364
boundary,4,0.0,0.512396694214876
boundary,3,0.0,0.5041322314049587
boundary,3,0.0,0.45454545454545453
interior,2,44.59820556640625,1.0
interior,2,63.639610290527344,1.0
interior,2,48.87739944458008,1.0
interior,2,66.0302963256836,1.0
interior,2,61.032779693603516,1.0
interior,2,40.71854782104492,1.0
interior,2,42.42640686035156,1.0
interior,2,62.433963775634766,1.0
interior,2,26.172504425048828,1.0
interior,3,13.892443656921387,1.0
interior,2,43.84062194824219,1.0
interior,3,17.029386520385742,1.0
interior,3,28.017850875854492,1.0
interior,3,31.064449310302734,1.0
interior,3,47.16990661621094,1.0
interior,3,47.16990661621094,1.0
interior,3,30.870698928833008,1.0
interior,3,53.0848388671875,1.0
interior,3,31.78049659729004,1.0
interior,3,57.245086669921875,1.0
interior,0,1.0,0.6611570247933884
interior,0,79.60527801513672,1.0
interior,0,37.2155876159668,1.0
interior,0,76.6093978881836,1.0
interior,0,38.01315689086914,1.0
interior,0,76.05918884277344,1.0
interior,0,44.59820556640625,1.0
interior,0,77.42092895507812,1.0
interior,4,7.0,1.0
interior,4,9.486832618713379,1.0
interior,4,11.401754379272461,1.0
interior,4,11.0,1.0
interior,4,12.0,1.0
interior,4,8.9442720413208,1.0
interior,4,9.0,1.0
interior,4,7.6157732009887695,1.0
interior,4,7.0,1.0
interior,0,7.211102485656738,1.0
interior,4,7.071067810058594,1.0
interior,0,55.226806640625,1.0
uniform,2,28.284271240234375,1.0
uniform,2,29.681644439697266,1.0
uniform,2,71.11258697509766,1.0
uniform,2,14.142135620117188,1.0
uniform,2,15.620499610900879,1.0
uniform,2,21.587032318115234,1.0
uniform,2,2.0,0.768595041322314
uniform,2,2.0,0.7520661157024794
uniform,2,20.248456954956055,1.0
uniform,3,21.095022201538086,1.0
uniform,2,24.331050872802734,1.0
uniform,3,6.4031243324279785,1.0
uniform,3,44.821868896484375,1.0
uniform,3,37.53664779663086,1.0
uniform,3,40.360870361328125,1.0
uniform,3,30.4138126373291,1.0
uniform,3,34.13209533691406,1.0
uniform,3,0.0,0.5289256198347108
uniform,0,26.925823211669922,1.0
uniform,0,30.5941162109375,1.0
uniform,0,42.94182205200195,1.0
uniform,0,35.22782897949219,1.0
uniform,0,2.0,0.7272727272727273
uniform,3,13.0,1.0
uniform,0,17.0,1.0
uniform,0,35.22782897949219,1.0
uniform,0,68.818603515625,1.0
uniform,0,1.0,0.5950413223140496
uniform,4,3.605551242828369,0.8760330578512396
uniform,0,48.27007293701172,1.0
uniform,4,4.0,0.8925619834710744
uniform,4,5.0,1.0
uniform,4,6.0,1.0
uniform,4,6.324555397033691,1.0
uniform,4,4.0,0.9421487603305785
uniform,4,9.0,1.0
uniform,4,3.0,0.8512396694214877
uniform,4,7.6157732009887695,1.0
uniform,4,0.0,0.5454545454545454
uniform,3,6.0,1.0
boundary,2,12.041594505310059,1.0
boundary,2,1.4142135381698608,0.8677685950413223
boundary,2,10.630146026611328,1.0
boundary,2,4.242640495300293,0.9173553719008265
boundary,3,2.8284270763397217,0.8181818181818182
boundary,3,2.8284270763397217,0.8016528925619835
boundary,2,4.0,0.9504132231404959
boundary,2,0.0,0.5619834710743802
boundary,3,3.0,0.8264462809917356
boundary,3,12.529964447021484,1.0
boundary,2,38.18376541137695,1.0
boundary,3,4.0,0.9090909090909091
boundary,2,20.51828384399414,1.0
boundary,2,5.656854152679443,0.9752066115702479
boundary,3,26.4007568359375,1.0
boundary,3,42.7551155090332,1.0
boundary,2,2.0,0.7107438016528925
boundary,3,11.180339813232422,1.0
boundary,0,1.0,0.5702479338842975
boundary,0,9.0,1.0
boundary,3,3.605551242828369,0.9256198347107438
boundary,0,12.0,1.0
boundary,0,13.928388595581055,1.0
boundary,0,3.1622776985168457,0.8760330578512396
boundary,0,1.0,0.6363636363636364
boundary,3,20.59126091003418,1.0
boundary,0,16.970561981201172,1.0
boundary,0,16.552946090698242,1.0
boundary,4,1.0,0.45454545454545453
boundary,4,0.0,0.5289256198347108
boundary,4,0.0,0.5041322314049587
boundary,4,3.0,0.8016528925619835
boundary,4,6.0,1.0
boundary,0,12.649110794067383,1.0
boundary,0,54.5618896484375,1.0
boundary,4,6.7082037925720215,1.0
boundary,4,2.0,0.7603305785123967
boundary,4,1.0,0.6363636363636364
boundary,4,3.0,0.8347107438016529
boundary,4,0.0,0.5619834710743802
interior,2,71.02112579345703,1.0
interior,2,69.83551788330078,1.0
interior,2,47.16990661621094,1.0
interior,2,72.89718627929688,1.0
interior,2,18.384777069091797,1.0
interior,2,70.57620239257812,1.0
interior,2,28.844409942626953,1.0
interior,2,43.65776062011719,1.0
interior,3,19.0,1.0
interior,2,49.648765563964844,1.0
interior,2,47.01063537597656,1.0
interior,3,23.25940704345703,1.0
interior,3,25.942243576049805,1.0
interior,3,33.970577239990234,1.0
interior,3,40.71854782104492,1.0
interior,3,37.013511657714844,1.0
interior,3,52.15361785888672,1.0
interior,3,44.92215347290039,1.0
interior,3,39.560081481933594,1.0
interior,0,26.925823211669922,1.0
interior,3,31.62277603149414,1.0
interior,0,65.29930877685547,1.0
interior,0,65.76473236083984,1.0
interior,0,63.28506851196289,1.0
interior,0,77.89736938476562,1.0
interior,0,73.59347534179688,1.0
interior,0,20.51828384399414,1.0
interior,0,72.20111083984375,1.0
interior,4,7.0,1.0
interior,4,4.0,0.9256198347107438
interior,4,9.0,1.0
interior,4,9.05538558959961,1.0
interior,4,12.369317054748535,1.0
interior,4,11.0,1.0
interior,4,7.0,1.0
interior,4,7.280109882354736,1.0
interior,4,7.211102485656738,1.0
interior,0,60.4400520324707,1.0
interior,0,48.83646011352539,1.0
interior,4,6.0,1.0
uniform,0,16.76305389404297,1.0
uniform,2,15.81138801574707,1.0
uniform,0,1.0,0.6033057851239669
uniform,2,5.830951690673828,0.9917355371900827
uniform,0,5.830951690673828,1.0
uniform,2,11.0,1.0
uniform,2,10.0,1.0
uniform,2,15.81138801574707,1.0
uniform,2,5.0,0.9834710743801653
uniform,3,12.083045959472656,1.0
uniform,3,5.0,0.9752066115702479
uniform,2,1.0,0.6694214876033058
uniform,3,18.248287200927734,1.0
uniform,3,33.105892181396484,1.0
uniform,3,20.59126091003418,1.0
uniform,3,14.317821502685547,1.0
uniform,2,11.180339813232422,1.0
uniform,2,4.0,0.8842975206611571
uniform,4,1.0,0.6363636363636364
uniform,2,11.180339813232422,1.0
uniform,3,31.62277603149414,1.0
uniform,3,2.2360680103302,0.7851239669421488
uniform,3,12.041594505310059,1.0
uniform,0,5.830951690673828,0.9917355371900827
uniform,0,15.231546401977539,1.0
uniform,3,13.416407585144043,1.0
uniform,0,23.76972770690918,1.0
uniform,0,2.0,0.7933884297520661
uniform,4,2.0,0.71900826446281
uniform,4,0.0,0.5867768595041323
uniform,0,2.0,0.7768595041322314
uniform,4,5.099019527435303,1.0
uniform,4,9.486832618713379,1.0
uniform,0,15.231546401977539,1.0
uniform,4,9.486832618713379,1.0
uniform,0,15.524174690246582,1.0
uniform,4,1.0,0.6528925619834711
uniform,4,11.401754379272461,1.0
uniform,4,16.76305389404297,1.0
uniform,4,0.0,0.5818181818181818
boundary,2,8.246211051940918,1.0
boundary,0,0.0,0.5371900826446281
boundary,2,0.0,0.5785123966942148
boundary,2,2.0,0.7272727272727273
boundary,2,2.0,0.768595041322314
boundary,2,4.0,0.9256198347107438
boundary,3,18.788293838500977,1.0
boundary,3,14.317821502685547,1.0
boundary,3,9.848857879638672,1.0
boundary,2,6.0,1.0
boundary,3,15.264337539672852,1.0
boundary,3,66.2872543334961,1.0
boundary,2,0.0,0.5206611570247934
boundary,2,1.0,0.8181818181818182
boundary,4,0.0,0.35537190082644626
boundary,4,0.0,0.5289256198347108
boundary,3,9.848857879638672,1.0
boundary,4,2.0,0.7272727272727273
boundary,4,2.2360680103302,0.7768595041322314
boundary,2,2.0,0.71900826446281
boundary,3,2.0,0.7355371900826446
boundary,4,0.0,0.34710743801652894
boundary,3,51.0,1.0
boundary,2,5.385164737701416,1.0
boundary,3,37.44329071044922,1.0
boundary,0,13.601470947265625,1.0
boundary,3,4.4721360206604,0.9421487603305785
boundary,0,1.4142135381698608,0.7107438016528925
boundary,0,2.2360680103302,0.8016528925619835
boundary,0,5.0,0.9752066115702479
boundary,0,0.0,0.5371900826446281
boundary,4,1.0,0.6528925619834711
boundary,0,2.8284270763397217,0.8099173553719008
boundary,4,6.082762718200684,1.0
boundary,0,3.605551242828369,0.9173553719008265
boundary,4,4.0,0.9090909090909091
boundary,4,13.0,1.0
boundary,0,5.0,1.0
boundary,0,9.05538558959961,1.0
boundary,4,8.246211051940918,1.0
interior,2,34.928497314453125,1.0
interior,2,34.885528564453125,1.0
interior,2,19.92485809326172,1.0
interior,2,34.539833068847656,1.0
interior,2,15.65247631072998,1.0
interior,2,23.706539154052734,1.0
interior,2,25.942243576049805,1.0
interior,2,19.209373474121094,1.0
interior,3,49.97999572753906,1.0
interior,3,46.81879806518555,1.0
interior,3,68.4105224609375,1.0
interior,3,62.169124603271484,1.0
interior,3,54.120235443115234,1.0
interior,3,66.2872543334961,1.0
interior,2,12.529964447021484,1.0
interior,2,15.29705810546875,1.0
interior,3,65.4904556274414,1.0
interior,3,62.585941314697266,1.0
interior,4,3.0,0.7933884297520661
interior,3,39.560081481933594,1.0
interior,4,0.0,0.5371900826446281
interior,3,31.0,1.0
interior,0,10.770329475402832,1.0
interior,0,25.553865432739258,1.0
interior,0,13.601470947265625,1.0
interior,0,9.219544410705566,1.0
interior,0,12.041594505310059,1.0
interior,0,9.486832618713379,1.0
interior,4,5.0,0.9752066115702479
interior,0,30.0,1.0
interior,4,11.045360565185547,1.0
interior,0,20.248456954956055,1.0
interior,0,10.440306663513184,1.0
interior,4,10.770329475402832,1.0
interior,0,26.248809814453125,1.0
interior,4,17.0,1.0
interior,4,7.0,1.0
interior,4,14.560219764709473,1.0
interior,4,19.416488647460938,1.0
interior,4,19.92485809326172,1.0
uniform,2,14.866068840026855,1.0
uniform,2,34.78505325317383,1.0
uniform,2,8.062257766723633,1.0
uniform,3,1.0,0.6446280991735537
uniform,3,13.152946472167969,1.0
uniform,3,65.30696868896484,1.0
uniform,2,5.099019527435303,1.0
uniform,2,1.4142135381698608,0.7107438016528925
uniform,3,2.2360680103302,0.7851239669421488
uniform,2,0.0,0.8311688311688312
uniform,2,10.0,1.0
uniform,2,1.4142135381698608,0.6859504132231405
uniform,3,62.297672271728516,1.0
uniform,3,32.0,1.0
uniform,4,4.0,0.9090909090909091
uniform,2,2.0,0.8888888888888888
uniform,4,5.0,1.0
uniform,3,49.648765563964844,1.0
uniform,2,3.0,0.8512396694214877
uniform,4,0.0,0.5371900826446281
uniform,3,12.206555366516113,1.0
uniform,3,2.0,0.7272727272727273
uniform,0,1.0,0.6776859504132231
uniform,0,4.123105525970459,0.9090909090909091
uniform,0,5.656854152679443,0.9834710743801653
uniform,0,5.385164737701416,1.0
uniform,0,3.1622776985168457,0.9338842975206612
uniform,0,12.041594505310059,1.0
uniform,4,2.2360680103302,0.7768595041322314
uniform,4,6.082762718200684,1.0
uniform,4,5.830951690673828,1.0
uniform,0,29.20616340637207,1.0
uniform,0,1.0,0.6611570247933884
uniform,0,11.180339813232422,1.0
uniform,4,7.6157732009887695,1.0
uniform,0,8.0,1.0
uniform,4,1.0,0.6776859504132231
uniform,3,18.027755737304688,1.0
uniform,4,9.219544410705566,1.0
uniform,4,9.0,1.0
boundary,2,0.0,0.8441558441558441
boundary,2,35.11410140991211,1.0
boundary,0,10.049875259399414,1.0
boundary,0,13.0,1.0
boundary,2,0.0,0.5371900826446281
boundary,2,1.0,0.6033057851239669
boundary,2,3.1622776985168457,0.8842975206611571
boundary,2,6.082762718200684,1.0
boundary,3,15.524174690246582,1.0
boundary,2,2.2360680103302,0.8016528925619835
boundary,3,17.8885440826416,1.0
boundary,3,1.0,0.6528925619834711
boundary,2,1.0,0.45454545454545453
boundary,3,2.0,0.6942148760330579
boundary,3,2.0,0.7355371900826446
boundary,2,1.0,0.6611570247933884
boundary,2,3.1622776985168457,0.8677685950413223
boundary,4,0.0,0.4380165289256198
boundary,3,23.0867919921875,1.0
boundary,4,3.605551242828369,0.9008264462809917
boundary,3,19.0,1.0
boundary,3,23.0,1.0
boundary,0,5.830951690673828,1.0
boundary,0,8.062257766723633,1.0
boundary,0,1.0,0.6694214876033058
boundary,0,2.8284270763397217,0.8347107438016529
boundary,0,8.062257766723633,1.0
boundary,0,0.0,0.5371900826446281
boundary,0,0.0,0.5454545454545454
boundary,4,1.0,0.6115702479338843
boundary,4,0.0,0.5371900826446281
boundary,4,2.0,0.71900826446281
boundary,3,2.0,0.6776859504132231
boundary,4,2.0,0.71900826446281
boundary,3,1.0,0.5785123966942148
boundary,0,0.0,0.5867768595041323
boundary,4,1.0,0.5950413223140496
boundary,4,1.4142135381698608,0.7024793388429752
boundary,4,5.0,0.9834710743801653
boundary,4,2.8284270763397217,0.7575757575757576
interior,2,34.1760139465332,1.0
interior,2,34.01470184326172,1.0
interior,2,31.95309066772461,1.0
interior,2,26.570659637451172,1.0
interior,2,10.29563045501709,1.0
interior,3,0.0,0.5785123966942148
interior,2,19.92485809326172,1.0
interior,2,7.0,1.0
interior,2,10.440306663513184,1.0
interior,3,25.298221588134766,1.0
interior,3,27.312999725341797,1.0
interior,3,47.12748718261719,1.0
interior,3,64.28841400146484,1.0
interior,2,9.433980941772461,1.0
interior,2,3.0,0.8264462809917356
interior,3,73.49829864501953,1.0
interior,3,71.16881561279297,1.0
interior,3,48.332183837890625,1.0
interior,3,48.754486083984375,1.0
interior,3,53.25410842895508,1.0
interior,0,13.152946472167969,1.0
interior,4,4.123105525970459,0.9586776859504132
interior,0,25.495098114013672,1.0
interior,0,7.6157732009887695,1.0
interior,4,7.280109882354736,1.0
interior,4,8.0,1.0
interior,0,30.149627685546875,1.0
interior,0,13.03840446472168,1.0
interior,0,13.928388595581055,1.0
interior,4,9.486832618713379,1.0
interior,0,32.572994232177734,1.0
interior,4,15.033296585083008,1.0
interior,4,17.11724281311035,1.0
interior,4,17.262676239013672,1.0
interior,4,16.031219482421875,1.0
interior,0,35.735137939453125,1.0
interior,0,26.248809814453125,1.0
interior,0,20.248456954956055,1.0
interior,4,10.198039054870605,1.0
interior,4,18.027755737304688,1.0
uniform,2,13.152946472167969,1.0
uniform,0,3.0,0.8512396694214877
uniform,2,12.165525436401367,1.0
uniform,2,3.0,0.8347107438016529
uniform,2,0.0,0.5454545454545454
uniform,2,9.848857879638672,1.0
uniform,3,23.76972770690918,1.0
uniform,2,5.0,0.9669421487603306
uniform,3,25.495098114013672,1.0
uniform,3,4.4721360206604,0.9504132231404959
uniform,2,2.0,0.6446280991735537
uniform,3,13.03840446472168,1.0
uniform,3,47.75981521606445,1.0
uniform,3,5.0,0.9752066115702479
uniform,3,51.22499465942383,1.0
uniform,2,10.770329475402832,1.0
uniform,3,69.37578582763672,1.0
uniform,2,14.21267032623291,1.0
uniform,4,1.0,0.6363636363636364
uniform,3,32.0,1.0
uniform,2,0.0,0.5537190082644629
uniform,0,10.29563045501709,1.0
uniform,3,9.219544410705566,1.0
uniform,0,2.0,0.7520661157024794
uniform,0,7.211102485656738,1.0
uniform,0,15.231546401977539,1.0
uniform,0,3.0,0.8264462809917356
uniform,0,14.142135620117188,1.0
uniform,0,12.727922439575195,1.0
uniform,0,4.242640495300293,0.9338842975206612
uniform,4,2.0,0.7272727272727273
uniform,4,1.0,0.6033057851239669
uniform,4,2.0,0.71900826446281
uniform,4,8.5440034866333,1.0
uniform,4,5.830951690673828,1.0
uniform,4,2.0,0.743801652892562
uniform,4,0.0,0.5371900826446281
uniform,4,5.099019527435303,1.0
uniform,4,9.848857879638672,1.0
uniform,0,17.0880069732666,1.0
boundary,0,2.0,0.7272727272727273
boundary,2,6.324555397033691,1.0
boundary,2,10.770329475402832,1.0
boundary,2,2.8284270763397217,0.8181818181818182
boundary,3,5.0,1.0
boundary,2,7.280109882354736,1.0
boundary,3,13.416407585144043,1.0
boundary,3,10.0,1.0
boundary,3,29.73213768005371,1.0
boundary,2,0.0,0.5619834710743802
boundary,2,3.605551242828369,0.8677685950413223
boundary,3,2.0,0.4696969696969697
boundary,2,1.0,0.7
boundary,2,3.605551242828369,0.9008264462809917
boundary,2,6.324555397033691,1.0
boundary,4,4.0,0.9090909090909091
boundary,4,1.0,0.6198347107438017
boundary,4,0.0,0.5454545454545454
boundary,3,0.0,0.19696969696969696
boundary,2,9.848857879638672,1.0
boundary,4,1.0,0.5289256198347108
boundary,4,0.0,0.3884297520661157
boundary,3,38.01315689086914,1.0
boundary,0,1.4142135381698608,0.6942148760330579
boundary,3,19.209373474121094,1.0
boundary,3,3.605551242828369,0.9008264462809917
boundary,3,36.12478256225586,1.0
boundary,0,10.29563045501709,1.0
boundary,0,2.0,0.743801652892562
boundary,0,10.770329475402832,1.0
boundary,0,1.4142135381698608,0.7272727272727273
boundary,0,2.2360680103302,0.7603305785123967
boundary,0,23.600847244262695,1.0
boundary,4,2.2360680103302,0.768595041322314
boundary,0,5.0,0.9752066115702479
boundary,0,2.0,0.71900826446281
boundary,4,2.8284270763397217,0.8099173553719008
boundary,4,3.0,0.8181818181818182
boundary,4,2.2360680103302,0.7727272727272727
boundary,4,8.5440034866333,1.0
interior,2,33.105892181396484,1.0
interior,2,27.513633728027344,1.0
interior,0,17.72004508972168,1.0
interior,2,12.649110794067383,1.0
interior,2,17.0880069732666,1.0
interior,2,5.0,1.0
interior,2,9.848857879638672,1.0
interior,3,57.00876998901367,1.0
interior,3,61.0,1.0
interior,3,48.010414123535156,1.0
interior,3,59.41380310058594,1.0
interior,3,67.5351791381836,1.0
interior,3,40.224369049072266,1.0
interior,3,71.00704193115234,1.0
interior,2,11.704699516296387,1.0
interior,4,2.0,0.6446280991735537
interior,2,17.0,1.0
interior,2,14.0,1.0
interior,2,9.848857879638672,1.0
interior,3,61.09828186035156,1.0
interior,3,21.21320343017578,1.0
interior,3,10.816654205322266,1.0
interior,0,21.40093421936035,1.0
interior,0,24.1867733001709,1.0
interior,0,20.808652877807617,1.0
interior,0,9.0,1.0
interior,0,13.34166431427002,1.0
interior,0,16.76305389404297,1.0
interior,4,9.486832618713379,1.0
interior,4,11.401754379272461,1.0
interior,4,6.082762718200684,1.0
interior,0,32.557640075683594,1.0
interior,4,3.1622776985168457,0.8842975206611571
interior,4,3.1622776985168457,0.8545454545454545
interior,4,4.0,0.9181818181818182
interior,4,5.0,0.9818181818181818
interior,4,13.0,1.0
interior,0,34.1760139465332,1.0
interior,0,32.649654388427734,1.0
interior,4,20.2237491607666,1.0
uniform,0,1.4142135381698608,0.4393939393939394
uniform,2,26.925823211669922,1.0
uniform,2,11.401754379272461,1.0
uniform,2,11.401754379272461,1.0
uniform,3,30.364452362060547,1.0
uniform,3,48.041648864746094,1.0
uniform,3,44.777225494384766,1.0
uniform,3,60.20797348022461,1.0
uniform,2,5.0,1.0
uniform,2,1.0,0.5867768595041323
uniform,3,76.11833190917969,1.0
uniform,2,1.4142135381698608,0.7024793388429752
uniform,2,5.0,0.9669421487603306
uniform,2,1.0,0.6611570247933884
uniform,3,17.72004508972168,1.0
uniform,3,1.0,0.6033057851239669
uniform,3,17.0,1.0
uniform,2,13.0,1.0
uniform,4,6.0,1.0
uniform,2,5.099019527435303,0.9917355371900827
uniform,4,1.4142135381698608,0.6942148760330579
uniform,3,57.982757568359375,1.0
uniform,0,2.0,0.743801652892562
uniform,0,10.770329475402832,1.0
uniform,3,17.029386520385742,1.0
uniform,0,6.0,1.0
uniform,0,8.485280990600586,1.0
uniform,0,25.495098114013672,1.0
uniform,0,8.5440034866333,1.0
uniform,0,1.0,0.5950413223140496
uniform,4,1.4142135381698608,0.7024793388429752
uniform,4,2.0,0.768595041322314
uniform,4,11.045360565185547,1.0
uniform,0,17.464248657226562,1.0
uniform,4,14.866068840026855,1.0
uniform,4,14.0,1.0
uniform,4,1.0,0.5272727272727272
uniform,4,6.082762718200684,1.0
uniform,0,7.0,1.0
uniform,4,4.0,0.8701298701298701
boundary,0,0.0,0.36363636363636365
boundary,2,1.0,0.7878787878787878
boundary,2,4.123105525970459,0.9421487603305785
boundary,2,9.219544410705566,1.0
boundary,0,4.0,0.9173553719008265
boundary,3,4.0,0.9090909090909091
boundary,2,4.4721360206604,0.9504132231404959
boundary,3,3.0,0.8429752066115702
boundary,2,5.0,0.9752066115702479
boundary,3,1.4142135381698608,0.6859504132231405
boundary,3,2.8284270763397217,0.8429752066115702
boundary,3,11.401754379272461,1.0
boundary,2,1.4142135381698608,0.6611570247933884
boundary,2,11.180339813232422,1.0
boundary,2,4.4721360206604,0.9504132231404959
boundary,4,2.0,0.743801652892562
boundary,4,0.0,0.4049586776859504
boundary,3,41.1096076965332,1.0
boundary,3,10.0,1.0
boundary,2,4.123105525970459,0.9256198347107438
boundary,2,3.1622776985168457,0.8181818181818182
boundary,0,0.0,0.5537190082644629
boundary,0,0.0,0.33884297520661155
boundary,0,1.0,0.6528925619834711
boundary,3,1.4142135381698608,0.6859504132231405
boundary,0,6.4031243324279785,1.0
boundary,3,6.324555397033691,1.0
boundary,0,6.4031243324279785,0.9917355371900827
boundary,4,0.0,0.5206611570247934
boundary,0,0.0,0.5041322314049587
boundary,4,5.0,0.9752066115702479
boundary,4,1.0,0.6528925619834711
boundary,4,4.0,0.9338842975206612
boundary,3,13.0,1.0
boundary,4,0.0,0.5537190082644629
boundary,0,15.132745742797852,1.0
boundary,4,14.560219764709473,1.0
boundary,0,17.0880069732666,1.0
boundary,4,5.0,0.961038961038961
boundary,4,5.830951690673828,1.0
interior,2,37.6961555480957,1.0
interior,2,36.67424011230469,1.0
interior,2,33.83784866333008,1.0
interior,2,34.885528564453125,1.0
interior,2,23.76972770690918,1.0
interior,2,0.0,0.5371900826446281
interior,2,19.697715759277344,1.0
interior,2,10.770329475402832,1.0
interior,2,16.124515533447266,1.0
interior,2,10.770329475402832,1.0
interior,3,33.0,1.0
interior,3,34.438350677490234,1.0
interior,3,72.00694274902344,1.0
interior,3,34.0,1.0
interior,3,77.36924743652344,1.0
interior,3,52.15361785888672,1.0
interior,3,51.0,1.0
interior,3,71.47027587890625,1.0
interior,4,3.0,0.8181818181818182
interior,3,41.62931823730469,1.0
interior,0,7.0,1.0
interior,3,31.320919036865234,1.0
interior,0,13.928388595581055,1.0
interior,0,4.4721360206604,0.9752066115702479
interior,4,0.0,0.39669421487603307
interior,0,27.018512725830078,1.0
interior,0,31.400636672973633,1.0
interior,0,28.42534065246582,1.0
interior,0,24.083189010620117,1.0
interior,0,29.4108829498291,1.0
interior,4,6.082762718200684,1.0
interior,4,9.848857879638672,1.0
interior,4,12.649110794067383,1.0
interior,4,13.152946472167969,1.0
interior,4,17.0,1.0
interior,0,15.81138801574707,1.0
interior,4,12.649110794067383,1.0
interior,0,34.4093017578125,1.0
interior,4,14.866068840026855,1.0
interior,4,18.439088821411133,1.0
uniform,2,10.198039054870605,1.0
uniform,0,11.401754379272461,1.0
uniform,2,10.049875259399414,1.0
uniform,2,10.770329475402832,1.0
uniform,2,3.1622776985168457,0.8760330578512396
uniform,2,6.0,1.0
uniform,2,16.278820037841797,1.0
uniform,3,23.0,1.0
uniform,2,1.0,0.5371900826446281
uniform,3,42.05948257446289,1.0
uniform,3,53.712196350097656,1.0
uniform,3,14.764822959899902,1.0
uniform,3,30.4138126373291,1.0
uniform,3,50.21951675415039,1.0
uniform,3,18.681541442871094,1.0
uniform,3,66.27216339111328,1.0
uniform,2,12.041594505310059,1.0
uniform,4,2.8284270763397217,0.7272727272727273
uniform,4,4.0,0.9256198347107438
uniform,2,2.2360680103302,0.8099173553719008
uniform,2,11.180339813232422,1.0
uniform,4,4.123105525970459,0.9586776859504132
uniform,3,28.460498809814453,1.0
uniform,4,2.0,0.6198347107438017
uniform,3,14.422204971313477,1.0
uniform,0,5.099019527435303,1.0
uniform,0,16.278820037841797,1.0
uniform,0,11.661903381347656,1.0
uniform,0,17.0,1.0
uniform,0,13.416407585144043,1.0
uniform,0,18.681541442871094,1.0
uniform,0,5.0,0.9834710743801653
uniform,4,0.0,0.38016528925619836
uniform,4,0.0,0.5537190082644629
uniform,4,4.123105525970459,0.9504132231404959
uniform,4,6.324555397033691,1.0
uniform,0,4.0,0.9256198347107438
uniform,4,8.0,1.0
uniform,4,9.848857879638672,1.0
uniform,0,19.72308349609375,1.0
boundary,2,8.9442720413208,1.0
boundary,2,0.0,0.512396694214876
boundary,2,7.211102485656738,1.0
boundary,2,5.0,1.0
boundary,3,12.0,1.0
boundary,2,3.0,0.8264462809917356
boundary,3,3.0,0.8264462809917356
boundary,3,14.866068840026855,1.0
boundary,3,5.0,0.9752066115702479
boundary,3,39.560081481933594,1.0
boundary,2,3.0,0.8429752066115702
boundary,3,8.0,1.0
boundary,2,6.4031243324279785,0.9917355371900827
boundary,3,13.03840446472168,1.0
boundary,2,1.0,0.5950413223140496
boundary,2,8.0,1.0
boundary,4,2.0,0.6694214876033058
boundary,4,3.0,0.8760330578512396
boundary,3,36.68787384033203,1.0
boundary,3,3.1622776985168457,0.8677685950413223
boundary,4,0.0,0.5537190082644629
boundary,2,1.0,0.6528925619834711
boundary,4,0.0,0.5785123966942148
boundary,3,29.068883895874023,1.0
boundary,0,0.0,0.5619834710743802
boundary,0,5.830951690673828,0.990909090909091
boundary,0,3.605551242828369,0.9090909090909091
boundary,0,2.0,0.7024793388429752
boundary,0,6.324555397033691,1.0
boundary,0,2.0,0.7107438016528925
boundary,0,1.4142135381698608,0.7024793388429752
boundary,0,7.071067810058594,1.0
boundary,4,1.4142135381698608,0.512396694214876
boundary,0,1.4142135381698608,0.7107438016528925
boundary,4,0.0,0.5537190082644629
boundary,0,1.4142135381698608,0.7024793388429752
boundary,4,2.0,0.7603305785123967
boundary,4,7.0,1.0
boundary,4,8.0,1.0
boundary,4,11.045360565185547,1.0
interior,2,38.01315689086914,1.0
interior,2,31.62277603149414,1.0
interior,2,23.409399032592773,1.0
interior,2,28.635643005371094,1.0
interior,2,30.870698928833008,1.0
interior,2,16.155494689941406,1.0
interior,2,10.198039054870605,1.0
interior,2,20.124610900878906,1.0
interior,2,4.4721360206604,0.9586776859504132
interior,2,11.045360565185547,1.0
interior,3,7.280109882354736,1.0
interior,3,36.878177642822266,1.0
interior,3,51.92301940917969,1.0
interior,3,45.0,1.0
interior,3,1.0,0.6446280991735537
interior,3,66.27216339111328,1.0
interior,3,69.05070495605469,1.0
interior,3,61.09828186035156,1.0
interior,4,5.0,1.0
interior,3,57.93962478637695,1.0
interior,4,0.0,0.2809917355371901
interior,0,4.4721360206604,0.9504132231404959
interior,0,21.095022201538086,1.0
interior,0,5.099019527435303,1.0
interior,0,21.931713104248047,1.0
interior,0,4.0,0.9173553719008265
interior,4,9.848857879638672,1.0
interior,0,33.2866325378418,1.0
interior,4,10.770329475402832,1.0
interior,4,13.416407585144043,1.0
interior,0,12.165525436401367,1.0
interior,0,31.240999221801758,1.0
interior,4,4.0,0.9338842975206612
interior,4,16.124515533447266,1.0
interior,0,31.400636672973633,1.0
interior,3,5.830951690673828,1.0
interior,0,13.0,1.0
interior,4,14.317821502685547,1.0
interior,4,15.81138801574707,1.0
interior,4,18.027755737304688,1.0
uniform,4,1.0,0.5454545454545454
uniform,4,3.1622776985168457,0.8727272727272727
uniform,4,5.099019527435303,0.9772727272727273
uniform,4,6.7082037925720215,1.0
uniform,4,8.062257766723633,1.0
uniform,2,84.2911605834961,1.0
uniform,4,5.830951690673828,1.0
uniform,4,1.0,0.6033057851239669
uniform,4,5.830951690673828,1.0
uniform,4,2.0,0.7272727272727273
uniform,4,0.0,0.42857142857142855
uniform,2,155.85891723632812,1.0
uniform,2,104.48445129394531,1.0
uniform,2,89.87213134765625,1.0
uniform,2,280.26416015625,1.0
uniform,2,166.97604370117188,1.0
uniform,2,184.00271606445312,1.0
uniform,2,208.65521240234375,1.0
uniform,2,221.71377563476562,1.0
uniform,2,324.8399658203125,1.0
boundary,2,37.80211639404297,1.0
boundary,4,1.4142135381698608,0.5064935064935064
boundary,4,2.2360680103302,0.5909090909090909
boundary,4,0.0,0.494949494949495
boundary,2,96.04686737060547,1.0
boundary,2,74.94664764404297,1.0
boundary,4,1.4142135381698608,0.71900826446281
boundary,2,10.440306663513184,1.0
boundary,4,9.848857879638672,1.0
boundary,4,1.0,0.5619834710743802
boundary,4,1.0,0.4793388429752066
boundary,4,2.8284270763397217,0.8099173553719008
boundary,4,2.8284270763397217,0.8181818181818182
boundary,4,0.0,0.45454545454545453
boundary,2,84.30895233154297,1.0
boundary,2,45.0444221496582,1.0
boundary,2,99.00505065917969,1.0
boundary,2,162.73291015625,1.0
boundary,2,175.6929168701172,1.0
boundary,2,276.80499267578125,1.0
interior,4,0.0,0.3409090909090909
interior,4,5.385164737701416,0.9797979797979798
interior,4,4.123105525970459,0.9256198347107438
interior,4,9.848857879638672,1.0
interior,4,10.198039054870605,1.0
interior,4,10.29563045501709,1.0
interior,4,10.770329475402832,1.0
interior,4,6.324555397033691,1.0
interior,4,7.211102485656738,1.0
interior,4,0.0,0.4297520661157025
interior,2,243.4029541015625,1.0
interior,2,284.61376953125,1.0
interior,2,100.84642028808594,1.0
interior,2,272.2370300292969,1.0
interior,2,334.4502868652344,1.0
interior,2,260.1922302246094,1.0
interior,2,200.73117065429688,1.0
interior,2,337.4996337890625,1.0
interior,2,274.6124572753906,1.0
interior,2,294.8033142089844,1.0
uniform,4,2.0,0.6704545454545454
uniform,4,3.605551242828369,0.8333333333333334
uniform,2,233.48233032226562,1.0
uniform,4,3.1622776985168457,0.8760330578512396
uniform,4,5.0,0.9696969696969697
uniform,4,0.0,0.5867768595041323
uniform,4,5.0,0.9752066115702479
uniform,4,0.0,0.47107438016528924
uniform,4,2.8284270763397217,0.7355371900826446
uniform,4,4.4721360206604,0.9008264462809917
uniform,4,2.0,0.6115702479338843
uniform,2,240.63458251953125,1.0
uniform,2,230.25637817382812,1.0
uniform,2,148.6606903076172,1.0
uniform,2,189.1798095703125,1.0
uniform,2,180.64883422851562,1.0
uniform,2,189.1692352294922,1.0
uniform,2,237.45315551757812,1.0
uniform,2,276.6694641113281,1.0
uniform,2,342.9825134277344,1.0
boundary,2,69.6419448852539,1.0
boundary,4,1.0,0.4431818181818182
boundary,4,0.0,0.5363636363636364
boundary,4,2.0,0.7272727272727273
boundary,4,5.099019527435303,0.9772727272727273
boundary,4,1.0,0.6446280991735537
boundary,4,5.385164737701416,0.990909090909091
boundary,4,0.0,0.4297520661157025
boundary,4,1.0,0.6446280991735537
boundary,4,0.0,0.5867768595041323
boundary,4,1.0,0.5909090909090909
boundary,2,58.215118408203125,1.0
boundary,2,153.55130004882812,1.0
boundary,2,51.62363815307617,1.0
boundary,2,18.384777069091797,1.0
boundary,2,179.25401306152344,1.0
boundary,2,112.27198791503906,1.0
boundary,2,57.697486877441406,1.0
boundary,2,116.10340118408203,1.0
boundary,2,154.5736083984375,1.0
interior,2,243.75807189941406,1.0
interior,2,266.1766357421875,1.0
interior,4,5.0,0.9393939393939394
interior,4,5.830951690673828,0.987012987012987
interior,4,4.123105525970459,0.9256198347107438
interior,4,8.5440034866333,1.0
interior,4,10.198039054870605,1.0
interior,4,9.486832618713379,1.0
interior,4,3.605551242828369,0.9008264462809917
interior,4,6.324555397033691,1.0
interior,4,10.770329475402832,1.0
interior,4,2.0,0.6818181818181818
interior,2,196.36700439453125,1.0
interior,2,283.0989074707031,1.0
interior,2,315.3822937011719,1.0
interior,2,290.8006286621094,1.0
interior,2,338.7417907714844,1.0
interior,2,349.42523193359375,1.0
interior,2,355.14080810546875,1.0
interior,2,363.126708984375,1.0
uniform,2,272.970703125,1.0
uniform,4,2.0,0.7090909090909091
uniform,4,2.8284270763397217,0.8429752066115702
uniform,4,6.324555397033691,1.0
uniform,4,0.0,0.5206611570247934
uniform,4,2.8284270763397217,0.8264462809917356
uniform,4,2.0,0.7272727272727273
uniform,4,5.385164737701416,0.9834710743801653
uniform,4,6.7082037925720215,1.0
uniform,4,2.8284270763397217,0.8272727272727273
uniform,4,0.0,0.5371900826446281
uniform,2,224.5105743408203,1.0
uniform,2,39.81205749511719,1.0
uniform,2,55.145263671875,1.0
uniform,2,301.6173095703125,1.0
uniform,2,119.36917877197266,1.0
uniform,2,290.74560546875,1.0
uniform,2,242.2498779296875,1.0
uniform,2,249.40127563476562,1.0
uniform,2,335.3147888183594,1.0
boundary,4,0.0,0.2727272727272727
boundary,4,0.0,0.3246753246753247
boundary,4,2.2360680103302,0.7012987012987013
boundary,4,0.0,0.5289256198347108
boundary,4,2.0,0.6115702479338843
boundary,4,2.0,0.6446280991735537
boundary,4,1.0,0.5041322314049587
boundary,4,0.0,0.5041322314049587
boundary,4,2.8284270763397217,0.7727272727272727
boundary,4,0.0,0.5867768595041323
boundary,2,62.64183807373047,1.0
boundary,2,19.92485809326172,1.0
boundary,2,73.53910827636719,1.0
boundary,2,23.706539154052734,1.0
boundary,2,46.840152740478516,1.0
boundary,2,216.63333129882812,1.0
boundary,2,76.27581787109375,1.0
boundary,2,120.42009735107422,1.0
boundary,2,150.88075256347656,1.0
boundary,2,268.2237854003906,1.0
interior,2,120.80562591552734,1.0
interior,4,2.8284270763397217,0.6666666666666666
interior,4,0.0,0.4909090909090909
interior,4,10.198039054870605,1.0
interior,4,10.440306663513184,1.0
interior,2,67.26811981201172,1.0
interior,4,10.770329475402832,1.0
interior,4,10.29563045501709,1.0
interior,4,7.211102485656738,1.0
interior,4,8.062257766723633,1.0
interior,4,5.830951690673828,0.987012987012987
interior,4,0.0,0.5867768595041323
interior,2,238.72369384765625,1.0
interior,2,222.76669311523438,1.0
interior,2,220.32022094726562,1.0
interior,2,320.02813720703125,1.0
interior,2,323.21044921875,1.0
interior,2,308.0584411621094,1.0
interior,2,300.5212097167969,1.0
interior,2,316.8974609375,1.0
uniform,4,2.0,0.6704545454545454
uniform,4,0.0,0.5619834710743802
uniform,4,4.4721360206604,0.9318181818181818
uniform,2,264.4844055175781,1.0
uniform,4,0.0,0.5702479338842975
uniform,4,2.0,0.743801652892562
uniform,4,4.4721360206604,0.9504132231404959
uniform,4,9.433980941772461,1.0
uniform,4,5.0,0.9504132231404959
uniform,4,2.8284270763397217,0.7024793388429752
uniform,4,2.0,0.7272727272727273
uniform,2,106.53168487548828,1.0
uniform,2,248.36465454101562,1.0
uniform,2,167.69317626953125,1.0
uniform,2,295.873291015625,1.0
uniform,2,182.0164794921875,1.0
uniform,2,249.6096954345703,1.0
uniform,2,190.0,1.0
uniform,2,213.15252685546875,1.0
uniform,2,295.2558288574219,1.0
boundary,2,50.695167541503906,1.0
boundary,2,4.4721360206604,0.9586776859504132
boundary,4,5.830951690673828,1.0
boundary,4,4.123105525970459,0.9256198347107438
boundary,4,7.6157732009887695,1.0
boundary,4,6.324555397033691,1.0
boundary,4,3.1622776985168457,0.8760330578512396
boundary,4,8.062257766723633,1.0
boundary,4,0.0,0.4297520661157025
boundary,4,1.0,0.4793388429752066
boundary,4,0.0,0.5867768595041323
boundary,4,1.0,0.628099173553719
boundary,2,32.24903106689453,1.0
boundary,2,29.698484420776367,1.0
boundary,2,57.87054443359375,1.0
boundary,2,77.41446685791016,1.0
boundary,2,64.49806213378906,1.0
boundary,2,80.36167907714844,1.0
boundary,2,121.2476806640625,1.0
boundary,2,190.688232421875,1.0
interior,2,171.40011596679688,1.0
interior,4,2.0,0.5151515151515151
interior,2,161.94134521484375,1.0
interior,4,1.4142135381698608,0.6464646464646465
interior,4,6.324555397033691,1.0
interior,4,4.123105525970459,0.9256198347107438
interior,4,8.5440034866333,1.0
interior,4,5.830951690673828,0.9917355371900827
interior,4,6.7082037925720215,1.0
interior,4,5.830951690673828,0.9917355371900827
interior,4,7.6157732009887695,1.0
interior,4,1.0,0.5041322314049587
interior,2,279.6587219238281,1.0
interior,2,89.02246856689453,1.0
interior,2,280.4460754394531,1.0
interior,2,224.53953552246094,1.0
interior,2,286.5658874511719,1.0
interior,2,283.3460693359375,1.0
interior,2,353.90960693359375,1.0
interior,2,260.03460693359375,1.0
uniform,4,1.0,0.5
uniform,4,4.123105525970459,0.8787878787878788
uniform,4,2.2360680103302,0.8099173553719008
uniform,4,3.1622776985168457,0.859504132231405
uniform,4,7.6157732009887695,1.0
uniform,4,9.433980941772461,1.0
uniform,4,1.0,0.6198347107438017
uniform,4,7.071067810058594,1.0
uniform,4,4.0,0.9173553719008265
uniform,4,2.0,0.7272727272727273
uniform,2,217.517822265625,1.0
uniform,2,291.8783874511719,1.0
uniform,2,126.6056900024414,1.0
uniform,2,177.80044555664062,1.0
uniform,2,241.83465576171875,1.0
uniform,2,183.57559204101562,1.0
uniform,2,234.43975830078125,1.0
uniform,2,313.42303466796875,1.0
uniform,2,194.07730102539062,1.0
uniform,2,188.4091339111328,1.0
boundary,4,0.0,0.19696969696969696
boundary,2,196.46119689941406,1.0
boundary,4,1.0,0.5568181818181818
boundary,4,1.0,0.5454545454545454
boundary,4,1.0,0.6446280991735537
boundary,4,4.123105525970459,0.9272727272727272
boundary,2,250.07199096679688,1.0
boundary,4,1.0,0.6033057851239669
boundary,4,0.0,0.47107438016528924
boundary,2,233.0,1.0
boundary,4,2.8284270763397217,0.8181818181818182
boundary,4,0.0,0.4462809917355372
boundary,4,1.0,0.5950413223140496
boundary,2,18.384777069091797,1.0
boundary,2,135.9595489501953,1.0
boundary,2,69.92138671875,1.0
boundary,2,85.61541748046875,1.0
boundary,2,226.38462829589844,1.0
boundary,2,130.6139373779297,1.0
boundary,2,216.1573486328125,1.0
interior,4,5.0,0.948051948051948
interior,4,5.830951690673828,0.987012987012987
interior,4,8.062257766723633,1.0
interior,4,9.433980941772461,1.0
interior,4,7.071067810058594,1.0
interior,4,2.8284270763397217,0.8429752066115702
interior,4,9.486832618713379,1.0
interior,4,9.848857879638672,1.0
interior,4,7.6157732009887695,1.0
interior,4,1.0,0.5041322314049587
interior,2,263.4273986816406,1.0
interior,2,130.249755859375,1.0
interior,2,161.98765563964844,1.0
interior,2,114.28472900390625,1.0
interior,2,255.04901123046875,1.0
interior,2,320.03125,1.0
interior,2,325.0553894042969,1.0
interior,2,301.4000549316406,1.0
interior,2,302.8002624511719,1.0
interior,2,196.51463317871094,1.0
uniform,5,29.42787742614746,1.0
uniform,2,16.401220321655273,1.0
uniform,5,19.235383987426758,1.0
uniform,5,22.825424194335938,1.0
uniform,5,12.083045959472656,1.0
uniform,2,2.8284270763397217,0.8347107438016529
uniform,2,49.648765563964844,1.0
uniform,2,18.357559204101562,1.0
uniform,2,47.423622131347656,1.0
uniform,2,42.19004440307617,1.0
uniform,2,0.0,0.5619834710743802
uniform,2,22.203603744506836,1.0
uniform,1,2.0,0.7520661157024794
uniform,1,22.803508758544922,1.0
uniform,1,3.1622776985168457,0.8677685950413223
uniform,1,32.202484130859375,1.0
uniform,5,26.248809814453125,1.0
uniform,1,69.89277648925781,1.0
uniform,5,46.14108657836914,1.0
uniform,5,38.27531814575195,1.0
uniform,2,2.2360680103302,0.8512396694214877
uniform,1,29.96664810180664,1.0
uniform,1,50.20956039428711,1.0
uniform,1,0.0,0.5867768595041323
uniform,5,30.0,1.0
uniform,5,13.34166431427002,1.0
uniform,3,0.0,0.5206611570247934
uniform,3,1.0,0.6363636363636364
uniform,1,47.01063537597656,1.0
uniform,3,5.0,0.9669421487603306
uniform,2,10.630146026611328,1.0
uniform,3,13.892443656921387,1.0
uniform,3,14.03566837310791,1.0
uniform,3,2.2360680103302,0.7272727272727273
uniform,3,4.4721360206604,0.9669421487603306
uniform,1,0.0,0.5619834710743802
uniform,3,2.0,0.71900826446281
uniform,3,3.605551242828369,0.8760330578512396
uniform,3,7.071067810058594,1.0
uniform,5,53.712196350097656,1.0
boundary,2,9.848857879638672,1.0
boundary,5,4.123105525970459,0.9504132231404959
boundary,2,7.8102498054504395,1.0
boundary,2,10.29563045501709,1.0
boundary,5,10.0,1.0
boundary,5,17.492855072021484,1.0
boundary,2,8.485280990600586,1.0
boundary,2,25.05992889404297,1.0
boundary,2,10.770329475402832,1.0
boundary,2,14.764822959899902,1.0
boundary,1,1.0,0.6363636363636364
boundary,5,4.0,0.9338842975206612
boundary,1,10.29563045501709,1.0
boundary,2,4.4721360206604,0.9421487603305785
boundary,1,15.0,1.0
boundary,5,38.327537536621094,1.0
boundary,1,3.605551242828369,0.9008264462809917
boundary,5,13.34166431427002,1.0
boundary,1,43.26661682128906,1.0
boundary,2,6.4031243324279785,1.0
boundary,1,41.617305755615234,1.0
boundary,5,3.1622776985168457,0.859504132231405
boundary,2,6.7082037925720215,1.0
boundary,5,17.72004508972168,1.0
boundary,1,2.2360680103302,0.6611570247933884
boundary,1,15.0,1.0
boundary,5,4.123105525970459,0.9504132231404959
boundary,5,8.0,1.0
boundary,3,1.0,0.6033057851239669
boundary,3,2.2360680103302,0.743801652892562
boundary,1,2.0,0.7520661157024794
boundary,1,6.324555397033691,0.9917355371900827
boundary,3,1.0,0.6363636363636364
boundary,3,11.704699516296387,1.0
boundary,3,1.0,0.5702479338842975
boundary,3,13.892443656921387,1.0
boundary,3,5.0,0.9586776859504132
boundary,3,7.0,1.0
boundary,3,15.55634880065918,1.0
boundary,3,24.0,1.0
interior,2,41.400482177734375,1.0
interior,2,47.423622131347656,1.0
interior,2,42.20189666748047,1.0
interior,2,41.59326934814453,1.0
interior,2,55.803226470947266,1.0
interior,2,41.01219177246094,1.0
interior,2,20.02498435974121,1.0
interior,2,49.24428939819336,1.0
interior,2,51.6623649597168,1.0
interior,2,37.735923767089844,1.0
interior,5,27.294687271118164,1.0
interior,5,43.46262741088867,1.0
interior,5,33.105892181396484,1.0
interior,1,34.98571014404297,1.0
interior,5,20.39607810974121,1.0
interior,1,61.032779693603516,1.0
interior,1,56.30275344848633,1.0
interior,1,68.24221801757812,1.0
interior,1,79.61155700683594,1.0
interior,1,84.38601684570312,1.0
interior,5,37.947330474853516,1.0
interior,1,39.4461669921875,1.0
interior,1,58.694122314453125,1.0
interior,1,62.22539520263672,1.0
interior,1,60.95900344848633,1.0
interior,5,81.49846649169922,1.0
interior,5,57.0,1.0
interior,3,10.0,1.0
interior,5,67.47592163085938,1.0
interior,5,95.35198211669922,1.0
interior,3,6.7082037925720215,1.0
interior,3,20.099750518798828,1.0
interior,3,17.029386520385742,1.0
interior,3,21.954498291015625,1.0
interior,3,17.0,1.0
interior,3,22.203603744506836,1.0
interior,5,82.9698715209961,1.0
interior,3,22.627416610717773,1.0
interior,3,25.0,1.0
interior,3,19.416488647460938,1.0
uniform,2,5.385164737701416,0.9834710743801653
uniform,5,11.313708305358887,1.0
uniform,5,8.485280990600586,1.0
uniform,2,3.0,0.8181818181818182
uniform,5,9.848857879638672,1.0
uniform,5,5.0,0.9752066115702479
uniform,2,5.830951690673828,1.0
uniform,2,9.433980941772461,1.0
uniform,2,33.30165100097656,1.0
uniform,2,34.928497314453125,1.0
uniform,2,20.615528106689453,1.0
uniform,2,37.735923767089844,1.0
uniform,2,17.0880069732666,1.0
uniform,2,12.369317054748535,1.0
uniform,5,10.198039054870605,1.0
uniform,1,8.602325439453125,1.0
uniform,5,18.0,1.0
uniform,1,19.697715759277344,1.0
uniform,1,34.98571014404297,1.0
uniform,1,15.81138801574707,1.0
uniform,1,61.587337493896484,1.0
uniform,5,50.56678771972656,1.0
uniform,5,28.635643005371094,1.0
uniform,1,11.401754379272461,1.0
uniform,5,72.44308471679688,1.0
uniform,1,1.0,0.6611570247933884
uniform,1,0.0,0.5785123966942148
uniform,1,24.20743751525879,1.0
uniform,3,2.2360680103302,0.768595041322314
uniform,3,12.0,1.0
uniform,3,12.0,1.0
uniform,5,63.78871536254883,1.0
uniform,1,7.6157732009887695,1.0
uniform,3,9.433980941772461,1.0
uniform,3,12.041594505310059,1.0
uniform,3,16.124515533447266,1.0
uniform,3,3.1622776985168457,0.859504132231405
uniform,3,14.866068840026855,1.0
uniform,3,22.0,1.0
uniform,3,19.84943389892578,1.0
boundary,2,30.01666259765625,1.0
boundary,2,11.704699516296387,1.0
boundary,2,1.0,0.5950413223140496
boundary,5,9.848857879638672,1.0
boundary,5,8.062257766723633,1.0
boundary,5,1.4142135381698608,0.7355371900826446
boundary,2,16.124515533447266,1.0
boundary,2,5.385164737701416,1.0
boundary,2,15.620499610900879,1.0
boundary,2,44.65422821044922,1.0
boundary,1,1.0,0.5950413223140496
boundary,2,5.0,0.9586776859504132
boundary,5,1.4142135381698608,0.5702479338842975
boundary,1,18.601076126098633,1.0
boundary,2,3.605551242828369,0.9008264462809917
boundary,5,2.0,0.7520661157024794
boundary,5,31.14482307434082,1.0
boundary,1,19.416488647460938,1.0
boundary,1,20.0,1.0
boundary,2,7.211102485656738,1.0
boundary,1,1.0,0.6528925619834711
boundary,1,16.124515533447266,1.0
boundary,1,30.886890411376953,1.0
boundary,5,10.049875259399414,1.0
boundary,1,9.219544410705566,1.0
boundary,5,3.0,0.8925619834710744
boundary,1,28.284271240234375,1.0
boundary,1,2.0,0.6611570247933884
boundary,3,1.0,0.5619834710743802
boundary,3,2.0,0.7272727272727273
boundary,5,9.0,1.0
boundary,5,2.2360680103302,0.8181818181818182
boundary,3,8.0,1.0
boundary,3,3.1622776985168457,0.8842975206611571
boundary,3,14.866068840026855,1.0
boundary,3,19.92485809326172,1.0
boundary,3,1.4142135381698608,0.7024793388429752
boundary,3,1.0,0.5818181818181818
boundary,3,16.401220321655273,1.0
boundary,3,10.630146026611328,1.0
interior,2,13.03840446472168,1.0
interior,5,33.37664031982422,1.0
interior,5,19.235383987426758,1.0
interior,5,27.294687271118164,1.0
interior,2,40.16217041015625,1.0
interior,2,41.9761848449707,1.0
interior,2,34.48188018798828,1.0
interior,2,44.41846466064453,1.0
interior,2,54.451812744140625,1.0
interior,2,45.25483322143555,1.0
interior,2,50.0,1.0
interior,2,44.283180236816406,1.0
interior,2,9.848857879638672,1.0
interior,1,53.0,1.0
interior,1,67.95587158203125,1.0
interior,1,73.87828063964844,1.0
interior,1,27.73084831237793,1.0
interior,5,47.095645904541016,1.0
interior,5,52.55473327636719,1.0
interior,1,51.400390625,1.0
interior,1,44.821868896484375,1.0
interior,1,20.124610900878906,1.0
interior,5,64.1248779296875,1.0
interior,1,31.827661514282227,1.0
interior,5,71.56814575195312,1.0
interior,1,24.83948516845703,1.0
interior,1,11.180339813232422,1.0
interior,3,2.0,0.7024793388429752
interior,3,4.0,0.9008264462809917
interior,5,39.458839416503906,1.0
interior,3,1.0,0.6363636363636364
interior,3,8.062257766723633,1.0
interior,5,72.44308471679688,1.0
interior,3,13.0,1.0
interior,3,13.928388595581055,1.0
interior,5,76.48529052734375,1.0
interior,3,17.20465087890625,1.0
interior,3,21.21320343017578,1.0
interior,3,22.0,1.0
interior,3,22.090721130371094,1.0
uniform,2,12.041594505310059,1.0
uniform,5,23.34523582458496,1.0
uniform,2,49.25444030761719,1.0
uniform,2,20.124610900878906,1.0
uniform,2,12.165525436401367,1.0
uniform,2,24.020824432373047,1.0
uniform,1,1.4142135381698608,0.6022727272727273
uniform,5,2.0,0.71900826446281
uniform,5,28.160255432128906,1.0
uniform,2,16.124515533447266,1.0
uniform,1,32.24903106689453,1.0
uniform,1,12.206555366516113,1.0
uniform,2,5.099019527435303,1.0
uniform,1,0.0,0.5206611570247934
uniform,1,8.602325439453125,1.0
uniform,2,0.0,0.5206611570247934
uniform,5,41.400482177734375,1.0
uniform,5,22.135944366455078,1.0
uniform,5,46.2385139465332,1.0
uniform,5,46.173583984375,1.0
uniform,1,31.30495262145996,1.0
uniform,5,58.52349853515625,1.0
uniform,1,17.029386520385742,1.0
uniform,1,22.803508758544922,1.0
uniform,1,12.529964447021484,1.0
uniform,5,9.486832618713379,1.0
uniform,2,2.8284270763397217,0.8429752066115702
uniform,3,1.0,0.6033057851239669
uniform,2,2.2360680103302,0.7933884297520661
uniform,3,2.0,0.7272727272727273
uniform,3,2.8284270763397217,0.8512396694214877
uniform,3,9.433980941772461,1.0
uniform,3,12.0,1.0
uniform,5,86.5794448852539,1.0
uniform,3,3.1622776985168457,0.8842975206611571
uniform,3,17.0,1.0
uniform,3,8.485280990600586,1.0
uniform,3,22.803508758544922,1.0
uniform,1,14.142135620117188,1.0
uniform,3,24.331050872802734,1.0
boundary,2,16.278820037841797,1.0
boundary,2,29.120439529418945,1.0
boundary,2,1.0,0.7520661157024794
boundary,5,28.861740112304688,1.0
boundary,5,6.7082037925720215,1.0
boundary,5,5.0,0.9752066115702479
boundary,5,1.0,0.7520661157024794
boundary,2,1.0,0.7107438016528925
boundary,5,2.0,0.7603305785123967
boundary,5,1.0,0.6363636363636364
boundary,5,5.099019527435303,0.9752066115702479
boundary,5,11.0,1.0
boundary,2,17.804492950439453,1.0
boundary,2,18.357559204101562,1.0
boundary,1,20.808652877807617,1.0
boundary,1,0.0,0.5289256198347108
boundary,1,7.8102498054504395,1.0
boundary,5,17.464248657226562,1.0
boundary,1,11.661903381347656,1.0
boundary,2,4.0,0.9421487603305785
boundary,1,19.235383987426758,1.0
boundary,5,14.142135620117188,1.0
boundary,1,19.10497283935547,1.0
boundary,1,23.706539154052734,1.0
boundary,1,8.246211051940918,1.0
boundary,2,13.0,1.0
boundary,2,8.0,1.0
boundary,2,5.830951690673828,0.9917355371900827
boundary,3,0.0,0.5371900826446281
boundary,1,9.219544410705566,1.0
boundary,3,1.4142135381698608,0.6776859504132231
boundary,3,3.605551242828369,0.8842975206611571
boundary,3,4.123105525970459,0.9173553719008265
boundary,3,8.0,1.0
boundary,3,7.071067810058594,1.0
boundary,3,2.2360680103302,0.7851239669421488
boundary,3,8.0,1.0
boundary,3,11.0,1.0
boundary,1,4.242640495300293,0.9173553719008265
boundary,3,2.8284270763397217,0.7954545454545454
interior,2,40.199501037597656,1.0
interior,2,30.4138126373291,1.0
interior,2,37.80211639404297,1.0
interior,2,30.0,1.0
interior,2,33.105892181396484,1.0
interior,2,38.28837966918945,1.0
interior,2,49.162994384765625,1.0
interior,2,19.10497283935547,1.0
interior,2,31.400636672973633,1.0
interior,2,51.312767028808594,1.0
interior,5,13.416407585144043,1.0
interior,5,14.866068840026855,1.0
interior,1,66.2872543334961,1.0
interior,1,76.00657653808594,1.0
interior,5,24.331050872802734,1.0
interior,1,42.19004440307617,1.0
interior,1,50.08992004394531,1.0
interior,1,68.24954223632812,1.0
interior,1,41.146080017089844,1.0
interior,1,72.12489318847656,1.0
interior,1,18.788293838500977,1.0
interior,1,45.96738052368164,1.0
interior,5,9.0,1.0
interior,1,6.0,1.0
interior,5,79.07591247558594,1.0
interior,3,2.8284270763397217,0.8099173553719008
interior,5,74.0,1.0
interior,5,87.66413116455078,1.0
interior,5,93.05912017822266,1.0
interior,3,4.4721360206604,0.9421487603305785
interior,5,73.34848022460938,1.0
interior,3,17.804492950439453,1.0
interior,3,15.0,1.0
interior,3,19.02629852294922,1.0
interior,3,22.090721130371094,1.0
interior,3,22.0,1.0
interior,3,23.0,1.0
interior,3,23.0,1.0
interior,5,78.16009521484375,1.0
interior,3,13.0,1.0
uniform,5,29.017236709594727,1.0
uniform,2,28.635643005371094,1.0
uniform,2,13.0,1.0
uniform,2,37.53664779663086,1.0
uniform,2,47.20169448852539,1.0
uniform,2,26.172504425048828,1.0
uniform,2,15.0,1.0
uniform,2,17.492855072021484,1.0
uniform,2,9.219544410705566,1.0
uniform,5,2.2360680103302,0.7603305785123967
uniform,2,1.4142135381698608,0.7355371900826446
uniform,5,5.099019527435303,1.0
uniform,5,17.464248657226562,1.0
uniform,1,10.816654205322266,1.0
uniform,5,11.045360565185547,1.0
uniform,1,13.416407585144043,1.0
uniform,5,18.248287200927734,1.0
uniform,1,24.1867733001709,1.0
uniform,1,9.848857879638672,1.0
uniform,2,4.123105525970459,0.9173553719008265
uniform,5,2.0,0.7272727272727273
uniform,1,10.816654205322266,1.0
uniform,1,10.29563045501709,1.0
uniform,1,34.4093017578125,1.0
uniform,1,75.07329559326172,1.0
uniform,5,37.58989334106445,1.0
uniform,5,38.4837646484375,1.0
uniform,3,5.0,0.9669421487603306
uniform,3,2.0,0.7520661157024794
uniform,3,4.0,0.9008264462809917
uniform,3,6.0,1.0
uniform,3,10.049875259399414,1.0
uniform,3,1.0,0.628099173553719
uniform,3,2.8284270763397217,0.8512396694214877
uniform,1,36.49657440185547,1.0
uniform,3,21.3775577545166,1.0
uniform,1,18.439088821411133,1.0
uniform,3,22.0,1.0
uniform,5,47.423622131347656,1.0
uniform,3,25.238859176635742,1.0
boundary,5,7.211102485656738,1.0
boundary,5,6.7082037925720215,1.0
boundary,5,19.0,1.0
boundary,5,10.198039054870605,1.0
boundary,5,3.605551242828369,0.9008264462809917
boundary,2,2.8284270763397217,0.8429752066115702
boundary,2,51.22499465942383,1.0
boundary,2,1.4142135381698608,0.7933884297520661
boundary,5,8.062257766723633,1.0
boundary,2,8.062257766723633,1.0
boundary,5,0.0,0.41414141414141414
boundary,2,27.20294189453125,1.0
boundary,1,5.830951690673828,0.9917355371900827
boundary,1,5.0,0.9586776859504132
boundary,1,12.806248664855957,1.0
boundary,2,0.0,0.4628099173553719
boundary,2,14.866068840026855,1.0
boundary,5,12.529964447021484,1.0
boundary,5,17.464248657226562,1.0
boundary,2,15.0,1.0
boundary,1,9.848857879638672,1.0
boundary,1,14.422204971313477,1.0
boundary,1,17.8885440826416,1.0
boundary,2,6.7082037925720215,1.0
boundary,5,22.803508758544922,1.0
boundary,1,12.083045959472656,1.0
boundary,1,19.235383987426758,1.0
boundary,2,20.02498435974121,1.0
boundary,1,7.0,1.0
boundary,3,4.0,0.8842975206611571
boundary,3,4.0,0.9090909090909091
boundary,1,2.0,0.7520661157024794
boundary,3,4.0,0.9256198347107438
boundary,3,5.830951690673828,1.0
boundary,3,1.0,0.6033057851239669
boundary,3,8.5440034866333,1.0
boundary,3,0.0,0.5206611570247934
boundary,3,10.29563045501709,1.0
boundary,3,12.369317054748535,1.0
boundary,3,1.0,0.5
interior,2,41.0,1.0
interior,2,38.60051727294922,1.0
interior,2,41.400482177734375,1.0
interior,2,44.821868896484375,1.0
interior,2,25.0,1.0
interior,2,37.48332977294922,1.0
interior,2,22.090721130371094,1.0
interior,2,54.64430618286133,1.0
interior,2,22.803508758544922,1.0
interior,5,7.211102485656738,1.0
interior,5,11.704699516296387,1.0
interior,5,15.81138801574707,1.0
interior,5,30.805843353271484,1.0
interior,2,11.401754379272461,1.0
interior,1,48.54894256591797,1.0
interior,1,54.918121337890625,1.0
interior,1,59.07622146606445,1.0
interior,5,34.65544509887695,1.0
interior,1,80.15609741210938,1.0
interior,1,57.982757568359375,1.0
interior,5,45.96738052368164,1.0
interior,1,80.15609741210938,1.0
interior,1,74.94664764404297,1.0
interior,1,77.79460144042969,1.0
interior,5,68.06614685058594,1.0
interior,5,65.0,1.0
interior,1,36.06937789916992,1.0
interior,3,1.0,0.628099173553719
interior,3,6.0,1.0
interior,5,91.24143981933594,1.0
interior,5,84.38008880615234,1.0
interior,1,21.095022201538086,1.0
interior,3,13.0,1.0
interior,3,15.0,1.0
interior,3,17.8885440826416,1.0
interior,3,18.973665237426758,1.0
interior,3,20.0,1.0
interior,3,24.0,1.0
interior,3,22.472204208374023,1.0
interior,3,25.0,1.0
uniform,5,45.12205505371094,1.0
uniform,2,28.07133674621582,1.0
uniform,2,36.67424011230469,1.0
uniform,5,16.0,1.0
uniform,5,1.4142135381698608,0.6859504132231405
uniform,5,0.0,0.5206611570247934
uniform,2,32.015621185302734,1.0
uniform,2,24.0,1.0
uniform,2,31.62277603149414,1.0
uniform,2,17.262676239013672,1.0
uniform,2,9.848857879638672,1.0
uniform,5,15.0,1.0
uniform,1,22.203603744506836,1.0
uniform,2,3.1622776985168457,0.8925619834710744
uniform,2,28.844409942626953,1.0
uniform,5,14.764822959899902,1.0
uniform,1,46.3249397277832,1.0
uniform,2,9.219544410705566,1.0
uniform,1,44.10215377807617,1.0
uniform,1,52.430908203125,1.0
uniform,5,17.029386520385742,1.0
uniform,1,81.4923324584961,1.0
uniform,1,43.416587829589844,1.0
uniform,5,6.0,1.0
uniform,5,46.2385139465332,1.0
uniform,1,71.4212875366211,1.0
uniform,1,42.19004440307617,1.0
uniform,1,25.45584487915039,1.0
uniform,1,48.3735466003418,1.0
uniform,3,5.0,1.0
uniform,5,3.605551242828369,0.8925619834710744
uniform,3,2.2360680103302,0.8016528925619835
uniform,3,11.180339813232422,1.0
uniform,3,13.0,1.0
uniform,3,14.560219764709473,1.0
uniform,3,9.848857879638672,1.0
uniform,3,19.0,1.0
uniform,3,10.0,1.0
uniform,3,24.041629791259766,1.0
uniform,3,21.931713104248047,1.0
boundary,2,22.090721130371094,1.0
boundary,5,3.605551242828369,0.9008264462809917
boundary,5,33.60059356689453,1.0
boundary,2,1.0,0.743801652892562
boundary,2,5.385164737701416,1.0
boundary,5,14.866068840026855,1.0
boundary,2,4.0,0.9173553719008265
boundary,5,6.0,1.0
boundary,2,17.69180679321289,1.0
boundary,2,17.20465087890625,1.0
boundary,2,14.317821502685547,1.0
boundary,1,4.242640495300293,0.9338842975206612
boundary,1,1.0,0.628099173553719
boundary,2,7.211102485656738,1.0
boundary,5,17.0880069732666,1.0
boundary,5,6.7082037925720215,1.0
boundary,1,16.124515533447266,1.0
boundary,2,4.0,0.9090909090909091
boundary,1,0.0,0.5702479338842975
boundary,5,8.062257766723633,1.0
boundary,2,4.0,0.9752066115702479
boundary,5,12.529964447021484,1.0
boundary,5,7.0,1.0
boundary,1,17.20465087890625,1.0
boundary,1,15.65247631072998,1.0
boundary,5,2.0,0.7107438016528925
boundary,1,27.294687271118164,1.0
boundary,1,19.313207626342773,1.0
boundary,3,0.0,0.5619834710743802
boundary,3,2.0,0.7272727272727273
boundary,3,3.605551242828369,0.8760330578512396
boundary,3,9.0,1.0
boundary,3,9.05538558959961,1.0
boundary,3,16.031219482421875,1.0
boundary,1,15.81138801574707,1.0
boundary,3,12.806248664855957,1.0
boundary,3,6.4031243324279785,1.0
boundary,3,0.0,0.4090909090909091
boundary,3,0.0,0.494949494949495
boundary,1,23.194826126098633,1.0
interior,2,20.248456954956055,1.0
interior,2,49.648765563964844,1.0
interior,2,23.021728515625,1.0
interior,2,29.017236709594727,1.0
interior,2,37.85498809814453,1.0
interior,2,43.28972244262695,1.0
interior,2,47.85394287109375,1.0
interior,2,37.44329071044922,1.0
interior,2,43.416587829589844,1.0
interior,2,17.69180679321289,1.0
interior,1,18.027755737304688,1.0
interior,1,13.03840446472168,1.0
interior,5,20.0,1.0
interior,1,34.13209533691406,1.0
interior,5,34.1760139465332,1.0
interior,1,57.42821502685547,1.0
interior,5,40.360870361328125,1.0
interior,1,79.98124694824219,1.0
interior,1,51.429561614990234,1.0
interior,5,45.35416030883789,1.0
interior,1,51.865211486816406,1.0
interior,1,43.011627197265625,1.0
interior,5,59.203041076660156,1.0
interior,1,13.601470947265625,1.0
interior,5,55.3263053894043,1.0
interior,5,64.62971496582031,1.0
interior,3,2.2360680103302,0.7768595041322314
interior,5,62.12889862060547,1.0
interior,1,16.278820037841797,1.0
interior,3,13.34166431427002,1.0
interior,3,13.45362377166748,1.0
interior,3,17.0,1.0
interior,3,10.440306663513184,1.0
interior,5,98.84330749511719,1.0
interior,3,22.0,1.0
interior,5,98.48857879638672,1.0
interior,3,14.866068840026855,1.0
interior,3,24.020824432373047,1.0
interior,3,25.961509704589844,1.0
interior,3,24.413110733032227,1.0
uniform,5,20.099750518798828,1.0
uniform,0,0.0,0.5867768595041323
uniform,2,1.0,0.6033057851239669
uniform,2,6.7082037925720215,1.0
uniform,2,2.0,0.8760330578512396
uniform,2,13.601470947265625,1.0
uniform,2,1.0,0.6477272727272727
uniform,3,10.198039054870605,1.0
uniform,5,10.198039054870605,1.0
uniform,5,2.8284270763397217,0.8016528925619835
uniform,3,11.401754379272461,1.0
uniform,5,8.0,1.0
uniform,2,15.0,1.0
uniform,0,5.0,0.9504132231404959
uniform,3,7.071067810058594,1.0
uniform,2,8.0,1.0
uniform,2,4.0,0.9421487603305785
uniform,2,1.0,0.6694214876033058
uniform,2,1.0,0.6528925619834711
uniform,3,11.180339813232422,1.0
uniform,3,17.464248657226562,1.0
uniform,5,4.0,0.9090909090909091
uniform,3,9.848857879638672,1.0
uniform,3,10.0,1.0
uniform,5,3.0,0.7933884297520661
uniform,0,19.313207626342773,1.0
uniform,3,8.062257766723633,1.0
uniform,5,10.29563045501709,1.0
uniform,3,4.4721360206604,0.9504132231404959
uniform,0,14.866068840026855,1.0
uniform,5,2.0,0.7520661157024794
uniform,3,4.4721360206604,0.9504132231404959
uniform,0,23.76972770690918,1.0
uniform,0,12.369317054748535,1.0
uniform,0,12.041594505310059,1.0
uniform,0,0.0,0.5371900826446281
uniform,5,10.049875259399414,1.0
uniform,5,4.123105525970459,0.9586776859504132
uniform,0,3.605551242828369,0.8842975206611571
uniform,1,22.090721130371094,1.0
uniform,0,1.0,0.628099173553719
uniform,1,10.049875259399414,1.0
uniform,1,44.384681701660156,1.0
uniform,1,26.172504425048828,1.0
uniform,1,63.95310592651367,1.0
uniform,1,104.3455810546875,1.0
uniform,1,93.21480560302734,1.0
uniform,1,112.96902465820312,1.0
uniform,1,49.030601501464844,1.0
uniform,1,103.0,1.0
boundary,5,22.090721130371094,1.0
boundary,0,1.0,0.5950413223140496
boundary,2,5.385164737701416,1.0
boundary,5,14.866068840026855,1.0
boundary,5,2.2360680103302,0.6694214876033058
boundary,2,3.0,0.9173553719008265
boundary,1,0.0,0.5619834710743802
boundary,0,2.8284270763397217,0.8181818181818182
boundary,5,1.4142135381698608,0.6942148760330579
boundary,3,3.605551242828369,0.8677685950413223
boundary,5,9.0,1.0
boundary,2,0.0,0.5867768595041323
boundary,0,0.0,0.5867768595041323
boundary,3,9.848857879638672,1.0
boundary,2,2.2360680103302,0.5785123966942148
boundary,5,0.0,0.5206611570247934
boundary,2,3.1622776985168457,0.859504132231405
boundary,5,9.848857879638672,1.0
boundary,2,15.0,1.0
boundary,2,11.0,1.0
boundary,3,6.082762718200684,1.0
boundary,3,3.0,0.8512396694214877
boundary,3,7.280109882354736,1.0
boundary,2,9.0,1.0
boundary,2,5.0,1.0
boundary,3,10.049875259399414,1.0
boundary,2,2.0,0.7603305785123967
boundary,3,6.324555397033691,1.0
boundary,3,30.4138126373291,1.0
boundary,3,8.0,1.0
boundary,5,3.0,0.7933884297520661
boundary,0,10.29563045501709,1.0
boundary,0,5.385164737701416,0.9917355371900827
boundary,3,3.1622776985168457,0.8677685950413223
boundary,0,1.0,0.628099173553719
boundary,5,6.0,1.0
boundary,0,3.1622776985168457,0.8760330578512396
boundary,0,8.246211051940918,1.0
boundary,5,1.0,0.628099173553719
boundary,1,9.486832618713379,1.0
boundary,1,7.0,1.0
boundary,0,16.278820037841797,1.0
boundary,1,16.76305389404297,1.0
boundary,1,3.1622776985168457,0.8677685950413223
boundary,1,6.7082037925720215,1.0
boundary,0,0.0,0.5041322314049587
boundary,1,49.24428939819336,1.0
boundary,1,35.693138122558594,1.0
boundary,1,27.459060668945312,1.0
boundary,1,29.614185333251953,1.0
interior,5,33.52610778808594,1.0
interior,5,32.572994232177734,1.0
interior,1,38.63935852050781,1.0
interior,0,11.704699516296387,1.0
interior,2,9.0,1.0
interior,0,8.062257766723633,1.0
interior,5,44.94440841674805,1.0
interior,5,24.75883674621582,1.0
interior,5,28.42534065246582,1.0
interior,5,29.017236709594727,1.0
interior,5,0.0,0.5785123966942148
interior,5,5.385164737701416,1.0
interior,2,15.524174690246582,1.0
interior,2,9.0,1.0
interior,5,3.605551242828369,0.8760330578512396
interior,2,22.203603744506836,1.0
interior,3,14.866068840026855,1.0
interior,2,20.0,1.0
interior,2,21.0,1.0
interior,2,17.0,1.0
interior,0,18.384777069091797,1.0
interior,2,13.0,1.0
interior,2,8.0,1.0
interior,3,26.925823211669922,1.0
interior,3,20.248456954956055,1.0
interior,3,17.72004508972168,1.0
interior,3,21.0,1.0
interior,3,21.540658950805664,1.0
interior,3,8.5440034866333,1.0
interior,0,26.925823211669922,1.0
interior,3,16.0,1.0
interior,0,28.301942825317383,1.0
interior,3,18.0,1.0
interior,2,1.0,0.5702479338842975
interior,0,25.495098114013672,1.0
interior,0,20.2237491607666,1.0
interior,3,8.5440034866333,1.0
interior,5,3.0,0.859504132231405
interior,0,20.615528106689453,1.0
interior,0,13.03840446472168,1.0
interior,0,3.0,0.8429752066115702
interior,1,31.78049659729004,1.0
interior,1,48.83646011352539,1.0
interior,1,41.0,1.0
interior,1,91.21403503417969,1.0
interior,1,76.65507507324219,1.0
interior,1,83.00602722167969,1.0
interior,1,107.78682708740234,1.0
interior,1,118.60859680175781,1.0
interior,1,119.64112854003906,1.0
uniform,2,15.29705810546875,1.0
uniform,1,41.773197174072266,1.0
uniform,0,14.142135620117188,1.0
uniform,5,40.45985794067383,1.0
uniform,2,1.0,0.7520661157024794
uniform,5,0.0,0.5454545454545454
uniform,3,1.4142135381698608,0.7024793388429752
uniform,2,16.0,1.0
uniform,3,8.062257766723633,1.0
uniform,2,1.4142135381698608,0.6528925619834711
uniform,2,11.0,1.0
uniform,0,19.10497283935547,1.0
uniform,3,5.830951690673828,1.0
uniform,2,3.0,0.8264462809917356
uniform,2,3.0,0.8181818181818182
uniform,2,6.0,1.0
uniform,3,25.0,1.0
uniform,2,4.0,0.8925619834710744
uniform,3,11.180339813232422,1.0
uniform,3,24.515300750732422,1.0
uniform,0,29.0,1.0
uniform,3,12.0,1.0
uniform,2,0.0,0.5454545454545454
uniform,5,1.0,0.6694214876033058
uniform,5,1.0,0.6776859504132231
uniform,3,14.142135620117188,1.0
uniform,5,6.0,1.0
uniform,0,35.0,1.0
uniform,3,4.0,0.9504132231404959
uniform,3,22.825424194335938,1.0
uniform,5,0.0,0.5619834710743802
uniform,5,2.0,0.7520661157024794
uniform,0,25.179357528686523,1.0
uniform,0,17.11724281311035,1.0
uniform,5,14.0,1.0
uniform,0,5.0,0.9917355371900827
uniform,5,15.132745742797852,1.0
uniform,5,9.0,1.0
uniform,0,13.416407585144043,1.0
uniform,0,0.0,0.5785123966942148
uniform,0,9.05538558959961,1.0
uniform,1,1.4142135381698608,0.6859504132231405
uniform,1,9.0,1.0
uniform,1,33.0,1.0
uniform,1,71.84706115722656,1.0
uniform,1,74.95331573486328,1.0
uniform,1,65.11528015136719,1.0
uniform,1,78.64476776123047,1.0
uniform,1,60.20797348022461,1.0
uniform,1,95.03683471679688,1.0
boundary,1,12.0,1.0
boundary,5,15.0,1.0
boundary,1,9.0,1.0
boundary,1,15.132745742797852,1.0
boundary,2,1.0,0.5950413223140496
boundary,5,1.0,0.768595041322314
boundary,1,1.4142135381698608,0.6942148760330579
boundary,5,6.324555397033691,0.9917355371900827
boundary,0,2.2360680103302,0.768595041322314
boundary,3,1.0,0.5537190082644629
boundary,5,5.0,0.9834710743801653
boundary,0,4.0,0.9256198347107438
boundary,3,8.485280990600586,1.0
boundary,3,9.899495124816895,1.0
boundary,2,1.0,0.5785123966942148
boundary,2,1.0,0.6198347107438017
boundary,2,15.0,1.0
boundary,2,2.8284270763397217,0.8181818181818182
boundary,3,11.045360565185547,1.0
boundary,2,1.0,0.6033057851239669
boundary,2,1.0,0.5785123966942148
boundary,2,3.0,0.8181818181818182
boundary,2,2.0,0.7520661157024794
boundary,2,0.0,0.48760330578512395
boundary,5,1.0,0.6363636363636364
boundary,3,17.262676239013672,1.0
boundary,0,4.0,0.8842975206611571
boundary,3,5.385164737701416,0.9834710743801653
boundary,5,5.0,0.9669421487603306
boundary,3,11.0,1.0
boundary,3,7.0,1.0
boundary,3,7.6157732009887695,1.0
boundary,3,6.324555397033691,1.0
boundary,0,15.033296585083008,1.0
boundary,5,1.0,0.6446280991735537
boundary,0,5.0,1.0
boundary,5,4.123105525970459,0.9586776859504132
boundary,0,11.045360565185547,1.0
boundary,5,3.605551242828369,0.8842975206611571
boundary,1,1.0,0.6776859504132231
boundary,0,0.0,0.5702479338842975
boundary,5,1.0,0.6493506493506493
boundary,0,7.0,1.0
boundary,0,5.099019527435303,1.0
boundary,1,7.0,1.0
boundary,0,8.9442720413208,1.0
boundary,1,40.79215621948242,1.0
boundary,1,16.124515533447266,1.0
boundary,1,51.62363815307617,1.0
boundary,1,75.95393371582031,1.0
interior,5,30.5941162109375,1.0
interior,5,50.32891845703125,1.0
interior,1,40.024993896484375,1.0
interior,5,41.72529220581055,1.0
interior,5,48.91830062866211,1.0
interior,5,28.160255432128906,1.0
interior,5,36.06937789916992,1.0
interior,2,12.649110794067383,1.0
interior,5,29.698484420776367,1.0
interior,0,16.278820037841797,1.0
interior,5,39.0128173828125,1.0
interior,5,5.0,0.9669421487603306
interior,2,16.124515533447266,1.0
interior,2,13.03840446472168,1.0
interior,2,21.587032318115234,1.0
interior,2,12.0,1.0
interior,2,21.0,1.0
interior,0,13.928388595581055,1.0
interior,2,11.0,1.0
interior,2,16.0,1.0
interior,2,16.0,1.0
interior,3,28.460498809814453,1.0
interior,3,30.0,1.0
interior,2,0.0,0.5454545454545454
interior,3,17.72004508972168,1.0
interior,3,15.524174690246582,1.0
interior,3,21.0,1.0
interior,3,12.083045959472656,1.0
interior,3,30.265491485595703,1.0
interior,0,33.0,1.0
interior,3,25.495098114013672,1.0
interior,0,37.48332977294922,1.0
interior,3,17.0880069732666,1.0
interior,0,35.510562896728516,1.0
interior,0,28.0,1.0
interior,3,7.6157732009887695,1.0
interior,0,25.179357528686523,1.0
interior,0,23.194826126098633,1.0
interior,5,19.0,1.0
interior,0,28.861740112304688,1.0
interior,0,18.027755737304688,1.0
interior,1,50.635955810546875,1.0
interior,1,89.73851013183594,1.0
interior,1,70.61161041259766,1.0
interior,1,106.8877944946289,1.0
interior,1,97.16481018066406,1.0
interior,1,111.7586669921875,1.0
interior,1,110.76551818847656,1.0
interior,1,101.43470764160156,1.0
interior,1,117.27318572998047,1.0
uniform,0,1.0,0.6528925619834711
uniform,5,29.0,1.0
uniform,5,24.041629791259766,1.0
uniform,0,12.369317054748535,1.0
uniform,2,1.0,0.39669421487603307
uniform,2,8.246211051940918,1.0
uniform,5,16.401220321655273,1.0
uniform,5,5.0,0.9504132231404959
uniform,3,8.9442720413208,1.0
uniform,2,20.2237491607666,1.0
uniform,3,14.866068840026855,1.0
uniform,2,1.0,0.5785123966942148
uniform,2,1.4142135381698608,0.6859504132231405
uniform,2,17.029386520385742,1.0
uniform,2,10.0,1.0
uniform,3,5.099019527435303,0.9834710743801653
uniform,3,33.734256744384766,1.0
uniform,0,5.0,1.0
uniform,2,3.0,0.8347107438016529
uniform,3,19.646883010864258,1.0
uniform,0,5.830951690673828,1.0
uniform,2,0.0,0.5454545454545454
uniform,3,19.313207626342773,1.0
uniform,3,21.3775577545166,1.0
uniform,5,3.0,0.8347107438016529
uniform,2,4.0,0.9173553719008265
uniform,3,5.099019527435303,0.9834710743801653
uniform,3,11.704699516296387,1.0
uniform,5,2.0,0.5619834710743802
uniform,5,1.0,0.49586776859504134
uniform,0,11.661903381347656,1.0
uniform,3,2.8284270763397217,0.8016528925619835
uniform,0,18.973665237426758,1.0
uniform,5,14.317821502685547,1.0
uniform,5,13.0,1.0
uniform,5,2.2360680103302,0.7768595041322314
uniform,0,7.6157732009887695,1.0
uniform,0,12.165525436401367,1.0
uniform,0,10.0,1.0
uniform,1,40.79215621948242,1.0
uniform,0,6.0,1.0
uniform,1,7.0,1.0
uniform,1,53.75872039794922,1.0
uniform,1,50.21951675415039,1.0
uniform,1,63.95310592651367,1.0
uniform,1,69.92138671875,1.0
uniform,1,97.16481018066406,1.0
uniform,1,32.98484420776367,1.0
uniform,1,108.66461944580078,1.0
uniform,1,119.85408020019531,1.0
boundary,0,0.0,0.5206611570247934
boundary,2,4.0,0.9338842975206612
boundary,1,24.515300750732422,1.0
boundary,1,14.560219764709473,1.0
boundary,2,0.0,0.5702479338842975
boundary,1,22.090721130371094,1.0
boundary,1,14.317821502685547,1.0
boundary,5,6.0,1.0
boundary,2,0.0,0.7520661157024794
boundary,1,5.0,0.9834710743801653
boundary,2,4.0,0.9421487603305785
boundary,5,3.605551242828369,0.8760330578512396
boundary,3,1.0,0.6115702479338843
boundary,5,4.123105525970459,0.9586776859504132
boundary,5,0.0,0.5785123966942148
boundary,3,7.071067810058594,1.0
boundary,2,1.0,0.6115702479338843
boundary,3,8.485280990600586,1.0
boundary,3,1.0,0.6446280991735537
boundary,0,6.0,1.0
boundary,2,3.0,0.7933884297520661
boundary,3,1.4142135381698608,0.9752066115702479
boundary,3,13.34166431427002,1.0
boundary,2,2.0,0.7272727272727273
boundary,2,2.0,0.7272727272727273
boundary,3,8.5440034866333,1.0
boundary,5,1.0,0.6363636363636364
boundary,3,2.2360680103302,0.859504132231405
boundary,0,17.464248657226562,1.0
boundary,3,26.07680892944336,1.0
boundary,2,0.0,0.5041322314049587
boundary,2,2.0,0.6694214876033058
boundary,0,1.0,0.6776859504132231
boundary,0,2.0,0.6528925619834711
boundary,3,0.0,0.5371900826446281
boundary,0,3.0,0.8429752066115702
boundary,0,0.0,0.5702479338842975
boundary,0,3.605551242828369,0.9008264462809917
boundary,5,2.0,0.7107438016528925
boundary,5,1.0,0.6611570247933884
boundary,5,13.152946472167969,1.0
boundary,5,9.848857879638672,1.0
boundary,5,8.0,1.0
boundary,0,5.099019527435303,1.0
boundary,0,1.0,0.6776859504132231
boundary,1,35.1710090637207,1.0
boundary,1,18.027755737304688,1.0
boundary,1,78.44743347167969,1.0
boundary,1,13.601470947265625,1.0
boundary,1,119.2392578125,1.0
interior,5,45.96738052368164,1.0
interior,5,44.55333709716797,1.0
interior,2,13.152946472167969,1.0
interior,5,46.22769546508789,1.0
interior,5,44.40720748901367,1.0
interior,5,40.804412841796875,1.0
interior,5,40.224369049072266,1.0
interior,2,13.0,1.0
interior,5,36.0,1.0
interior,2,1.4142135381698608,0.7107438016528925
interior,2,13.45362377166748,1.0
interior,5,12.806248664855957,1.0
interior,2,10.0,1.0
interior,2,17.492855072021484,1.0
interior,0,14.0,1.0
interior,2,22.0,1.0
interior,0,3.605551242828369,0.8760330578512396
interior,2,20.0,1.0
interior,2,17.0,1.0
interior,3,27.513633728027344,1.0
interior,2,12.0,1.0
interior,3,3.1622776985168457,0.8760330578512396
interior,3,32.75667953491211,1.0
interior,3,31.0,1.0
interior,3,3.1622776985168457,0.9834710743801653
interior,0,16.0,1.0
interior,0,17.0,1.0
interior,3,30.364452362060547,1.0
interior,3,29.529645919799805,1.0
interior,5,1.0,0.628099173553719
interior,3,11.0,1.0
interior,0,16.552946090698242,1.0
interior,3,17.0,1.0
interior,3,6.324555397033691,1.0
interior,0,25.961509704589844,1.0
interior,0,25.179357528686523,1.0
interior,5,11.0,1.0
interior,0,29.42787742614746,1.0
interior,0,26.570659637451172,1.0
interior,0,8.9442720413208,1.0
interior,1,33.734256744384766,1.0
interior,1,16.76305389404297,1.0
interior,1,27.166154861450195,1.0
interior,1,53.75872039794922,1.0
interior,1,75.66372680664062,1.0
interior,1,84.92938232421875,1.0
interior,1,89.44271850585938,1.0
interior,1,44.94440841674805,1.0
interior,1,108.06016540527344,1.0
interior,1,124.00403594970703,1.0
uniform,1,30.4138126373291,1.0
uniform,1,25.961509704589844,1.0
uniform,1,28.635643005371094,1.0
uniform,5,25.0,1.0
uniform,2,1.0,0.4628099173553719
uniform,2,2.8284270763397217,0.9008264462809917
uniform,2,15.033296585083008,1.0
uniform,2,2.0,0.743801652892562
uniform,5,2.0,0.7107438016528925
uniform,2,4.0,0.9173553719008265
uniform,2,12.041594505310059,1.0
uniform,5,1.4142135381698608,0.7024793388429752
uniform,0,5.656854152679443,0.9752066115702479
uniform,2,15.0,1.0
uniform,5,7.071067810058594,1.0
uniform,0,0.0,0.5206611570247934
uniform,2,18.0,1.0
uniform,3,3.605551242828369,0.8760330578512396
uniform,3,4.4721360206604,0.9421487603305785
uniform,2,4.0,0.9504132231404959
uniform,3,5.0,0.9752066115702479
uniform,5,0.0,0.5454545454545454
uniform,3,11.704699516296387,1.0
uniform,5,1.0,0.5950413223140496
uniform,0,17.0,1.0
uniform,5,3.0,0.8181818181818182
uniform,0,15.231546401977539,1.0
uniform,5,1.0,0.6115702479338843
uniform,3,7.0,1.0
uniform,3,28.17800521850586,1.0
uniform,3,15.524174690246582,1.0
uniform,2,1.0,0.6611570247933884
uniform,0,6.0,1.0
uniform,0,20.59126091003418,1.0
uniform,3,14.317821502685547,1.0
uniform,3,7.6157732009887695,1.0
uniform,3,5.099019527435303,0.9834710743801653
uniform,0,13.892443656921387,1.0
uniform,5,2.0,0.768595041322314
uniform,0,19.92485809326172,1.0
uniform,0,24.331050872802734,1.0
uniform,5,5.0,0.9752066115702479
uniform,0,11.180339813232422,1.0
uniform,1,15.0,1.0
uniform,1,41.0,1.0
uniform,1,13.03840446472168,1.0
uniform,1,43.26661682128906,1.0
uniform,1,93.05912017822266,1.0
uniform,1,49.33558654785156,1.0
uniform,1,127.00393676757812,1.0
boundary,2,8.0,1.0
boundary,2,4.4721360206604,0.9669421487603306
boundary,5,12.0,1.0
boundary,5,22.203603744506836,1.0
boundary,2,1.0,0.6446280991735537
boundary,2,0.0,0.5656565656565656
boundary,1,1.0,0.6694214876033058
boundary,0,5.830951690673828,1.0
boundary,0,7.071067810058594,1.0
boundary,0,6.7082037925720215,1.0
boundary,2,2.0,0.7603305785123967
boundary,2,8.0,1.0
boundary,5,7.0,1.0
boundary,5,1.0,0.6694214876033058
boundary,0,3.0,0.8264462809917356
boundary,3,5.0,0.9834710743801653
boundary,3,4.123105525970459,0.9917355371900827
boundary,2,1.0,0.6528925619834711
boundary,2,2.0,0.7272727272727273
boundary,3,15.231546401977539,1.0
boundary,3,28.635643005371094,1.0
boundary,2,1.0,0.6198347107438017
boundary,3,2.8284270763397217,0.8264462809917356
boundary,3,1.0,0.6363636363636364
boundary,2,2.0,0.768595041322314
boundary,3,1.0,0.6694214876033058
boundary,3,0.0,0.5289256198347108
boundary,5,1.0,0.6363636363636364
boundary,5,8.0,1.0
boundary,5,0.0,0.5785123966942148
boundary,3,14.317821502685547,1.0
boundary,3,0.0,0.5702479338842975
boundary,0,24.698177337646484,1.0
boundary,0,19.02629852294922,1.0
boundary,5,17.0,1.0
boundary,5,4.4721360206604,0.9669421487603306
boundary,0,20.248456954956055,1.0
boundary,5,3.1622776985168457,0.8677685950413223
boundary,0,1.0,0.6776859504132231
boundary,0,0.0,0.5537190082644629
boundary,1,15.0,1.0
boundary,1,20.615528106689453,1.0
boundary,1,34.36568069458008,1.0
boundary,0,8.0,1.0
boundary,1,47.51841735839844,1.0
boundary,1,20.2237491607666,1.0
boundary,1,45.35416030883789,1.0
boundary,1,55.785301208496094,1.0
boundary,1,40.52159881591797,1.0
boundary,1,38.20994567871094,1.0
interior,2,12.041594505310059,1.0
interior,5,45.96738052368164,1.0
interior,5,48.08325958251953,1.0
interior,5,41.400482177734375,1.0
interior,5,42.43819046020508,1.0
interior,0,16.0,1.0
interior,5,38.01315689086914,1.0
interior,0,7.280109882354736,1.0
interior,5,18.867961883544922,1.0
interior,5,23.600847244262695,1.0
interior,2,11.0,1.0
interior,5,9.0,1.0
interior,0,2.0,0.7024793388429752
interior,3,1.0,0.6363636363636364
interior,2,7.0,1.0
interior,5,11.661903381347656,1.0
interior,2,21.3775577545166,1.0
interior,2,20.0,1.0
interior,2,23.194826126098633,1.0
interior,2,25.0,1.0
interior,2,24.0,1.0
interior,2,20.0,1.0
interior,2,14.0,1.0
interior,3,7.8102498054504395,1.0
interior,3,31.016124725341797,1.0
interior,3,29.73213768005371,1.0
interior,3,26.832815170288086,1.0
interior,3,15.264337539672852,1.0
interior,3,26.476404190063477,1.0
interior,3,17.20465087890625,1.0
interior,3,31.400636672973633,1.0
interior,3,26.172504425048828,1.0
interior,0,28.319604873657227,1.0
interior,0,32.98484420776367,1.0
interior,0,29.120439529418945,1.0
interior,0,26.68332862854004,1.0
interior,5,13.0,1.0
interior,0,24.041629791259766,1.0
interior,0,12.0,1.0
interior,0,7.0,1.0
interior,1,53.600372314453125,1.0
interior,1,55.54277801513672,1.0
interior,1,72.69112396240234,1.0
interior,1,98.84330749511719,1.0
interior,1,81.74349975585938,1.0
interior,1,26.832815170288086,1.0
interior,1,21.095022201538086,1.0
interior,1,91.7823486328125,1.0
interior,1,88.0,1.0
interior,1,120.0,1.0
uniform,5,38.94868469238281,1.0
uniform,2,4.0,0.9173553719008265
uniform,1,7.071067810058594,1.0
uniform,2,0.0,0.5656565656565656
uniform,2,3.605551242828369,0.8016528925619835
uniform,0,12.649110794067383,1.0
uniform,2,8.0,1.0
uniform,0,0.0,0.5619834710743802
uniform,1,6.0,1.0
uniform,3,20.615528106689453,1.0
uniform,5,5.830951690673828,1.0
uniform,2,5.0,1.0
uniform,5,3.1622776985168457,0.8760330578512396
uniform,2,8.9442720413208,1.0
uniform,3,3.1622776985168457,0.8760330578512396
uniform,2,13.0,1.0
uniform,3,3.605551242828369,0.9008264462809917
uniform,0,5.385164737701416,0.9917355371900827
uniform,0,3.0,0.859504132231405
uniform,0,7.280109882354736,1.0
uniform,2,2.0,0.7272727272727273
uniform,2,1.0,0.6363636363636364
uniform,2,1.0,0.6363636363636364
uniform,3,27.0,1.0
uniform,3,19.92485809326172,1.0
uniform,0,5.385164737701416,1.0
uniform,3,17.8885440826416,1.0
uniform,3,4.123105525970459,0.9834710743801653
uniform,3,27.784887313842773,1.0
uniform,3,1.4142135381698608,0.7024793388429752
uniform,3,9.0,1.0
uniform,5,2.0,0.7272727272727273
uniform,5,0.0,0.5454545454545454
uniform,5,8.0,1.0
uniform,5,5.0,0.9669421487603306
uniform,5,0.0,0.5206611570247934
uniform,0,16.278820037841797,1.0
uniform,0,4.123105525970459,0.9586776859504132
uniform,1,3.0,0.8429752066115702
uniform,0,12.369317054748535,1.0
uniform,0,4.0,0.9090909090909091
uniform,5,0.0,0.5867768595041323
uniform,5,0.0,0.5353535353535354
uniform,1,1.0,0.6363636363636364
uniform,1,47.29693603515625,1.0
uniform,1,52.46903991699219,1.0
uniform,1,74.96665954589844,1.0
uniform,1,86.97700500488281,1.0
uniform,1,70.40596771240234,1.0
uniform,1,75.50496673583984,1.0
boundary,0,14.560219764709473,1.0
boundary,1,28.284271240234375,1.0
boundary,1,32.98484420776367,1.0
boundary,2,10.198039054870605,1.0
boundary,5,0.0,0.371900826446281
boundary,5,0.0,0.49586776859504134
boundary,2,0.0,0.4793388429752066
boundary,2,2.0,0.7355371900826446
boundary,2,2.8284270763397217,0.7851239669421488
boundary,3,2.0,0.7520661157024794
boundary,2,12.649110794067383,1.0
boundary,2,1.0,0.6694214876033058
boundary,5,6.0,1.0
boundary,5,1.4142135381698608,0.7107438016528925
boundary,0,7.0,1.0
boundary,5,3.605551242828369,0.9008264462809917
boundary,3,1.0,0.5371900826446281
boundary,2,2.0,0.7603305785123967
boundary,2,3.1622776985168457,0.8677685950413223
boundary,2,1.0,0.5289256198347108
boundary,3,10.816654205322266,1.0
boundary,3,11.180339813232422,1.0
boundary,5,4.0,0.9090909090909091
boundary,2,6.0,1.0
boundary,3,0.0,0.5619834710743802
boundary,5,6.324555397033691,1.0
boundary,5,7.6157732009887695,1.0
boundary,3,5.0,1.0
boundary,3,0.0,0.5041322314049587
boundary,0,19.697715759277344,1.0
boundary,3,1.4142135381698608,0.7024793388429752
boundary,0,2.0,0.7355371900826446
boundary,3,0.0,0.5206611570247934
boundary,3,1.0,0.628099173553719
boundary,5,10.440306663513184,1.0
boundary,0,3.0,0.8264462809917356
boundary,5,1.4142135381698608,0.6859504132231405
boundary,0,11.045360565185547,1.0
boundary,1,15.29705810546875,1.0
boundary,1,9.219544410705566,1.0
boundary,0,10.440306663513184,1.0
boundary,0,2.8284270763397217,0.7933884297520661
boundary,0,1.4142135381698608,0.6942148760330579
boundary,1,23.34523582458496,1.0
boundary,1,12.369317054748535,1.0
boundary,1,3.0,0.8347107438016529
boundary,0,7.6157732009887695,1.0
boundary,1,7.0,1.0
boundary,1,15.033296585083008,1.0
boundary,1,35.693138122558594,1.0
interior,5,48.08325958251953,1.0
interior,5,40.31128692626953,1.0
interior,2,13.928388595581055,1.0
interior,5,18.681541442871094,1.0
interior,5,35.80502700805664,1.0
interior,5,33.60059356689453,1.0
interior,5,36.0,1.0
interior,5,27.459060668945312,1.0
interior,2,9.433980941772461,1.0
interior,2,19.697715759277344,1.0
interior,2,17.0,1.0
interior,2,21.3775577545166,1.0
interior,2,22.0,1.0
interior,2,24.0,1.0
interior,3,23.34523582458496,1.0
interior,2,18.0,1.0
interior,3,27.20294189453125,1.0
interior,3,33.241539001464844,1.0
interior,2,6.0,1.0
interior,3,31.400636672973633,1.0
interior,2,5.0,1.0
interior,0,4.0,0.9421487603305785
interior,3,25.942243576049805,1.0
interior,3,22.135944366455078,1.0
interior,0,25.317977905273438,1.0
interior,3,9.848857879638672,1.0
interior,0,29.068883895874023,1.0
interior,0,32.140316009521484,1.0
interior,3,29.96664810180664,1.0
interior,3,17.11724281311035,1.0
interior,0,34.0,1.0
interior,3,28.017850875854492,1.0
interior,0,35.05709457397461,1.0
interior,0,32.38827133178711,1.0
interior,0,22.090721130371094,1.0
interior,5,7.6157732009887695,1.0
interior,5,7.0,1.0
interior,5,1.0,0.6446280991735537
interior,0,19.92485809326172,1.0
interior,0,9.05538558959961,1.0
interior,1,55.44366455078125,1.0
interior,1,87.82368469238281,1.0
interior,1,101.96568298339844,1.0
interior,1,76.65507507324219,1.0
interior,1,108.25894927978516,1.0
interior,1,120.35364532470703,1.0
interior,1,121.01652526855469,1.0
interior,1,111.07205200195312,1.0
interior,1,98.0,1.0
interior,1,118.53269958496094,1.0
uniform,1,113.95174407958984,1.0
uniform,1,13.0,1.0
uniform,1,99.46356201171875,1.0
uniform,1,46.87216567993164,1.0
uniform,1,37.85498809814453,1.0
uniform,1,10.0,1.0
uniform,1,19.92485809326172,1.0
uniform,1,25.0,1.0
uniform,5,2.8284270763397217,0.7851239669421488
uniform,5,12.0,1.0
uniform,1,1.0,0.6611570247933884
uniform,5,12.369317054748535,1.0
uniform,5,9.0,1.0
uniform,5,15.524174690246582,1.0
uniform,1,2.0,0.7603305785123967
uniform,5,15.033296585083008,1.0
uniform,4,9.433980941772461,1.0
uniform,5,13.601470947265625,1.0
uniform,5,21.02379608154297,1.0
uniform,5,20.099750518798828,1.0
uniform,4,0.0,0.5619834710743802
uniform,4,4.0,0.9173553719008265
uniform,4,4.0,0.9421487603305785
uniform,0,7.071067810058594,1.0
uniform,0,13.45362377166748,1.0
uniform,5,5.0,0.9834710743801653
uniform,4,2.0,0.768595041322314
uniform,0,10.630146026611328,1.0
uniform,0,19.416488647460938,1.0
uniform,4,8.0,1.0
uniform,4,9.0,1.0
uniform,0,35.7770881652832,1.0
uniform,4,9.05538558959961,1.0
uniform,0,11.313708305358887,1.0
uniform,4,0.0,0.5151515151515151
uniform,0,46.097721099853516,1.0
uniform,0,50.96076965332031,1.0
uniform,0,44.0113639831543,1.0
uniform,4,4.0,0.8833333333333333
uniform,0,78.0,1.0
boundary,5,6.7082037925720215,1.0
boundary,1,75.13321685791016,1.0
boundary,1,17.029386520385742,1.0
boundary,1,8.0,1.0
boundary,1,35.22782897949219,1.0
boundary,1,51.4781494140625,1.0
boundary,1,47.26520919799805,1.0
boundary,1,24.73863410949707,1.0
boundary,1,12.0,1.0
boundary,5,2.0,0.5867768595041323
boundary,5,0.0,0.5041322314049587
boundary,1,19.92485809326172,1.0
boundary,5,0.0,0.5867768595041323
boundary,5,2.0,0.743801652892562
boundary,1,2.8284270763397217,0.8016528925619835
boundary,0,13.45362377166748,1.0
boundary,5,3.0,0.859504132231405
boundary,0,21.840330123901367,1.0
boundary,4,2.0,0.7272727272727273
boundary,4,6.082762718200684,1.0
boundary,5,5.0,0.9834710743801653
boundary,5,6.0,1.0
boundary,4,0.0,0.5702479338842975
boundary,4,6.324555397033691,1.0
boundary,0,7.071067810058594,1.0
boundary,4,4.123105525970459,0.9586776859504132
boundary,4,4.123105525970459,0.9504132231404959
boundary,5,3.605551242828369,0.8925619834710744
boundary,4,0.0,0.5537190082644629
boundary,4,4.123105525970459,0.9421487603305785
boundary,4,3.0,0.8264462809917356
boundary,0,0.0,0.5289256198347108
boundary,5,4.4721360206604,0.9669421487603306
boundary,0,18.788293838500977,1.0
boundary,4,4.0,0.9338842975206612
boundary,0,47.50789260864258,1.0
boundary,0,37.10795211791992,1.0
boundary,0,47.381431579589844,1.0
boundary,0,27.20294189453125,1.0
boundary,0,70.60453033447266,1.0
interior,1,112.61438751220703,1.0
interior,1,127.90621185302734,1.0
interior,1,133.50656127929688,1.0
interior,1,127.098388671875,1.0
interior,1,46.173583984375,1.0
interior,1,108.18965148925781,1.0
interior,1,108.50345611572266,1.0
interior,1,97.49359130859375,1.0
interior,1,107.51744079589844,1.0
interior,1,67.46851348876953,1.0
interior,5,3.0,0.8264462809917356
interior,5,18.0,1.0
interior,5,19.10497283935547,1.0
interior,5,24.020824432373047,1.0
interior,5,9.848857879638672,1.0
interior,5,21.0,1.0
interior,5,10.770329475402832,1.0
interior,5,20.02498435974121,1.0
interior,4,9.433980941772461,1.0
interior,5,5.0,1.0
interior,5,0.0,0.5041322314049587
interior,0,7.071067810058594,1.0
interior,4,4.0,0.9504132231404959
interior,4,9.219544410705566,1.0
interior,4,9.848857879638672,1.0
interior,4,5.0,1.0
interior,4,9.0,1.0
interior,4,9.848857879638672,1.0
interior,4,10.198039054870605,1.0
interior,4,9.848857879638672,1.0
interior,4,10.049875259399414,1.0
interior,0,31.256999969482422,1.0
interior,0,38.11823654174805,1.0
interior,0,60.63827133178711,1.0
interior,0,27.784887313842773,1.0
interior,0,74.3303451538086,1.0
interior,0,87.4757080078125,1.0
interior,0,86.97700500488281,1.0
interior,0,88.81441497802734,1.0
interior,0,83.6779556274414,1.0
uniform,1,121.01652526855469,1.0
uniform,5,1.0,0.5151515151515151
uniform,1,108.25894927978516,1.0
uniform,1,109.83624267578125,1.0
uniform,1,108.18965148925781,1.0
uniform,1,93.90420532226562,1.0
uniform,1,94.04785919189453,1.0
uniform,1,89.94442749023438,1.0
uniform,1,66.0984115600586,1.0
uniform,1,74.3303451538086,1.0
uniform,1,68.88395690917969,1.0
uniform,0,1.0,0.628099173553719
uniform,5,6.0,1.0
uniform,5,6.0,1.0
uniform,5,13.45362377166748,1.0
uniform,5,8.0,1.0
uniform,5,14.866068840026855,1.0
uniform,5,10.770329475402832,1.0
uniform,5,14.0,1.0
uniform,4,0.0,0.5785123966942148
uniform,5,19.10497283935547,1.0
uniform,4,0.0,0.5289256198347108
uniform,4,2.8284270763397217,0.8429752066115702
uniform,4,2.0,0.7272727272727273
uniform,4,2.0,0.5619834710743802
uniform,4,2.8284270763397217,0.8099173553719008
uniform,5,6.0,1.0
uniform,4,4.0,0.8842975206611571
uniform,4,1.0,0.34710743801652894
uniform,0,19.646883010864258,1.0
uniform,4,4.0,0.9504132231404959
uniform,4,7.0,1.0
uniform,0,14.866068840026855,1.0
uniform,0,9.899495124816895,1.0
uniform,0,43.13930892944336,1.0
uniform,0,49.20365905761719,1.0
uniform,0,52.77309799194336,1.0
uniform,0,47.51841735839844,1.0
uniform,0,61.0,1.0
uniform,0,20.124610900878906,1.0
boundary,1,55.44366455078125,1.0
boundary,5,2.0,0.6262626262626263
boundary,5,4.0,0.9090909090909091
boundary,1,0.0,0.5454545454545454
boundary,1,21.21320343017578,1.0
boundary,1,52.345008850097656,1.0
boundary,1,27.892650604248047,1.0
boundary,1,5.0,0.9917355371900827
boundary,1,42.57933807373047,1.0
boundary,1,14.142135620117188,1.0
boundary,1,22.203603744506836,1.0
boundary,5,0.0,0.5371900826446281
boundary,1,6.0,1.0
boundary,5,4.4721360206604,0.9669421487603306
boundary,5,5.0,0.9752066115702479
boundary,5,10.770329475402832,1.0
boundary,4,3.605551242828369,0.8925619834710744
boundary,5,0.0,0.5454545454545454
boundary,0,1.0,0.6528925619834711
boundary,4,0.0,0.2644628099173554
boundary,5,2.0,0.7272727272727273
boundary,5,1.0,0.6363636363636364
boundary,4,7.280109882354736,1.0
boundary,0,13.03840446472168,1.0
boundary,4,1.0,0.6115702479338843
boundary,4,0.0,0.5537190082644629
boundary,5,2.0,0.71900826446281
boundary,4,2.0,0.7355371900826446
boundary,4,8.0,1.0
boundary,4,7.280109882354736,1.0
boundary,4,9.219544410705566,1.0
boundary,0,1.0,0.6363636363636364
boundary,0,26.925823211669922,1.0
boundary,4,1.0,0.6776859504132231
boundary,0,6.082762718200684,1.0
boundary,0,13.0,1.0
boundary,0,30.149627685546875,1.0
boundary,0,58.600341796875,1.0
boundary,0,66.128662109375,1.0
boundary,0,29.96664810180664,1.0
interior,1,138.45216369628906,1.0
interior,1,122.9837417602539,1.0
interior,1,111.46299743652344,1.0
interior,1,118.69709014892578,1.0
interior,1,122.64175415039062,1.0
interior,1,11.0,1.0
interior,1,87.132080078125,1.0
interior,1,72.99314880371094,1.0
interior,1,63.50590515136719,1.0
interior,1,3.1622776985168457,0.8677685950413223
interior,5,16.0,1.0
interior,5,14.866068840026855,1.0
interior,5,20.880613327026367,1.0
interior,5,21.21320343017578,1.0
interior,5,16.0,1.0
interior,5,19.10497283935547,1.0
interior,4,0.0,0.5206611570247934
interior,5,19.646883010864258,1.0
interior,5,16.278820037841797,1.0
interior,4,8.062257766723633,1.0
interior,5,20.099750518798828,1.0
interior,5,12.649110794067383,1.0
interior,4,10.29563045501709,1.0
interior,4,9.848857879638672,1.0
interior,4,8.9442720413208,1.0
interior,4,7.071067810058594,1.0
interior,4,10.440306663513184,1.0
interior,4,9.486832618713379,1.0
interior,0,4.4721360206604,0.9669421487603306
interior,4,6.0,1.0
interior,4,9.486832618713379,1.0
interior,0,27.294687271118164,1.0
interior,0,70.57620239257812,1.0
interior,0,76.79192352294922,1.0
interior,0,79.4040298461914,1.0
interior,0,68.59300231933594,1.0
interior,0,69.12307739257812,1.0
interior,0,84.85281372070312,1.0
interior,0,90.25519561767578,1.0
interior,0,93.90420532226562,1.0
uniform,1,107.68936920166016,1.0
uniform,1,86.83317565917969,1.0
uniform,1,77.92945861816406,1.0
uniform,1,80.8949966430664,1.0
uniform,1,46.389652252197266,1.0
uniform,1,56.51548385620117,1.0
uniform,1,57.55866622924805,1.0
uniform,1,19.92485809326172,1.0
uniform,1,34.525352478027344,1.0
uniform,5,1.0,0.6446280991735537
uniform,0,5.0,1.0
uniform,1,26.07680892944336,1.0
uniform,5,0.0,0.5537190082644629
uniform,5,15.29705810546875,1.0
uniform,5,22.0,1.0
uniform,5,12.649110794067383,1.0
uniform,0,15.81138801574707,1.0
uniform,5,6.0,1.0
uniform,4,6.7082037925720215,1.0
uniform,5,5.385164737701416,1.0
uniform,5,20.880613327026367,1.0
uniform,4,4.123105525970459,0.9256198347107438
uniform,5,12.165525436401367,1.0
uniform,5,4.0,0.9090909090909091
uniform,4,0.0,0.5619834710743802
uniform,4,4.0,0.9421487603305785
uniform,4,9.0,1.0
uniform,0,16.492422103881836,1.0
uniform,4,6.082762718200684,1.0
uniform,4,8.0,1.0
uniform,4,1.0,0.6611570247933884
uniform,4,10.440306663513184,1.0
uniform,0,7.6157732009887695,1.0
uniform,4,2.0,0.7272727272727273
uniform,0,57.070133209228516,1.0
uniform,0,44.72135925292969,1.0
uniform,0,30.805843353271484,1.0
uniform,0,40.04996871948242,1.0
uniform,0,38.63935852050781,1.0
uniform,0,12.206555366516113,1.0
boundary,1,116.2497329711914,1.0
boundary,1,12.165525436401367,1.0
boundary,1,56.32051086425781,1.0
boundary,1,93.5574722290039,1.0
boundary,5,0.0,0.5867768595041323
boundary,0,3.605551242828369,0.9008264462809917
boundary,1,7.0,1.0
boundary,1,1.0,0.5950413223140496
boundary,1,27.658634185791016,1.0
boundary,5,5.385164737701416,1.0
boundary,0,2.0,0.7520661157024794
boundary,5,2.0,0.7520661157024794
boundary,1,5.0,0.9917355371900827
boundary,1,4.123105525970459,0.9586776859504132
boundary,5,5.656854152679443,0.9752066115702479
boundary,0,0.0,0.5454545454545454
boundary,0,7.8102498054504395,1.0
boundary,1,6.082762718200684,1.0
boundary,4,0.0,0.3140495867768595
boundary,5,2.0,0.7520661157024794
boundary,5,0.0,0.5206611570247934
boundary,5,12.0,1.0
boundary,5,10.0,1.0
boundary,4,0.0,0.3140495867768595
boundary,5,2.0,0.768595041322314
boundary,4,8.246211051940918,1.0
boundary,5,1.0,0.5950413223140496
boundary,4,5.0,0.9752066115702479
boundary,4,0.0,0.5289256198347108
boundary,4,0.0,0.5454545454545454
boundary,4,0.0,0.5619834710743802
boundary,4,9.0,1.0
boundary,0,0.0,0.5454545454545454
boundary,4,0.0,0.5041322314049587
boundary,0,18.027755737304688,1.0
boundary,4,2.0,0.71900826446281
boundary,0,26.90724754333496,1.0
boundary,0,20.0,1.0
boundary,0,31.048349380493164,1.0
boundary,0,33.241539001464844,1.0
interior,1,136.4734344482422,1.0
interior,1,134.34657287597656,1.0
interior,1,128.08200073242188,1.0
interior,1,104.23531341552734,1.0
interior,1,82.56512451171875,1.0
interior,1,101.96568298339844,1.0
interior,1,99.14131164550781,1.0
interior,1,87.82368469238281,1.0
interior,1,51.62363815307617,1.0
interior,1,50.990196228027344,1.0
interior,5,14.03566837310791,1.0
interior,5,15.132745742797852,1.0
interior,5,10.198039054870605,1.0
interior,5,15.29705810546875,1.0
interior,5,21.095022201538086,1.0
interior,4,10.29563045501709,1.0
interior,4,8.062257766723633,1.0
interior,4,10.770329475402832,1.0
interior,4,12.041594505310059,1.0
interior,5,21.21320343017578,1.0
interior,4,9.219544410705566,1.0
interior,5,18.973665237426758,1.0
interior,5,13.928388595581055,1.0
interior,5,7.0,1.0
interior,5,6.324555397033691,1.0
interior,4,10.770329475402832,1.0
interior,4,9.219544410705566,1.0
interior,4,7.071067810058594,1.0
interior,4,11.0,1.0
interior,4,8.5440034866333,1.0
interior,0,41.86884307861328,1.0
interior,0,56.29387283325195,1.0
interior,0,60.01666259765625,1.0
interior,0,37.53664779663086,1.0
interior,0,66.91038513183594,1.0
interior,0,79.76214599609375,1.0
interior,0,72.17340087890625,1.0
interior,0,84.5280990600586,1.0
interior,0,88.6453628540039,1.0
interior,0,87.09190368652344,1.0
uniform,1,127.90621185302734,1.0
uniform,1,24.331050872802734,1.0
uniform,1,107.35455322265625,1.0
uniform,1,105.9056167602539,1.0
uniform,1,88.6453628540039,1.0
uniform,1,8.0,1.0
uniform,1,45.12205505371094,1.0
uniform,1,4.0,0.9090909090909091
uniform,1,56.718605041503906,1.0
uniform,1,44.72135925292969,1.0
uniform,5,10.770329475402832,1.0
uniform,5,3.1622776985168457,0.8677685950413223
uniform,5,9.848857879638672,1.0
uniform,5,12.529964447021484,1.0
uniform,5,4.0,0.9173553719008265
uniform,5,13.34166431427002,1.0
uniform,5,11.0,1.0
uniform,5,6.7082037925720215,1.0
uniform,4,6.7082037925720215,1.0
uniform,4,4.0,0.9338842975206612
uniform,5,8.9442720413208,1.0
uniform,4,12.0,1.0
uniform,0,9.219544410705566,1.0
uniform,5,9.0,1.0
uniform,4,1.0,0.6198347107438017
uniform,4,4.0,0.9090909090909091
uniform,4,10.0,1.0
uniform,4,4.123105525970459,0.9586776859504132
uniform,4,5.0,1.0
uniform,4,2.8284270763397217,0.7933884297520661
uniform,4,7.6157732009887695,1.0
uniform,0,34.71310806274414,1.0
uniform,0,48.50773239135742,1.0
uniform,0,47.67599105834961,1.0
uniform,0,48.79549026489258,1.0
uniform,0,29.4108829498291,1.0
uniform,0,57.00876998901367,1.0
uniform,0,65.78753662109375,1.0
uniform,0,17.029386520385742,1.0
uniform,0,93.5574722290039,1.0
boundary,1,26.68332862854004,1.0
boundary,1,61.814239501953125,1.0
boundary,1,69.58448028564453,1.0
boundary,5,3.1622776985168457,0.8677685950413223
boundary,5,2.0,0.743801652892562
boundary,0,12.041594505310059,1.0
boundary,1,6.0,1.0
boundary,1,3.0,0.859504132231405
boundary,1,12.165525436401367,1.0
boundary,1,34.928497314453125,1.0
boundary,1,15.033296585083008,1.0
boundary,5,2.0,0.71900826446281
boundary,5,9.219544410705566,1.0
boundary,1,13.0,1.0
boundary,1,1.0,0.6611570247933884
boundary,5,2.2360680103302,0.7768595041322314
boundary,5,9.05538558959961,1.0
boundary,4,1.0,0.6115702479338843
boundary,5,4.0,0.9090909090909091
boundary,5,5.0,1.0
boundary,5,4.0,0.9090909090909091
boundary,5,14.317821502685547,1.0
boundary,4,1.0,0.6446280991735537
boundary,4,0.0,0.5867768595041323
boundary,0,8.0,1.0
boundary,4,0.0,0.5867768595041323
boundary,4,4.123105525970459,0.9586776859504132
boundary,4,2.8284270763397217,0.8347107438016529
boundary,4,2.0,0.7520661157024794
boundary,0,9.0,1.0
boundary,4,8.0,1.0
boundary,4,0.0,0.512396694214876
boundary,0,39.623226165771484,1.0
boundary,4,1.0,0.6198347107438017
boundary,0,43.28972244262695,1.0
boundary,0,40.79215621948242,1.0
boundary,0,3.1622776985168457,0.9090909090909091
boundary,0,4.0,0.9752066115702479
boundary,0,7.6157732009887695,1.0
boundary,0,22.0,1.0
interior,1,122.64175415039062,1.0
interior,1,121.49485778808594,1.0
interior,1,113.1370849609375,1.0
interior,1,97.67292022705078,1.0
interior,1,106.8877944946289,1.0
interior,1,107.68936920166016,1.0
interior,1,88.1192398071289,1.0
interior,1,41.30375289916992,1.0
interior,1,25.961509704589844,1.0
interior,1,39.81205749511719,1.0
interior,5,19.10497283935547,1.0
interior,5,22.56102752685547,1.0
interior,5,18.0,1.0
interior,5,9.848857879638672,1.0
interior,5,23.0,1.0
interior,5,13.601470947265625,1.0
interior,5,7.071067810058594,1.0
interior,5,18.439088821411133,1.0
interior,5,21.587032318115234,1.0
interior,4,12.041594505310059,1.0
interior,4,6.0,1.0
interior,4,9.848857879638672,1.0
interior,4,10.0,1.0
interior,5,12.649110794067383,1.0
interior,4,11.401754379272461,1.0
interior,4,11.180339813232422,1.0
interior,4,8.0,1.0
interior,4,8.9442720413208,1.0
interior,4,11.704699516296387,1.0
interior,4,10.770329475402832,1.0
interior,0,47.85394287109375,1.0
interior,0,49.648765563964844,1.0
interior,0,58.24946212768555,1.0
interior,0,67.60177612304688,1.0
interior,0,61.814239501953125,1.0
interior,0,53.0,1.0
interior,0,80.23091888427734,1.0
interior,0,67.26811981201172,1.0
interior,0,86.4927749633789,1.0
interior,0,73.33484649658203,1.0
uniform,1,41.1096076965332,1.0
uniform,1,101.96568298339844,1.0
uniform,1,97.01546478271484,1.0
uniform,1,80.7527084350586,1.0
uniform,1,69.72087097167969,1.0
uniform,1,67.26811981201172,1.0
uniform,1,61.188232421875,1.0
uniform,1,28.861740112304688,1.0
uniform,1,39.20458984375,1.0
uniform,1,21.095022201538086,1.0
uniform,5,22.022714614868164,1.0
uniform,5,1.0,0.628099173553719
uniform,0,22.472204208374023,1.0
uniform,5,0.0,0.5371900826446281
uniform,5,21.189620971679688,1.0
uniform,5,20.615528106689453,1.0
uniform,5,16.031219482421875,1.0
uniform,5,9.848857879638672,1.0
uniform,4,4.123105525970459,0.9421487603305785
uniform,5,1.0,0.6694214876033058
uniform,5,15.132745742797852,1.0
uniform,5,19.235383987426758,1.0
uniform,0,4.4721360206604,0.9669421487603306
uniform,4,8.0,1.0
uniform,4,3.0,0.8264462809917356
uniform,4,4.123105525970459,0.9338842975206612
uniform,4,3.605551242828369,0.9008264462809917
uniform,4,9.848857879638672,1.0
uniform,4,10.0,1.0
uniform,4,10.440306663513184,1.0
uniform,4,2.0,0.7024793388429752
uniform,0,9.05538558959961,1.0
uniform,4,0.0,0.5206611570247934
uniform,0,33.95585250854492,1.0
uniform,0,30.805843353271484,1.0
uniform,0,60.87692642211914,1.0
uniform,0,70.60453033447266,1.0
uniform,0,43.08131790161133,1.0
uniform,0,15.0,1.0
uniform,0,76.0,1.0
boundary,1,1.0,0.6033057851239669
boundary,5,4.4721360206604,0.948051948051948
boundary,5,5.0,1.0
boundary,1,23.021728515625,1.0
boundary,1,74.81310272216797,1.0
boundary,5,1.0,0.6198347107438017
boundary,1,71.02112579345703,1.0
boundary,1,22.022714614868164,1.0
boundary,1,3.0,0.8099173553719008
boundary,1,8.246211051940918,1.0
boundary,1,14.317821502685547,1.0
boundary,1,27.166154861450195,1.0
boundary,1,3.1622776985168457,0.8677685950413223
boundary,5,0.0,0.5371900826446281
boundary,5,0.0,0.5867768595041323
boundary,5,6.7082037925720215,1.0
boundary,5,10.770329475402832,1.0
boundary,5,3.0,0.8347107438016529
boundary,5,1.0,0.5867768595041323
boundary,4,0.0,0.512396694214876
boundary,4,5.385164737701416,1.0
boundary,5,16.492422103881836,1.0
boundary,4,4.0,0.9173553719008265
boundary,4,1.0,0.6363636363636364
boundary,4,2.8284270763397217,0.8429752066115702
boundary,0,8.062257766723633,1.0
boundary,4,1.0,0.4628099173553719
boundary,0,6.0,1.0
boundary,4,2.0,0.768595041322314
boundary,0,25.0,1.0
boundary,0,5.0,1.0
boundary,4,5.830951690673828,1.0
boundary,4,1.0,0.6776859504132231
boundary,0,11.704699516296387,1.0
boundary,0,10.630146026611328,1.0
boundary,0,45.880279541015625,1.0
boundary,0,17.029386520385742,1.0
boundary,0,17.69180679321289,1.0
boundary,0,11.704699516296387,1.0
boundary,4,1.0,0.45454545454545453
interior,1,142.21463012695312,1.0
interior,1,137.29530334472656,1.0
interior,1,112.29425811767578,1.0
interior,1,112.78740692138672,1.0
interior,1,122.18428802490234,1.0
interior,1,91.4111557006836,1.0
interior,1,104.08650207519531,1.0
interior,1,11.045360565185547,1.0
interior,1,80.60397338867188,1.0
interior,1,45.7055778503418,1.0
interior,5,11.704699516296387,1.0
interior,5,13.0,1.0
interior,5,8.0,1.0
interior,5,24.0,1.0
interior,5,18.439088821411133,1.0
interior,5,13.0,1.0
interior,4,0.0,0.5206611570247934
interior,5,23.34523582458496,1.0
interior,5,19.02629852294922,1.0
interior,5,20.0,1.0
interior,5,20.880613327026367,1.0
interior,4,10.29563045501709,1.0
interior,4,9.848857879638672,1.0
interior,4,8.246211051940918,1.0
interior,4,11.661903381347656,1.0
interior,4,9.433980941772461,1.0
interior,4,9.848857879638672,1.0
interior,4,6.0,1.0
interior,4,11.0,1.0
interior,4,9.0,1.0
interior,0,33.734256744384766,1.0
interior,0,55.36244201660156,1.0
interior,0,56.30275344848633,1.0
interior,0,50.477718353271484,1.0
interior,0,66.5732650756836,1.0
interior,0,64.8459701538086,1.0
interior,0,69.07966613769531,1.0
interior,0,83.02409362792969,1.0
interior,0,79.07591247558594,1.0
interior,0,92.57429504394531,1.0
uniform,5,1.0,0.37662337662337664
uniform,5,7.280109882354736,1.0
uniform,5,2.0,0.7171717171717171
uniform,5,0.0,0.5363636363636364
uniform,5,5.385164737701416,0.990909090909091
uniform,2,25.0,1.0
uniform,5,1.0,0.6033057851239669
uniform,5,4.0,0.9256198347107438
uniform,5,4.4721360206604,0.9504132231404959
uniform,5,1.0,0.5537190082644629
uniform,2,13.0,1.0
uniform,5,0.0,0.5454545454545454
uniform,2,1.4142135381698608,0.7024793388429752
uniform,2,14.560219764709473,1.0
uniform,2,6.324555397033691,1.0
uniform,0,11.661903381347656,1.0
uniform,2,6.324555397033691,1.0
uniform,2,6.324555397033691,1.0
uniform,2,7.071067810058594,1.0
uniform,2,1.0,0.6528925619834711
uniform,2,4.0,0.9256198347107438
uniform,0,20.880613327026367,1.0
uniform,0,65.76473236083984,1.0
uniform,0,119.33147430419922,1.0
uniform,0,94.87360382080078,1.0
uniform,0,132.1854705810547,1.0
uniform,0,139.53135681152344,1.0
uniform,0,204.92437744140625,1.0
uniform,0,203.73020935058594,1.0
uniform,0,221.6867218017578,1.0
boundary,2,5.099019527435303,0.9696969696969697
boundary,5,0.0,0.42045454545454547
boundary,5,0.0,0.40404040404040403
boundary,5,0.0,0.48484848484848486
boundary,5,2.0,0.7070707070707071
boundary,2,2.8284270763397217,0.7575757575757576
boundary,5,2.8284270763397217,0.8181818181818182
boundary,5,2.8284270763397217,0.7851239669421488
boundary,5,0.0,0.5785123966942148
boundary,2,29.4108829498291,1.0
boundary,5,1.0,0.6115702479338843
boundary,5,0.0,0.39669421487603307
boundary,5,0.0,0.35537190082644626
boundary,2,20.880613327026367,1.0
boundary,2,13.892443656921387,1.0
boundary,2,2.0,0.7355371900826446
boundary,2,8.062257766723633,1.0
boundary,2,8.9442720413208,1.0
boundary,2,3.0,0.859504132231405
boundary,2,1.0,0.6528925619834711
boundary,0,47.434165954589844,1.0
boundary,0,63.06346130371094,1.0
boundary,0,50.15974426269531,1.0
boundary,0,93.92018127441406,1.0
boundary,0,60.16643524169922,1.0
boundary,0,113.52973175048828,1.0
boundary,0,160.38079833984375,1.0
boundary,0,144.64093017578125,1.0
boundary,0,209.45883178710938,1.0
boundary,0,239.7185821533203,1.0
interior,5,6.7082037925720215,1.0
interior,5,8.5440034866333,1.0
interior,5,8.5440034866333,1.0
interior,5,6.082762718200684,1.0
interior,2,28.792360305786133,1.0
interior,5,4.0,0.8977272727272727
interior,5,5.0,0.9659090909090909
interior,5,6.324555397033691,1.0
interior,5,5.830951690673828,0.98989898989899
interior,5,1.0,0.6694214876033058
interior,5,5.0,0.9421487603305785
interior,2,31.95309066772461,1.0
interior,2,26.570659637451172,1.0
interior,2,26.248809814453125,1.0
interior,2,26.570659637451172,1.0
interior,2,22.135944366455078,1.0
interior,2,21.540658950805664,1.0
interior,2,12.083045959472656,1.0
interior,2,12.649110794067383,1.0
interior,2,11.704699516296387,1.0
interior,0,173.1588897705078,1.0
interior,0,202.0,1.0
interior,0,212.28518676757812,1.0
interior,0,203.97303771972656,1.0
interior,0,238.10081481933594,1.0
interior,0,246.5218048095703,1.0
interior,0,221.0452423095703,1.0
interior,0,245.20399475097656,1.0
interior,0,249.87396240234375,1.0
interior,0,247.31558227539062,1.0
uniform,5,1.0,0.5909090909090909
uniform,5,3.605551242828369,0.8441558441558441
uniform,2,7.280109882354736,1.0
uniform,2,6.324555397033691,1.0
uniform,5,2.0,0.625
uniform,5,5.830951690673828,1.0
uniform,5,4.123105525970459,0.9204545454545454
uniform,2,7.071067810058594,1.0
uniform,5,1.0,0.5151515151515151
uniform,5,5.0,0.9421487603305785
uniform,5,0.0,0.49586776859504134
uniform,5,0.0,0.512396694214876
uniform,2,11.401754379272461,1.0
uniform,5,0.0,0.5206611570247934
uniform,2,27.85677719116211,1.0
uniform,2,2.8284270763397217,0.8181818181818182
uniform,2,5.830951690673828,1.0
uniform,2,0.0,0.512396694214876
uniform,2,5.0,0.9752066115702479
uniform,2,1.0,0.6694214876033058
uniform,0,103.3924560546875,1.0
uniform,0,130.91983032226562,1.0
uniform,0,163.2176513671875,1.0
uniform,0,146.76852416992188,1.0
uniform,0,159.87808227539062,1.0
uniform,0,203.00245666503906,1.0
uniform,0,236.40008544921875,1.0
uniform,0,234.7637176513672,1.0
uniform,0,258.9922790527344,1.0
uniform,0,250.31979370117188,1.0
boundary,5,0.0,0.18181818181818182
boundary,5,0.0,0.22727272727272727
boundary,5,5.0,0.9545454545454546
boundary,5,1.0,0.4805194805194805
boundary,5,6.324555397033691,1.0
boundary,5,7.280109882354736,1.0
boundary,5,1.0,0.5959595959595959
boundary,2,16.155494689941406,1.0
boundary,5,1.0,0.6363636363636364
boundary,2,0.0,0.5371900826446281
boundary,2,7.6157732009887695,1.0
boundary,2,15.231546401977539,1.0
boundary,5,2.0,0.7603305785123967
boundary,2,8.062257766723633,1.0
boundary,5,0.0,0.5206611570247934
boundary,2,5.099019527435303,0.9834710743801653
boundary,2,23.409399032592773,1.0
boundary,2,1.0,0.6694214876033058
boundary,2,12.083045959472656,1.0
boundary,2,1.0,0.5950413223140496
boundary,0,25.05992889404297,1.0
boundary,0,17.72004508972168,1.0
boundary,0,40.804412841796875,1.0
boundary,0,74.81310272216797,1.0
boundary,0,83.73768615722656,1.0
boundary,0,76.79192352294922,1.0
boundary,0,107.44766235351562,1.0
boundary,0,117.4776611328125,1.0
boundary,0,166.0030059814453,1.0
boundary,0,225.00889587402344,1.0
interior,5,6.082762718200684,1.0
interior,5,7.280109882354736,1.0
interior,2,33.241539001464844,1.0
interior,5,5.830951690673828,1.0
interior,5,6.324555397033691,1.0
interior,5,6.7082037925720215,1.0
interior,2,34.1760139465332,1.0
interior,5,3.1622776985168457,0.8295454545454546
interior,5,3.1622776985168457,0.8295454545454546
interior,5,5.830951690673828,0.98989898989899
interior,2,14.560219764709473,1.0
interior,2,28.160255432128906,1.0
interior,5,1.0,0.5867768595041323
interior,2,31.320919036865234,1.0
interior,2,31.016124725341797,1.0
interior,5,0.0,0.4132231404958678
interior,2,26.570659637451172,1.0
interior,2,8.9442720413208,1.0
interior,2,13.34166431427002,1.0
interior,2,3.1622776985168457,0.8677685950413223
interior,0,129.02713012695312,1.0
interior,0,181.6039581298828,1.0
interior,0,215.69654846191406,1.0
interior,0,223.18153381347656,1.0
interior,0,256.8598937988281,1.0
interior,0,256.0,1.0
interior,0,260.49951171875,1.0
interior,0,246.1747283935547,1.0
interior,0,276.3059997558594,1.0
interior,0,263.74609375,1.0
uniform,5,2.0,0.5
uniform,5,6.324555397033691,1.0
uniform,5,0.0,0.23376623376623376
uniform,5,5.830951690673828,1.0
uniform,5,5.0,0.9595959595959596
uniform,5,0.0,0.5363636363636364
uniform,5,0.0,0.5454545454545454
uniform,5,2.8284270763397217,0.8181818181818182
uniform,2,20.615528106689453,1.0
uniform,2,26.925823211669922,1.0
uniform,5,2.0,0.6942148760330579
uniform,2,10.440306663513184,1.0
uniform,5,0.0,0.3884297520661157
uniform,2,6.324555397033691,1.0
uniform,2,22.135944366455078,1.0
uniform,2,11.401754379272461,1.0
uniform,2,7.6157732009887695,1.0
uniform,2,10.198039054870605,1.0
uniform,0,28.42534065246582,1.0
uniform,2,13.34166431427002,1.0
uniform,0,15.29705810546875,1.0
uniform,0,11.401754379272461,1.0
uniform,2,0.0,0.5371900826446281
uniform,0,63.06346130371094,1.0
uniform,0,90.8019790649414,1.0
uniform,0,72.11102294921875,1.0
uniform,0,145.8252410888672,1.0
uniform,0,165.52944946289062,1.0
uniform,0,223.0269012451172,1.0
uniform,0,228.0,1.0
boundary,5,1.0,0.3333333333333333
boundary,2,5.0,0.9545454545454546
boundary,5,0.0,0.2857142857142857
boundary,5,0.0,0.4805194805194805
boundary,5,1.0,0.5568181818181818
boundary,5,0.0,0.5
boundary,2,6.082762718200684,1.0
boundary,5,1.0,0.6694214876033058
boundary,5,0.0,0.5454545454545454
boundary,5,1.0,0.6033057851239669
boundary,5,2.0,0.7024793388429752
boundary,2,20.615528106689453,1.0
boundary,5,1.0,0.4793388429752066
boundary,2,16.155494689941406,1.0
boundary,2,9.219544410705566,1.0
boundary,2,10.440306663513184,1.0
boundary,0,13.601470947265625,1.0
boundary,2,18.973665237426758,1.0
boundary,0,4.0,0.9256198347107438
boundary,2,1.0,0.6033057851239669
boundary,2,7.280109882354736,1.0
boundary,0,17.72004508972168,1.0
boundary,0,18.973665237426758,1.0
boundary,2,0.0,0.5785123966942148
boundary,0,43.32435989379883,1.0
boundary,0,42.8018684387207,1.0
boundary,0,49.24428939819336,1.0
boundary,0,48.764739990234375,1.0
boundary,0,126.84636688232422,1.0
boundary,0,160.38079833984375,1.0
interior,5,7.280109882354736,1.0
interior,5,8.246211051940918,1.0
interior,2,23.0867919921875,1.0
interior,5,1.4142135381698608,0.5194805194805194
interior,5,4.123105525970459,0.9090909090909091
interior,5,3.605551242828369,0.8441558441558441
interior,5,3.605551242828369,0.8636363636363636
interior,5,6.324555397033691,1.0
interior,2,30.08321762084961,1.0
interior,2,34.01470184326172,1.0
interior,2,18.027755737304688,1.0
interior,5,2.2360680103302,0.7636363636363637
interior,2,0.0,0.5867768595041323
interior,5,3.1622776985168457,0.7520661157024794
interior,5,1.4142135381698608,0.5206611570247934
interior,2,21.189620971679688,1.0
interior,2,13.34166431427002,1.0
interior,2,15.524174690246582,1.0
interior,2,16.155494689941406,1.0
interior,2,16.492422103881836,1.0
interior,0,78.39005279541016,1.0
interior,0,126.49110412597656,1.0
interior,0,168.88458251953125,1.0
interior,0,224.32342529296875,1.0
interior,0,239.28225708007812,1.0
interior,0,259.93267822265625,1.0
interior,0,249.8999786376953,1.0
interior,0,269.4624328613281,1.0
interior,0,253.77549743652344,1.0
interior,0,287.1410827636719,1.0
uniform,5,1.0,0.3939393939393939
uniform,5,8.5440034866333,1.0
uniform,5,3.0,0.7662337662337663
uniform,5,4.4721360206604,0.935064935064935
uniform,5,1.0,0.5454545454545454
uniform,5,0.0,0.4659090909090909
uniform,5,1.4142135381698608,0.6262626262626263
uniform,5,3.1622776985168457,0.8484848484848485
uniform,2,10.770329475402832,1.0
uniform,5,4.4721360206604,0.9545454545454546
uniform,5,2.0,0.7
uniform,2,28.460498809814453,1.0
uniform,2,26.925823211669922,1.0
uniform,2,7.280109882354736,1.0
uniform,2,18.681541442871094,1.0
uniform,2,5.0,0.9752066115702479
uniform,2,8.5440034866333,1.0
uniform,2,13.0,1.0
uniform,2,1.0,0.6033057851239669
uniform,2,4.123105525970459,0.9421487603305785
uniform,0,21.587032318115234,1.0
uniform,0,52.88667297363281,1.0
uniform,0,72.73238372802734,1.0
uniform,0,100.5683822631836,1.0
uniform,0,93.29522705078125,1.0
uniform,0,114.48143768310547,1.0
uniform,0,127.440185546875,1.0
uniform,0,116.5203857421875,1.0
uniform,0,172.16561889648438,1.0
uniform,0,226.5855255126953,1.0
boundary,2,0.0,0.2727272727272727
boundary,2,5.0,0.9659090909090909
boundary,5,0.0,0.5
boundary,5,0.0,0.5363636363636364
boundary,5,3.605551242828369,0.8909090909090909
boundary,5,0.0,0.512396694214876
boundary,5,2.2360680103302,0.768595041322314
boundary,2,3.0,0.8512396694214877
boundary,5,0.0,0.5785123966942148
boundary,5,2.0,0.7272727272727273
boundary,5,3.0,0.8512396694214877
boundary,2,5.099019527435303,0.9834710743801653
boundary,2,17.464248657226562,1.0
boundary,5,0.0,0.512396694214876
boundary,2,8.9442720413208,1.0
boundary,5,0.0,0.35537190082644626
boundary,0,4.0,0.9256198347107438
boundary,2,13.601470947265625,1.0
boundary,2,1.0,0.6115702479338843
boundary,0,17.464248657226562,1.0
boundary,2,7.071067810058594,1.0
boundary,2,8.5440034866333,1.0
boundary,0,10.29563045501709,1.0
boundary,0,19.92485809326172,1.0
boundary,0,29.068883895874023,1.0
boundary,0,16.278820037841797,1.0
boundary,0,46.097721099853516,1.0
boundary,0,64.35060119628906,1.0
boundary,0,108.78418731689453,1.0
boundary,0,124.19339752197266,1.0
interior,5,1.0,0.3939393939393939
interior,5,3.0,0.7272727272727273
interior,5,6.7082037925720215,1.0
interior,5,7.071067810058594,1.0
interior,5,8.062257766723633,1.0
interior,2,25.298221588134766,1.0
interior,2,35.735137939453125,1.0
interior,2,33.83784866333008,1.0
interior,5,6.324555397033691,1.0
interior,5,5.830951690673828,1.0
interior,2,19.313207626342773,1.0
interior,2,25.298221588134766,1.0
interior,5,3.605551242828369,0.8818181818181818
interior,5,4.4721360206604,0.9504132231404959
interior,2,32.280025482177734,1.0
interior,5,3.605551242828369,0.8429752066115702
interior,2,31.048349380493164,1.0
interior,2,0.0,0.5041322314049587
interior,2,9.486832618713379,1.0
interior,2,23.0867919921875,1.0
interior,0,31.320919036865234,1.0
interior,0,110.02726745605469,1.0
interior,0,147.27525329589844,1.0
interior,0,154.93223571777344,1.0
interior,0,173.9683837890625,1.0
interior,0,191.1334686279297,1.0
interior,0,270.8154296875,1.0
interior,0,244.18231201171875,1.0
interior,0,256.47027587890625,1.0
interior,0,259.0830078125,1.0
uniform,5,1.0,0.2727272727272727
uniform,5,2.8284270763397217,0.6666666666666666
uniform,5,5.0,0.9545454545454546
uniform,2,6.7082037925720215,1.0
uniform,5,4.0,0.8831168831168831
uniform,5,5.830951690673828,1.0
uniform,5,2.0,0.7171717171717171
uniform,5,0.0,0.5353535353535354
uniform,2,8.062257766723633,1.0
uniform,5,1.0,0.6
uniform,2,19.92485809326172,1.0
uniform,5,0.0,0.5454545454545454
uniform,5,2.0,0.7272727272727273
uniform,2,26.248809814453125,1.0
uniform,2,1.0,0.5950413223140496
uniform,0,25.495098114013672,1.0
uniform,2,11.180339813232422,1.0
uniform,2,8.062257766723633,1.0
uniform,2,10.440306663513184,1.0
uniform,2,4.4721360206604,0.9586776859504132
uniform,2,1.0,0.6446280991735537
uniform,0,37.947330474853516,1.0
uniform,0,44.92215347290039,1.0
uniform,0,66.73080444335938,1.0
uniform,0,91.0494384765625,1.0
uniform,0,97.86214447021484,1.0
uniform,0,107.83784484863281,1.0
uniform,0,103.24727630615234,1.0
uniform,0,168.24090576171875,1.0
uniform,0,253.5685272216797,1.0
boundary,5,2.0,0.5606060606060606
boundary,5,0.0,0.5
boundary,5,2.0,0.6704545454545454
boundary,5,2.2360680103302,0.7045454545454546
boundary,2,1.4142135381698608,0.6262626262626263
boundary,5,0.0,0.5363636363636364
boundary,2,4.123105525970459,0.9363636363636364
boundary,2,12.369317054748535,1.0
boundary,5,0.0,0.512396694214876
boundary,2,20.248456954956055,1.0
boundary,5,0.0,0.5454545454545454
boundary,5,0.0,0.512396694214876
boundary,5,1.0,0.4380165289256198
boundary,0,42.7551155090332,1.0
boundary,5,0.0,0.32231404958677684
boundary,0,36.055511474609375,1.0
boundary,2,2.0,0.71900826446281
boundary,2,1.0,0.5950413223140496
boundary,2,3.0,0.8512396694214877
boundary,2,1.0,0.6694214876033058
boundary,2,5.099019527435303,0.9917355371900827
boundary,0,43.65776062011719,1.0
boundary,2,3.605551242828369,0.8760330578512396
boundary,0,40.70626449584961,1.0
boundary,0,17.0,1.0
boundary,0,38.60051727294922,1.0
boundary,0,26.248809814453125,1.0
boundary,0,111.46299743652344,1.0
boundary,0,113.35784149169922,1.0
boundary,0,173.52809143066406,1.0
interior,5,8.246211051940918,1.0
interior,5,6.7082037925720215,1.0
interior,5,5.0,0.9545454545454546
interior,2,32.280025482177734,1.0
interior,5,5.385164737701416,0.987012987012987
interior,5,6.324555397033691,1.0
interior,5,7.071067810058594,1.0
interior,2,0.0,0.38636363636363635
interior,5,4.0,0.9181818181818182
interior,2,25.961509704589844,1.0
interior,2,26.832815170288086,1.0
interior,5,0.0,0.5785123966942148
interior,5,3.0,0.7851239669421488
interior,5,0.0,0.512396694214876
interior,2,11.180339813232422,1.0
interior,2,26.248809814453125,1.0
interior,2,6.324555397033691,1.0
interior,2,22.803508758544922,1.0
interior,2,17.72004508972168,1.0
interior,2,8.062257766723633,1.0
interior,0,52.49761962890625,1.0
interior,0,62.93647766113281,1.0
interior,0,215.05813598632812,1.0
interior,0,205.22183227539062,1.0
interior,0,216.66795349121094,1.0
interior,0,217.83021545410156,1.0
interior,0,238.3212127685547,1.0
interior,0,233.3430938720703,1.0
interior,0,278.5982666015625,1.0
interior,0,276.7038269042969,1.0
uniform,5,250.3377685546875,1.0
uniform,5,76.216796875,1.0
uniform,5,227.77401733398438,1.0
uniform,5,173.1588897705078,1.0
uniform,5,235.63743591308594,1.0
uniform,5,254.06495666503906,1.0
uniform,5,221.6776885986328,1.0
uniform,5,233.48233032226562,1.0
uniform,5,250.05999755859375,1.0
uniform,5,350.8902893066406,1.0
boundary,5,95.42536163330078,1.0
boundary,5,106.9205322265625,1.0
boundary,5,58.13776779174805,1.0
boundary,5,166.64332580566406,1.0
boundary,5,103.81233215332031,1.0
boundary,5,71.56814575195312,1.0
boundary,5,284.38177490234375,1.0
boundary,5,119.62023162841797,1.0
boundary,5,154.15576171875,1.0
boundary,5,337.62701416015625,1.0
interior,5,297.0067443847656,1.0
interior,5,276.9729309082031,1.0
interior,5,68.09552001953125,1.0
interior,5,240.3934326171875,1.0
interior,5,283.11480712890625,1.0
interior,5,304.73101806640625,1.0
interior,5,396.6875305175781,1.0
interior,5,407.45062255859375,1.0
interior,5,345.38818359375,1.0
interior,5,314.1973876953125,1.0
uniform,5,180.31361389160156,1.0
uniform,5,302.5524597167969,1.0
uniform,5,326.91436767578125,1.0
uniform,5,254.00787353515625,1.0
uniform,5,237.7940216064453,1.0
uniform,5,230.4821014404297,1.0
uniform,5,243.31256103515625,1.0
uniform,5,274.2735900878906,1.0
uniform,5,274.9345397949219,1.0
uniform,5,299.4077453613281,1.0
boundary,5,235.01914978027344,1.0
boundary,5,34.20526123046875,1.0
boundary,5,18.248287200927734,1.0
boundary,5,112.17842864990234,1.0
boundary,5,146.29080200195312,1.0
boundary,5,121.16517639160156,1.0
boundary,5,230.7054443359375,1.0
boundary,5,145.34442138671875,1.0
boundary,5,292.7148742675781,1.0
boundary,5,256.5170593261719,1.0
interior,5,273.4026184082031,1.0
interior,5,292.1181335449219,1.0
interior,5,318.989013671875,1.0
interior,5,226.73773193359375,1.0
interior,5,240.9024658203125,1.0
interior,5,309.9951477050781,1.0
interior,5,253.94683837890625,1.0
interior,5,395.66778564453125,1.0
interior,5,281.8882751464844,1.0
interior,5,381.1626892089844,1.0
uniform,5,146.81961059570312,1.0
uniform,5,235.847412109375,1.0
uniform,5,136.69308471679688,1.0
uniform,5,140.08926391601562,1.0
uniform,5,175.0,1.0
uniform,5,332.831787109375,1.0
uniform,5,336.74322509765625,1.0
uniform,5,263.6968078613281,1.0
uniform,5,334.8611755371094,1.0
uniform,5,309.9677429199219,1.0
boundary,5,259.1138610839844,1.0
boundary,5,173.9022674560547,1.0
boundary,5,141.38246154785156,1.0
boundary,5,168.0743865966797,1.0
boundary,5,126.05157470703125,1.0
boundary,5,103.46980285644531,1.0
boundary,5,241.29856872558594,1.0
boundary,5,187.9707489013672,1.0
boundary,5,183.88311767578125,1.0
boundary,5,327.51947021484375,1.0
interior,5,264.1968994140625,1.0
interior,5,275.3942565917969,1.0
interior,5,231.32012939453125,1.0
interior,5,301.0996398925781,1.0
interior,5,340.3307189941406,1.0
interior,5,263.2052307128906,1.0
interior,5,276.5682678222656,1.0
interior,5,342.9533386230469,1.0
interior,5,360.0736083984375,1.0
interior,5,373.4836120605469,1.0
uniform,5,265.4241943359375,1.0
uniform,5,170.064697265625,1.0
uniform,5,136.06248474121094,1.0
uniform,5,224.96444702148438,1.0
uniform,5,250.40167236328125,1.0
uniform,5,222.27235412597656,1.0
uniform,5,168.3240966796875,1.0
uniform,5,307.4166564941406,1.0
uniform,5,358.0642395019531,1.0
uniform,5,317.9182434082031,1.0
boundary,5,5.385164737701416,1.0
boundary,5,40.607879638671875,1.0
boundary,5,33.95585250854492,1.0
boundary,5,84.72307586669922,1.0
boundary,5,76.11833190917969,1.0
boundary,5,193.0,1.0
boundary,5,144.03125,1.0
boundary,5,167.5290985107422,1.0
boundary,5,217.80955505371094,1.0
boundary,5,269.22296142578125,1.0
interior,5,236.45718383789062,1.0
interior,5,303.1996154785156,1.0
interior,5,303.19134521484375,1.0
interior,5,103.00485229492188,1.0
interior,5,329.87420654296875,1.0
interior,5,370.0337829589844,1.0
interior,5,242.4046173095703,1.0
interior,5,292.9846496582031,1.0
interior,5,381.4773864746094,1.0
interior,5,409.4447326660156,1.0
uniform,5,140.9006805419922,1.0
uniform,5,250.4795379638672,1.0
uniform,5,113.0707778930664,1.0
uniform,5,245.77224731445312,1.0
uniform,5,225.5149688720703,1.0
uniform,5,150.96026611328125,1.0
uniform,5,231.20985412597656,1.0
uniform,5,278.01617431640625,1.0
uniform,5,283.98944091796875,1.0
uniform,5,306.10455322265625,1.0
boundary,5,64.19501495361328,1.0
boundary,5,170.75128173828125,1.0
boundary,5,52.55473327636719,1.0
boundary,5,71.44927978515625,1.0
boundary,5,267.50701904296875,1.0
boundary,5,198.72593688964844,1.0
boundary,5,134.3502960205078,1.0
boundary,5,224.2431640625,1.0
boundary,5,279.8034973144531,1.0
boundary,5,241.18251037597656,1.0
interior,5,226.0552978515625,1.0
interior,5,194.5096435546875,1.0
interior,5,224.58851623535156,1.0
interior,5,225.67454528808594,1.0
interior,5,352.5478820800781,1.0
interior,5,369.8499755859375,1.0
interior,5,275.87860107421875,1.0
interior,5,329.9696960449219,1.0
interior,5,390.48687744140625,1.0
interior,5,294.2057189941406,1.0
uniform,1,85.61541748046875,1.0
uniform,1,52.39274597167969,1.0
uniform,1,51.6623649597168,1.0
uniform,1,81.74349975585938,1.0
uniform,1,21.189620971679688,1.0
uniform,1,66.94026947021484,1.0
uniform,1,43.680660247802734,1.0
uniform,0,8.246211051940918,1.0
uniform,1,38.832977294921875,1.0
uniform,0,7.6157732009887695,1.0
uniform,0,0.0,0.5537190082644629
uniform,0,9.486832618713379,1.0
uniform,0,0.0,0.5785123966942148
uniform,2,1.4142135381698608,0.6942148760330579
uniform,5,2.0,0.7024793388429752
uniform,0,2.0,0.7603305785123967
uniform,0,2.0,0.71900826446281
uniform,5,0.0,0.7107438016528925
uniform,5,4.0,0.9173553719008265
uniform,0,1.0,0.6198347107438017
uniform,2,16.124515533447266,1.0
uniform,2,33.241539001464844,1.0
uniform,2,39.051246643066406,1.0
uniform,2,22.360679626464844,1.0
uniform,2,56.75385284423828,1.0
uniform,2,42.04759216308594,1.0
uniform,1,0.0,0.2727272727272727
uniform,2,27.784887313842773,1.0
uniform,2,2.0,0.71900826446281
uniform,1,7.0,1.0
uniform,5,0.0,0.5785123966942148
uniform,3,15.81138801574707,1.0
uniform,3,14.21267032623291,1.0
uniform,5,6.082762718200684,1.0
uniform,3,5.385164737701416,0.9752066115702479
uniform,5,0.0,0.5454545454545454
uniform,2,2.0,0.7355371900826446
uniform,3,22.803508758544922,1.0
uniform,3,9.848857879638672,1.0
uniform,5,4.0,0.9090909090909091
uniform,5,2.8284270763397217,0.7851239669421488
uniform,3,11.180339813232422,1.0
uniform,5,3.605551242828369,0.8842975206611571
uniform,3,33.241539001464844,1.0
uniform,3,65.25334930419922,1.0
uniform,3,59.66573715209961,1.0
uniform,5,2.8284270763397217,0.7851239669421488
uniform,0,3.0,0.7933884297520661
uniform,0,1.0,0.6694214876033058
uniform,3,63.324562072753906,1.0
boundary,1,69.12307739257812,1.0
boundary,1,63.78871536254883,1.0
boundary,1,49.72926712036133,1.0
boundary,1,13.601470947265625,1.0
boundary,1,17.0880069732666,1.0
boundary,0,0.0,0.512396694214876
boundary,1,15.524174690246582,1.0
boundary,0,0.0,0.5206611570247934
boundary,0,0.0,0.5785123966942148
boundary,0,1.0,0.6446280991735537
boundary,1,11.045360565185547,1.0
boundary,1,3.0,0.8264462809917356
boundary,5,0.0,0.5537190082644629
boundary,5,0.0,0.49586776859504134
boundary,5,1.0,0.6528925619834711
boundary,0,0.0,0.5289256198347108
boundary,0,0.0,0.33884297520661155
boundary,0,2.8284270763397217,0.8099173553719008
boundary,5,0.0,0.35537190082644626
boundary,1,2.8284270763397217,0.8099173553719008
boundary,1,0.0,0.5371900826446281
boundary,2,12.369317054748535,1.0
boundary,2,20.880613327026367,1.0
boundary,2,9.05538558959961,1.0
boundary,2,30.265491485595703,1.0
boundary,2,14.560219764709473,1.0
boundary,2,3.0,0.8347107438016529
boundary,3,7.071067810058594,1.0
boundary,3,8.062257766723633,1.0
boundary,2,12.727922439575195,1.0
boundary,5,0.0,0.5950413223140496
boundary,3,20.2237491607666,1.0
boundary,3,13.03840446472168,1.0
boundary,3,7.211102485656738,1.0
boundary,2,2.2360680103302,0.8016528925619835
boundary,3,12.041594505310059,1.0
boundary,3,14.422204971313477,1.0
boundary,0,0.0,0.5785123966942148
boundary,2,0.0,0.7107438016528925
boundary,5,3.605551242828369,0.8842975206611571
boundary,3,4.0,0.9504132231404959
boundary,5,0.0,0.49586776859504134
boundary,5,0.0,0.48760330578512395
boundary,3,3.605551242828369,0.9008264462809917
boundary,5,0.0,0.6528925619834711
boundary,5,1.4142135381698608,0.7768595041322314
boundary,0,9.433980941772461,1.0
boundary,3,18.384777069091797,1.0
boundary,0,4.0,0.8925619834710744
boundary,2,5.830951690673828,0.9917355371900827
interior,1,80.77747344970703,1.0
interior,1,61.61168670654297,1.0
interior,1,84.17243957519531,1.0
interior,1,72.53275299072266,1.0
interior,1,79.62411499023438,1.0
interior,1,92.41753387451172,1.0
interior,1,64.53681182861328,1.0
interior,1,41.773197174072266,1.0
interior,0,8.5440034866333,1.0
interior,1,26.476404190063477,1.0
interior,0,9.05538558959961,1.0
interior,2,2.0,0.7603305785123967
interior,0,3.0,0.8512396694214877
interior,0,5.385164737701416,1.0
interior,0,8.062257766723633,1.0
interior,5,5.0,0.9752066115702479
interior,0,1.0,0.6033057851239669
interior,0,2.0,0.7355371900826446
interior,1,9.05538558959961,1.0
interior,5,2.0,0.6446280991735537
interior,5,0.0,0.512396694214876
interior,2,50.96076965332031,1.0
interior,2,60.539241790771484,1.0
interior,2,61.29437255859375,1.0
interior,2,48.50773239135742,1.0
interior,2,59.304298400878906,1.0
interior,2,47.53945541381836,1.0
interior,2,39.051246643066406,1.0
interior,2,40.52159881591797,1.0
interior,2,45.17742919921875,1.0
interior,5,4.0,0.9173553719008265
interior,5,6.0,1.0
interior,5,5.099019527435303,1.0
interior,3,27.166154861450195,1.0
interior,5,1.0,0.6198347107438017
interior,5,4.123105525970459,0.9504132231404959
interior,5,3.0,0.8429752066115702
interior,0,6.324555397033691,1.0
interior,5,2.2360680103302,0.9008264462809917
interior,0,13.892443656921387,1.0
interior,0,15.55634880065918,1.0
interior,3,65.0,1.0
interior,3,69.63475799560547,1.0
interior,3,44.9110221862793,1.0
interior,3,82.22530364990234,1.0
interior,3,81.39410400390625,1.0
interior,3,76.89603424072266,1.0
interior,3,86.34812927246094,1.0
interior,3,3.0,0.8111111111111111
interior,3,41.0,1.0
uniform,1,76.15773010253906,1.0
uniform,1,34.20526123046875,1.0
uniform,1,41.231056213378906,1.0
uniform,1,38.832977294921875,1.0
uniform,1,7.071067810058594,1.0
uniform,1,65.73431396484375,1.0
uniform,1,34.36568069458008,1.0
uniform,0,1.0,0.6611570247933884
uniform,0,5.385164737701416,1.0
uniform,1,42.95346450805664,1.0
uniform,1,51.6623649597168,1.0
uniform,0,7.0,1.0
uniform,0,1.0,0.628099173553719
uniform,0,0.0,0.5454545454545454
uniform,0,3.0,0.8347107438016529
uniform,0,7.071067810058594,1.0
uniform,0,6.324555397033691,1.0
uniform,0,3.0,0.8512396694214877
uniform,0,2.8284270763397217,0.8099173553719008
uniform,5,5.0,0.9752066115702479
uniform,5,0.0,0.5371900826446281
uniform,1,21.587032318115234,1.0
uniform,5,3.1622776985168457,0.8842975206611571
uniform,5,1.0,0.743801652892562
uniform,5,1.0,0.5619834710743802
uniform,2,34.48188018798828,1.0
uniform,2,32.75667953491211,1.0
uniform,2,45.880279541015625,1.0
uniform,2,59.43904495239258,1.0
uniform,2,19.646883010864258,1.0
uniform,2,20.615528106689453,1.0
uniform,2,31.78049659729004,1.0
uniform,2,22.203603744506836,1.0
uniform,2,25.298221588134766,1.0
uniform,3,28.44292449951172,1.0
uniform,5,2.2360680103302,0.7107438016528925
uniform,5,0.0,0.5785123966942148
uniform,5,0.0,0.4380165289256198
uniform,3,35.693138122558594,1.0
uniform,5,3.0,0.8016528925619835
uniform,3,9.848857879638672,1.0
uniform,3,48.50773239135742,1.0
uniform,3,44.40720748901367,1.0
uniform,3,33.241539001464844,1.0
uniform,3,47.07440948486328,1.0
uniform,3,66.94026947021484,1.0
uniform,5,1.4142135381698608,0.8016528925619835
uniform,2,7.6157732009887695,1.0
uniform,3,75.43209075927734,1.0
uniform,3,44.92215347290039,1.0
boundary,1,73.00685119628906,1.0
boundary,1,22.56102752685547,1.0
boundary,1,26.925823211669922,1.0
boundary,1,17.262676239013672,1.0
boundary,0,6.082762718200684,1.0
boundary,1,26.248809814453125,1.0
boundary,1,8.9442720413208,1.0
boundary,1,27.20294189453125,1.0
boundary,0,3.605551242828369,0.9318181818181818
boundary,1,22.56102752685547,1.0
boundary,0,1.0,0.6198347107438017
boundary,5,0.0,0.5371900826446281
boundary,1,17.464248657226562,1.0
boundary,0,0.0,0.5537190082644629
boundary,0,5.830951690673828,1.0
boundary,5,1.0,0.6115702479338843
boundary,5,1.0,0.6033057851239669
boundary,5,2.8284270763397217,0.8099173553719008
boundary,0,2.0,0.7272727272727273
boundary,2,17.262676239013672,1.0
boundary,1,8.9442720413208,1.0
boundary,5,0.0,0.5371900826446281
boundary,0,1.0,0.6363636363636364
boundary,2,36.34556198120117,1.0
boundary,2,14.03566837310791,1.0
boundary,3,1.0,0.6611570247933884
boundary,2,5.830951690673828,0.9917355371900827
boundary,3,12.165525436401367,1.0
boundary,3,9.219544410705566,1.0
boundary,3,16.124515533447266,1.0
boundary,5,2.0,0.743801652892562
boundary,2,3.1622776985168457,0.8842975206611571
boundary,5,1.4142135381698608,0.6942148760330579
boundary,2,3.1622776985168457,0.8677685950413223
boundary,2,2.0,0.768595041322314
boundary,3,15.81138801574707,1.0
boundary,5,0.0,0.7520661157024794
boundary,3,35.1710090637207,1.0
boundary,2,4.0,0.9173553719008265
boundary,5,5.0,0.9752066115702479
boundary,0,3.605551242828369,0.8842975206611571
boundary,3,6.7082037925720215,1.0
boundary,3,3.0,0.8429752066115702
boundary,0,6.082762718200684,1.0
boundary,3,24.041629791259766,1.0
boundary,2,7.071067810058594,1.0
boundary,5,1.0,0.4380165289256198
boundary,0,4.0,0.9504132231404959
boundary,2,5.830951690673828,0.9917355371900827
boundary,3,7.071067810058594,1.0
interior,1,80.41144561767578,1.0
interior,1,103.36827087402344,1.0
interior,1,98.71676635742188,1.0
interior,1,103.07764434814453,1.0
interior,1,99.68952178955078,1.0
interior,1,88.76936340332031,1.0
interior,1,54.34151077270508,1.0
interior,1,57.48912811279297,1.0
interior,0,7.280109882354736,1.0
interior,1,41.59326934814453,1.0
interior,0,4.0,0.9173553719008265
interior,0,8.9442720413208,1.0
interior,0,7.280109882354736,1.0
interior,0,6.0,1.0
interior,5,2.8284270763397217,0.8099173553719008
interior,5,6.4031243324279785,0.9917355371900827
interior,5,8.062257766723633,1.0
interior,5,4.0,0.9256198347107438
interior,5,4.0,0.9173553719008265
interior,5,3.0,0.8264462809917356
interior,1,17.262676239013672,1.0
interior,2,15.29705810546875,1.0
interior,2,35.735137939453125,1.0
interior,2,44.9110221862793,1.0
interior,2,41.62931823730469,1.0
interior,2,65.0,1.0
interior,2,59.90826416015625,1.0
interior,2,70.21395874023438,1.0
interior,2,56.04462432861328,1.0
interior,2,33.2866325378418,1.0
interior,2,41.231056213378906,1.0
interior,5,5.385164737701416,1.0
interior,5,5.0,0.9752066115702479
interior,5,5.099019527435303,0.9917355371900827
interior,5,1.0,0.628099173553719
interior,3,48.27007293701172,1.0
interior,0,4.0,0.9504132231404959
interior,3,42.19004440307617,1.0
interior,3,55.081756591796875,1.0
interior,0,12.041594505310059,1.0
interior,0,14.317821502685547,1.0
interior,0,15.81138801574707,1.0
interior,0,15.264337539672852,1.0
interior,3,66.94026947021484,1.0
interior,3,78.64476776123047,1.0
interior,3,47.51841735839844,1.0
interior,3,74.94664764404297,1.0
interior,3,74.24284362792969,1.0
interior,3,66.73080444335938,1.0
interior,3,18.357559204101562,1.0
uniform,1,68.4105224609375,1.0
uniform,1,44.384681701660156,1.0
uniform,1,27.658634185791016,1.0
uniform,1,69.12307739257812,1.0
uniform,1,71.80529022216797,1.0
uniform,1,21.587032318115234,1.0
uniform,0,6.0,1.0
uniform,1,21.587032318115234,1.0
uniform,0,9.848857879638672,1.0
uniform,0,2.0,0.7575757575757576
uniform,1,0.0,0.5371900826446281
uniform,0,4.4721360206604,0.9669421487603306
uniform,0,1.4142135381698608,0.6942148760330579
uniform,0,3.0,0.8264462809917356
uniform,0,7.0,1.0
uniform,5,0.0,0.45454545454545453
uniform,5,0.0,0.5371900826446281
uniform,2,14.560219764709473,1.0
uniform,5,2.0,0.7272727272727273
uniform,0,1.0,0.6446280991735537
uniform,5,2.2360680103302,0.628099173553719
uniform,1,17.464248657226562,1.0
uniform,5,3.605551242828369,0.9008264462809917
uniform,0,1.4142135381698608,0.5867768595041323
uniform,0,0.0,0.5289256198347108
uniform,2,50.695167541503906,1.0
uniform,2,22.56102752685547,1.0
uniform,2,38.327537536621094,1.0
uniform,2,21.3775577545166,1.0
uniform,2,61.84658432006836,1.0
uniform,2,8.062257766723633,1.0
uniform,2,24.041629791259766,1.0
uniform,2,19.235383987426758,1.0
uniform,2,14.142135620117188,1.0
uniform,3,10.049875259399414,1.0
uniform,5,3.0,0.8264462809917356
uniform,1,1.4142135381698608,0.9090909090909091
uniform,5,1.0,0.5950413223140496
uniform,5,1.0,0.6528925619834711
uniform,5,2.2360680103302,0.7768595041322314
uniform,3,21.840330123901367,1.0
uniform,3,31.827661514282227,1.0
uniform,3,55.54277801513672,1.0
uniform,3,27.20294189453125,1.0
uniform,3,41.48493576049805,1.0
uniform,3,64.53681182861328,1.0
uniform,5,2.2360680103302,0.7768595041322314
uniform,3,69.37578582763672,1.0
uniform,3,11.704699516296387,1.0
uniform,3,53.141319274902344,1.0
boundary,1,32.98484420776367,1.0
boundary,1,16.492422103881836,1.0
boundary,1,14.317821502685547,1.0
boundary,1,41.48493576049805,1.0
boundary,1,14.142135620117188,1.0
boundary,1,8.9442720413208,1.0
boundary,0,1.0,0.6033057851239669
boundary,1,39.293766021728516,1.0
boundary,0,3.0,0.8264462809917356
boundary,1,8.062257766723633,1.0
boundary,0,0.0,0.5371900826446281
boundary,5,2.0,0.768595041322314
boundary,2,7.0,1.0
boundary,0,2.0,0.7603305785123967
boundary,1,14.560219764709473,1.0
boundary,0,2.0,0.7355371900826446
boundary,1,26.248809814453125,1.0
boundary,0,1.4142135381698608,0.5537190082644629
boundary,5,2.2360680103302,0.628099173553719
boundary,5,0.0,0.5619834710743802
boundary,2,6.324555397033691,1.0
boundary,2,4.0,0.9173553719008265
boundary,2,53.851646423339844,1.0
boundary,2,15.033296585083008,1.0
boundary,2,29.4108829498291,1.0
boundary,2,21.0,1.0
boundary,3,5.099019527435303,1.0
boundary,3,10.440306663513184,1.0
boundary,5,3.0,0.8264462809917356
boundary,2,16.970561981201172,1.0
boundary,5,4.4721360206604,0.9669421487603306
boundary,2,10.630146026611328,1.0
boundary,3,8.602325439453125,1.0
boundary,5,0.0,0.7272727272727273
boundary,5,0.0,0.5702479338842975
boundary,5,0.0,0.512396694214876
boundary,3,0.0,0.5619834710743802
boundary,2,13.601470947265625,1.0
boundary,0,2.8284270763397217,0.8016528925619835
boundary,3,1.0,0.6694214876033058
boundary,0,6.0,1.0
boundary,3,22.803508758544922,1.0
boundary,0,0.0,0.5041322314049587
boundary,0,8.062257766723633,1.0
boundary,5,0.0,0.5619834710743802
boundary,3,13.601470947265625,1.0
boundary,5,0.0,0.4793388429752066
boundary,3,5.0,0.9752066115702479
boundary,3,3.0,0.8429752066115702
boundary,3,3.0,0.8787878787878788
interior,1,88.76936340332031,1.0
interior,1,102.1077880859375,1.0
interior,1,104.54663848876953,1.0
interior,1,74.95331573486328,1.0
interior,1,83.6779556274414,1.0
interior,1,80.80841827392578,1.0
interior,1,57.723480224609375,1.0
interior,1,69.37578582763672,1.0
interior,1,24.73863410949707,1.0
interior,0,9.05538558959961,1.0
interior,1,5.385164737701416,1.0
interior,0,9.0,1.0
interior,5,6.0,1.0
interior,5,5.0,0.9752066115702479
interior,5,3.0,0.8264462809917356
interior,5,4.4721360206604,0.9504132231404959
interior,0,0.0,0.2066115702479339
interior,2,16.278820037841797,1.0
interior,2,31.78049659729004,1.0
interior,2,59.43904495239258,1.0
interior,2,70.03570556640625,1.0
interior,2,58.46366500854492,1.0
interior,2,53.22593307495117,1.0
interior,2,35.35533905029297,1.0
interior,2,25.961509704589844,1.0
interior,5,5.0,0.9834710743801653
interior,5,5.0,0.98989898989899
interior,5,6.324555397033691,1.0
interior,3,29.614185333251953,1.0
interior,5,4.123105525970459,0.9586776859504132
interior,5,4.4721360206604,0.9421487603305785
interior,3,28.861740112304688,1.0
interior,2,2.2360680103302,0.8016528925619835
interior,2,16.76305389404297,1.0
interior,3,30.265491485595703,1.0
interior,3,38.60051727294922,1.0
interior,0,9.486832618713379,1.0
interior,5,4.4721360206604,0.9669421487603306
interior,0,12.0,1.0
interior,0,13.0,1.0
interior,0,14.142135620117188,1.0
interior,0,13.928388595581055,1.0
interior,0,15.0,1.0
interior,0,3.0,0.8181818181818182
interior,3,63.56099319458008,1.0
interior,3,76.40026092529297,1.0
interior,3,79.07591247558594,1.0
interior,3,80.52328491210938,1.0
interior,3,51.15662384033203,1.0
interior,3,86.34812927246094,1.0
uniform,1,117.15374755859375,1.0
uniform,1,66.70832061767578,1.0
uniform,1,71.0633544921875,1.0
uniform,1,46.57252502441406,1.0
uniform,1,93.62158203125,1.0
uniform,1,20.39607810974121,1.0
uniform,1,45.12205505371094,1.0
uniform,0,6.0,1.0
uniform,0,3.0,0.8512396694214877
uniform,1,9.219544410705566,1.0
uniform,0,4.123105525970459,0.9504132231404959
uniform,1,33.241539001464844,1.0
uniform,0,6.7082037925720215,1.0
uniform,0,5.099019527435303,0.9917355371900827
uniform,0,6.0,1.0
uniform,0,2.8284270763397217,0.8099173553719008
uniform,0,1.0,0.6033057851239669
uniform,5,2.0,0.743801652892562
uniform,5,4.123105525970459,0.9834710743801653
uniform,5,3.605551242828369,0.9008264462809917
uniform,5,2.8284270763397217,0.8099173553719008
uniform,5,0.0,0.5289256198347108
uniform,2,5.099019527435303,0.9917355371900827
uniform,2,5.830951690673828,1.0
uniform,1,16.124515533447266,1.0
uniform,2,26.925823211669922,1.0
uniform,2,53.851646423339844,1.0
uniform,2,24.73863410949707,1.0
uniform,2,52.39274597167969,1.0
uniform,2,65.4904556274414,1.0
uniform,2,28.319604873657227,1.0
uniform,2,43.416587829589844,1.0
uniform,2,35.1710090637207,1.0
uniform,5,3.0,0.8636363636363636
uniform,5,1.0,0.6446280991735537
uniform,3,30.5941162109375,1.0
uniform,3,22.360679626464844,1.0
uniform,5,2.2360680103302,0.7107438016528925
uniform,5,1.0,0.6033057851239669
uniform,3,20.615528106689453,1.0
uniform,3,25.553865432739258,1.0
uniform,3,12.369317054748535,1.0
uniform,3,0.0,0.5702479338842975
uniform,0,11.0,1.0
uniform,3,58.46366500854492,1.0
uniform,3,32.893768310546875,1.0
uniform,5,3.0,0.7768595041322314
uniform,0,1.0,0.6033057851239669
uniform,3,25.05992889404297,1.0
uniform,3,58.0,1.0
boundary,1,18.973665237426758,1.0
boundary,1,41.0,1.0
boundary,1,19.10497283935547,1.0
boundary,1,20.615528106689453,1.0
boundary,0,4.0,0.9173553719008265
boundary,0,0.0,0.5785123966942148
boundary,1,6.324555397033691,1.0
boundary,0,0.0,0.5371900826446281
boundary,0,1.4142135381698608,0.7024793388429752
boundary,0,6.0,1.0
boundary,1,6.7082037925720215,1.0
boundary,0,5.099019527435303,0.9917355371900827
boundary,0,3.0,0.8099173553719008
boundary,0,0.0,0.512396694214876
boundary,5,1.0,0.6776859504132231
boundary,0,0.0,0.5371900826446281
boundary,1,8.0,1.0
boundary,1,17.72004508972168,1.0
boundary,2,10.440306663513184,1.0
boundary,1,2.0,0.71900826446281
boundary,2,19.209373474121094,1.0
boundary,2,18.681541442871094,1.0
boundary,2,45.12205505371094,1.0
boundary,2,27.80287742614746,1.0
boundary,2,24.331050872802734,1.0
boundary,2,24.331050872802734,1.0
boundary,3,6.082762718200684,1.0
boundary,3,2.8284270763397217,0.7933884297520661
boundary,3,0.0,0.48760330578512395
boundary,5,0.0,0.71900826446281
boundary,3,26.925823211669922,1.0
boundary,5,1.4142135381698608,0.6776859504132231
boundary,5,0.0,0.512396694214876
boundary,5,1.0,0.6528925619834711
boundary,2,1.0,0.6611570247933884
boundary,3,17.464248657226562,1.0
boundary,3,46.840152740478516,1.0
boundary,1,0.0,0.5206611570247934
boundary,2,1.0,0.6694214876033058
boundary,3,1.0,0.5950413223140496
boundary,3,28.160255432128906,1.0
boundary,3,8.9442720413208,1.0
boundary,5,2.0,0.743801652892562
boundary,2,11.704699516296387,1.0
boundary,5,1.0,0.71900826446281
boundary,5,0.0,0.5537190082644629
boundary,5,1.0,0.5371900826446281
boundary,5,0.0,0.3884297520661157
boundary,0,0.0,0.5702479338842975
boundary,3,6.0,1.0
interior,1,112.7918472290039,1.0
interior,1,108.66921997070312,1.0
interior,1,102.35721588134766,1.0
interior,1,99.45853424072266,1.0
interior,1,106.48004150390625,1.0
interior,1,93.14505004882812,1.0
interior,1,100.42410278320312,1.0
interior,1,95.07891082763672,1.0
interior,1,56.04462432861328,1.0
interior,1,11.704699516296387,1.0
interior,0,2.2360680103302,0.7851239669421488
interior,0,4.4721360206604,0.9669421487603306
interior,5,1.0,0.6033057851239669
interior,5,4.0,0.9173553719008265
interior,5,8.062257766723633,1.0
interior,5,5.0,1.0
interior,5,3.605551242828369,0.8925619834710744
interior,5,7.0,1.0
interior,2,31.048349380493164,1.0
interior,2,32.98484420776367,1.0
interior,2,36.13862228393555,1.0
interior,2,69.85699462890625,1.0
interior,2,30.149627685546875,1.0
interior,2,63.52952194213867,1.0
interior,2,59.03388977050781,1.0
interior,2,41.146080017089844,1.0
interior,2,30.08321762084961,1.0
interior,2,31.064449310302734,1.0
interior,3,8.062257766723633,1.0
interior,5,6.0,1.0
interior,5,2.2360680103302,0.7851239669421488
interior,5,3.0,0.7520661157024794
interior,3,51.195701599121094,1.0
interior,5,2.8284270763397217,0.7933884297520661
interior,0,12.0,1.0
interior,0,13.34166431427002,1.0
interior,0,12.369317054748535,1.0
interior,0,13.892443656921387,1.0
interior,0,12.041594505310059,1.0
interior,3,8.062257766723633,1.0
interior,0,16.278820037841797,1.0
interior,0,13.601470947265625,1.0
interior,3,67.18630981445312,1.0
interior,3,34.20526123046875,1.0
interior,0,11.401754379272461,1.0
interior,3,55.36244201660156,1.0
interior,3,43.680660247802734,1.0
interior,3,63.90618133544922,1.0
interior,3,65.39112854003906,1.0
interior,3,32.015621185302734,1.0
uniform,1,50.0,1.0
uniform,1,50.0,1.0
uniform,1,14.317821502685547,1.0
uniform,1,41.231056213378906,1.0
uniform,1,56.29387283325195,1.0
uniform,1,45.607017517089844,1.0
uniform,1,11.180339813232422,1.0
uniform,1,35.902645111083984,1.0
uniform,0,5.830951690673828,1.0
uniform,1,20.880613327026367,1.0
uniform,0,8.062257766723633,1.0
uniform,1,24.041629791259766,1.0
uniform,0,7.0,1.0
uniform,0,9.848857879638672,1.0
uniform,0,4.123105525970459,0.9504132231404959
uniform,0,3.605551242828369,0.9008264462809917
uniform,0,8.0,1.0
uniform,5,5.0,0.9586776859504132
uniform,5,2.8284270763397217,0.8099173553719008
uniform,0,3.605551242828369,0.8181818181818182
uniform,2,2.0,0.71900826446281
uniform,2,21.840330123901367,1.0
uniform,2,14.142135620117188,1.0
uniform,2,9.486832618713379,1.0
uniform,2,40.79215621948242,1.0
uniform,2,17.804492950439453,1.0
uniform,3,6.0,1.0
uniform,2,1.4142135381698608,0.6776859504132231
uniform,5,4.123105525970459,0.9504132231404959
uniform,3,11.401754379272461,1.0
uniform,3,4.4721360206604,0.9421487603305785
uniform,5,1.0,0.6033057851239669
uniform,5,1.0,0.6363636363636364
uniform,3,12.206555366516113,1.0
uniform,5,3.0,0.9173553719008265
uniform,0,4.0,0.8939393939393939
uniform,0,10.770329475402832,1.0
uniform,3,4.4721360206604,0.9586776859504132
uniform,2,3.1622776985168457,0.8760330578512396
uniform,3,7.071067810058594,1.0
uniform,5,1.0,0.6942148760330579
uniform,3,58.24087905883789,1.0
uniform,5,3.605551242828369,0.8925619834710744
uniform,5,0.0,0.4049586776859504
uniform,5,4.0,0.8429752066115702
uniform,2,1.0,0.6446280991735537
uniform,2,8.062257766723633,1.0
uniform,3,6.4031243324279785,1.0
uniform,3,4.123105525970459,0.9586776859504132
uniform,3,45.0444221496582,1.0
boundary,1,26.925823211669922,1.0
boundary,1,31.048349380493164,1.0
boundary,1,7.0,1.0
boundary,1,16.278820037841797,1.0
boundary,1,35.693138122558594,1.0
boundary,0,1.0,0.6033057851239669
boundary,1,12.369317054748535,1.0
boundary,0,4.0,0.9173553719008265
boundary,1,26.925823211669922,1.0
boundary,0,4.0,0.9173553719008265
boundary,0,3.1622776985168457,0.8677685950413223
boundary,5,0.0,0.49586776859504134
boundary,0,1.0,0.6446280991735537
boundary,5,0.0,0.5785123966942148
boundary,2,6.082762718200684,1.0
boundary,1,5.830951690673828,1.0
boundary,1,9.219544410705566,1.0
boundary,0,1.0,0.6694214876033058
boundary,5,2.0,0.7603305785123967
boundary,5,0.0,0.5702479338842975
boundary,0,0.0,0.512396694214876
boundary,5,0.0,0.3884297520661157
boundary,0,2.2360680103302,0.6859504132231405
boundary,1,4.0,0.9338842975206612
boundary,2,1.0,0.6776859504132231
boundary,2,21.189620971679688,1.0
boundary,2,42.20189666748047,1.0
boundary,2,25.70992088317871,1.0
boundary,2,22.56102752685547,1.0
boundary,2,3.1622776985168457,0.8677685950413223
boundary,3,2.0,0.7520661157024794
boundary,2,12.529964447021484,1.0
boundary,3,2.8284270763397217,0.8264462809917356
boundary,5,1.0,0.6233766233766234
boundary,3,1.0,0.6363636363636364
boundary,3,25.961509704589844,1.0
boundary,5,0.0,0.6363636363636364
boundary,2,4.0,0.9338842975206612
boundary,5,1.4142135381698608,0.6942148760330579
boundary,3,29.120439529418945,1.0
boundary,3,19.72308349609375,1.0
boundary,3,7.0,1.0
boundary,5,1.4142135381698608,0.6859504132231405
boundary,0,3.1622776985168457,0.8760330578512396
boundary,3,7.211102485656738,1.0
boundary,0,3.605551242828369,0.9338842975206612
boundary,2,13.601470947265625,1.0
boundary,5,1.0,0.48760330578512395
boundary,3,34.1760139465332,1.0
boundary,3,0.0,0.5041322314049587
interior,1,98.06120300292969,1.0
interior,1,92.89241027832031,1.0
interior,1,99.20181274414062,1.0
interior,1,90.8019790649414,1.0
interior,1,90.24411010742188,1.0
interior,1,64.53681182861328,1.0
interior,1,23.0867919921875,1.0
interior,0,8.5440034866333,1.0
interior,0,9.0,1.0
interior,1,17.262676239013672,1.0
interior,0,9.05538558959961,1.0
interior,0,6.0,1.0
interior,0,5.385164737701416,1.0
interior,1,27.20294189453125,1.0
interior,5,1.0,0.4214876033057851
interior,0,5.385164737701416,1.0
interior,5,3.0,0.8512396694214877
interior,1,24.331050872802734,1.0
interior,5,4.0,0.9338842975206612
interior,5,1.4142135381698608,0.6942148760330579
interior,5,6.0,1.0
interior,5,4.4721360206604,0.9504132231404959
interior,2,5.0,0.9752066115702479
interior,2,70.34912872314453,1.0
interior,2,66.73080444335938,1.0
interior,2,67.26811981201172,1.0
interior,2,22.56102752685547,1.0
interior,2,50.537113189697266,1.0
interior,2,59.90826416015625,1.0
interior,2,59.203041076660156,1.0
interior,2,20.2237491607666,1.0
interior,2,27.892650604248047,1.0
interior,5,1.0,0.628099173553719
interior,5,6.324555397033691,1.0
interior,3,25.63201141357422,1.0
interior,3,26.925823211669922,1.0
interior,3,36.878177642822266,1.0
interior,5,2.0,0.7355371900826446
interior,0,9.848857879638672,1.0
interior,0,13.34166431427002,1.0
interior,3,52.69725036621094,1.0
interior,5,4.0,0.9173553719008265
interior,3,44.92215347290039,1.0
interior,0,16.278820037841797,1.0
interior,0,15.81138801574707,1.0
interior,3,70.8307876586914,1.0
interior,3,18.027755737304688,1.0
interior,3,77.36924743652344,1.0
interior,3,65.4904556274414,1.0
interior,3,56.22277069091797,1.0
uniform,0,33.12099075317383,1.0
uniform,0,39.051246643066406,1.0
uniform,4,5.385164737701416,1.0
uniform,4,8.9442720413208,1.0
uniform,4,10.049875259399414,1.0
uniform,4,2.8284270763397217,0.8016528925619835
uniform,4,13.601470947265625,1.0
uniform,0,1.0,0.5950413223140496
uniform,4,1.0,0.6363636363636364
uniform,4,1.0,0.49586776859504134
uniform,4,8.0,1.0
uniform,0,29.068883895874023,1.0
uniform,4,3.0,0.8347107438016529
uniform,4,11.0,1.0
uniform,0,24.515300750732422,1.0
uniform,0,4.0,0.9338842975206612
uniform,0,29.068883895874023,1.0
uniform,0,12.165525436401367,1.0
uniform,1,1.0,0.6033057851239669
uniform,1,7.6157732009887695,1.0
uniform,1,23.021728515625,1.0
uniform,1,36.49657440185547,1.0
uniform,3,7.071067810058594,1.0
uniform,1,45.7055778503418,1.0
uniform,0,1.0,0.6528925619834711
uniform,3,4.242640495300293,0.9338842975206612
uniform,0,13.45362377166748,1.0
uniform,1,39.11521530151367,1.0
uniform,3,18.027755737304688,1.0
uniform,3,17.029386520385742,1.0
uniform,1,38.832977294921875,1.0
uniform,3,4.0,0.9173553719008265
uniform,3,25.495098114013672,1.0
uniform,3,6.4031243324279785,0.9917355371900827
uniform,3,10.198039054870605,1.0
uniform,3,7.6157732009887695,1.0
uniform,1,137.05838012695312,1.0
uniform,1,147.23110961914062,1.0
uniform,1,152.0,1.0
uniform,3,2.2360680103302,0.7454545454545455
boundary,0,7.0,1.0
boundary,4,2.0,0.768595041322314
boundary,4,6.7082037925720215,1.0
boundary,4,9.05538558959961,1.0
boundary,4,0.0,0.5289256198347108
boundary,4,2.0,0.7355371900826446
boundary,4,4.4721360206604,0.9586776859504132
boundary,4,5.0,0.9752066115702479
boundary,4,1.0,0.5950413223140496
boundary,4,3.605551242828369,0.8925619834710744
boundary,0,8.485280990600586,1.0
boundary,4,0.0,0.5206611570247934
boundary,0,6.0,1.0
boundary,0,15.524174690246582,1.0
boundary,0,21.21320343017578,1.0
boundary,0,6.0,1.0
boundary,0,17.464248657226562,1.0
boundary,1,5.099019527435303,1.0
boundary,0,23.194826126098633,1.0
boundary,1,12.041594505310059,1.0
boundary,1,5.099019527435303,1.0
boundary,1,17.0,1.0
boundary,1,20.880613327026367,1.0
boundary,3,2.0,0.7355371900826446
boundary,1,42.95346450805664,1.0
boundary,3,2.2360680103302,0.7520661157024794
boundary,1,29.42787742614746,1.0
boundary,3,3.605551242828369,0.8677685950413223
boundary,3,1.0,0.6033057851239669
boundary,3,10.630146026611328,1.0
boundary,3,7.071067810058594,1.0
boundary,1,47.67599105834961,1.0
boundary,3,1.0,0.6611570247933884
boundary,1,13.34166431427002,1.0
boundary,3,1.4142135381698608,0.6859504132231405
boundary,0,6.4031243324279785,1.0
boundary,1,6.0,1.0
boundary,3,3.1622776985168457,0.8842975206611571
boundary,0,8.9442720413208,1.0
boundary,3,1.0,0.5041322314049587
interior,0,52.801513671875,1.0
interior,0,50.21951675415039,1.0
interior,0,49.658836364746094,1.0
interior,0,28.160255432128906,1.0
interior,0,32.75667953491211,1.0
interior,0,47.67599105834961,1.0
interior,4,7.0,1.0
interior,4,6.0,1.0
interior,4,8.0,1.0
interior,4,12.649110794067383,1.0
interior,0,34.01470184326172,1.0
interior,4,11.401754379272461,1.0
interior,4,14.317821502685547,1.0
interior,4,14.142135620117188,1.0
interior,4,12.649110794067383,1.0
interior,0,22.203603744506836,1.0
interior,4,5.830951690673828,1.0
interior,0,49.648765563964844,1.0
interior,4,12.165525436401367,1.0
interior,0,57.45433044433594,1.0
interior,3,14.142135620117188,1.0
interior,1,63.95310592651367,1.0
interior,3,24.75883674621582,1.0
interior,3,15.264337539672852,1.0
interior,3,30.0,1.0
interior,1,71.84706115722656,1.0
interior,3,30.265491485595703,1.0
interior,3,23.0,1.0
interior,3,27.0,1.0
interior,3,27.073972702026367,1.0
interior,3,26.870058059692383,1.0
interior,3,22.472204208374023,1.0
interior,1,96.33794403076172,1.0
interior,1,107.51744079589844,1.0
interior,1,105.68348693847656,1.0
interior,1,118.51160430908203,1.0
interior,1,127.42448425292969,1.0
interior,1,124.00403594970703,1.0
interior,1,82.2982406616211,1.0
interior,1,147.76332092285156,1.0
uniform,0,28.017850875854492,1.0
uniform,4,3.0,0.8264462809917356
uniform,0,27.459060668945312,1.0
uniform,0,30.08321762084961,1.0
uniform,4,8.0,1.0
uniform,4,10.198039054870605,1.0
uniform,0,20.59126091003418,1.0
uniform,4,3.0,0.8099173553719008
uniform,4,3.605551242828369,0.8925619834710744
uniform,4,10.049875259399414,1.0
uniform,4,2.2360680103302,0.7851239669421488
uniform,4,5.0,1.0
uniform,4,9.05538558959961,1.0
uniform,4,12.165525436401367,1.0
uniform,0,13.0,1.0
uniform,0,23.34523582458496,1.0
uniform,1,1.0,0.6198347107438017
uniform,1,0.0,0.5454545454545454
uniform,1,21.21320343017578,1.0
uniform,1,5.0,1.0
uniform,3,1.0,0.6033057851239669
uniform,3,17.69180679321289,1.0
uniform,1,65.11528015136719,1.0
uniform,3,28.284271240234375,1.0
uniform,3,27.018512725830078,1.0
uniform,3,1.0,0.5950413223140496
uniform,3,17.262676239013672,1.0
uniform,0,5.0,1.0
uniform,1,3.605551242828369,0.8925619834710744
uniform,3,18.439088821411133,1.0
uniform,0,15.524174690246582,1.0
uniform,1,91.7823486328125,1.0
uniform,3,7.071067810058594,1.0
uniform,3,1.4142135381698608,0.6528925619834711
uniform,0,23.323806762695312,1.0
uniform,1,118.94956970214844,1.0
uniform,0,17.0880069732666,1.0
uniform,1,41.19466018676758,1.0
uniform,3,0.0,0.5289256198347108
uniform,1,145.22052001953125,1.0
boundary,0,3.605551242828369,0.9008264462809917
boundary,4,0.0,0.5702479338842975
boundary,4,2.8284270763397217,0.8099173553719008
boundary,4,1.4142135381698608,0.6859504132231405
boundary,4,6.0,1.0
boundary,0,5.0,0.9834710743801653
boundary,0,9.05538558959961,1.0
boundary,4,0.0,0.5371900826446281
boundary,4,2.0,0.768595041322314
boundary,0,6.0,1.0
boundary,4,0.0,0.5041322314049587
boundary,4,0.0,0.5537190082644629
boundary,4,1.0,0.5950413223140496
boundary,4,1.0,0.6776859504132231
boundary,0,20.02498435974121,1.0
boundary,0,19.235383987426758,1.0
boundary,1,5.0,0.9917355371900827
boundary,1,21.095022201538086,1.0
boundary,0,2.2360680103302,0.7768595041322314
boundary,1,5.385164737701416,1.0
boundary,1,27.166154861450195,1.0
boundary,1,20.02498435974121,1.0
boundary,1,25.01999282836914,1.0
boundary,1,40.79215621948242,1.0
boundary,3,1.4142135381698608,0.7355371900826446
boundary,3,9.899495124816895,1.0
boundary,0,1.0,0.6694214876033058
boundary,1,5.099019527435303,1.0
boundary,3,4.0,0.9008264462809917
boundary,1,9.0,1.0
boundary,3,0.0,0.48760330578512395
boundary,3,2.0,0.71900826446281
boundary,1,46.87216567993164,1.0
boundary,0,9.05538558959961,1.0
boundary,0,24.083189010620117,1.0
boundary,3,2.8284270763397217,0.7545454545454545
boundary,3,0.0,0.5050505050505051
boundary,3,2.0,0.6493506493506493
boundary,3,3.0,0.6666666666666666
boundary,3,4.4721360206604,0.9333333333333333
interior,0,55.31726837158203,1.0
interior,0,43.680660247802734,1.0
interior,0,58.18075180053711,1.0
interior,0,57.706153869628906,1.0
interior,0,46.0,1.0
interior,0,25.0,1.0
interior,4,13.03840446472168,1.0
interior,4,12.369317054748535,1.0
interior,4,11.045360565185547,1.0
interior,4,11.704699516296387,1.0
interior,4,9.0,1.0
interior,4,13.03840446472168,1.0
interior,4,8.246211051940918,1.0
interior,4,14.0,1.0
interior,4,14.0,1.0
interior,4,5.0,0.9917355371900827
interior,0,19.313207626342773,1.0
interior,0,29.154760360717773,1.0
interior,1,33.734256744384766,1.0
interior,1,26.07680892944336,1.0
interior,3,3.605551242828369,0.8925619834710744
interior,3,4.242640495300293,0.9173553719008265
interior,1,54.230987548828125,1.0
interior,3,25.0,1.0
interior,3,28.284271240234375,1.0
interior,1,67.89698028564453,1.0
interior,3,7.0,1.0
interior,3,30.01666259765625,1.0
interior,0,14.0,1.0
interior,3,23.194826126098633,1.0
interior,3,6.0,1.0
interior,1,52.39274597167969,1.0
interior,3,24.083189010620117,1.0
interior,3,21.587032318115234,1.0
interior,1,111.01801300048828,1.0
interior,0,13.45362377166748,1.0
interior,1,111.40017700195312,1.0
interior,1,111.00450134277344,1.0
interior,1,67.08203887939453,1.0
interior,1,122.3315200805664,1.0
uniform,0,45.7055778503418,1.0
uniform,0,25.0,1.0
uniform,4,5.830951690673828,1.0
uniform,4,12.041594505310059,1.0
uniform,4,14.142135620117188,1.0
uniform,0,10.0,1.0
uniform,4,1.0,0.6611570247933884
uniform,4,0.0,0.5206611570247934
uniform,0,1.0,0.6033057851239669
uniform,4,1.0,0.6883116883116883
uniform,4,2.0,0.7024793388429752
uniform,0,24.041629791259766,1.0
uniform,0,12.369317054748535,1.0
uniform,4,10.770329475402832,1.0
uniform,4,9.0,1.0
uniform,4,3.0,0.6942148760330579
uniform,0,5.0,1.0
uniform,0,5.0,1.0
uniform,1,21.21320343017578,1.0
uniform,3,0.0,0.5454545454545454
uniform,3,2.8284270763397217,0.8429752066115702
uniform,1,43.17406463623047,1.0
uniform,0,5.830951690673828,1.0
uniform,3,8.062257766723633,1.0
uniform,1,52.95280838012695,1.0
uniform,3,4.242640495300293,0.9173553719008265
uniform,1,5.0,0.9834710743801653
uniform,3,10.0,1.0
uniform,3,27.459060668945312,1.0
uniform,3,10.816654205322266,1.0
uniform,1,96.50906372070312,1.0
uniform,1,95.18928527832031,1.0
uniform,3,8.5440034866333,1.0
uniform,3,1.4142135381698608,0.6694214876033058
uniform,1,117.9576187133789,1.0
uniform,1,119.05040740966797,1.0
uniform,0,26.172504425048828,1.0
uniform,1,18.11077117919922,1.0
uniform,1,130.0,1.0
uniform,3,2.2360680103302,0.8055555555555556
boundary,0,10.440306663513184,1.0
boundary,4,0.0,0.512396694214876
boundary,4,1.0,0.6115702479338843
boundary,0,4.0,0.9421487603305785
boundary,4,2.2360680103302,0.7851239669421488
boundary,4,1.0,0.6528925619834711
boundary,4,1.0,0.5206611570247934
boundary,0,9.05538558959961,1.0
boundary,4,2.0,0.71900826446281
boundary,4,5.0,0.9917355371900827
boundary,4,2.0,0.768595041322314
boundary,4,3.0,0.8347107438016529
boundary,0,10.198039054870605,1.0
boundary,4,3.605551242828369,0.8925619834710744
boundary,0,1.4142135381698608,0.6859504132231405
boundary,0,19.84943389892578,1.0
boundary,0,21.63330841064453,1.0
boundary,0,6.0,1.0
boundary,1,5.099019527435303,1.0
boundary,1,13.601470947265625,1.0
boundary,1,1.4142135381698608,0.6942148760330579
boundary,1,24.0,1.0
boundary,3,1.0,0.48484848484848486
boundary,1,18.681541442871094,1.0
boundary,1,31.256999969482422,1.0
boundary,3,3.605551242828369,0.8842975206611571
boundary,3,4.242640495300293,0.9173553719008265
boundary,1,26.68332862854004,1.0
boundary,1,16.278820037841797,1.0
boundary,3,1.4142135381698608,0.6859504132231405
boundary,1,15.132745742797852,1.0
boundary,3,7.0,1.0
boundary,3,9.486832618713379,1.0
boundary,3,3.0,0.7727272727272727
boundary,0,6.0,1.0
boundary,0,21.540658950805664,1.0
boundary,1,59.03388977050781,1.0
boundary,3,1.0,0.6090909090909091
boundary,3,1.0,0.5681818181818182
boundary,3,1.4142135381698608,0.75
interior,0,52.39274597167969,1.0
interior,0,64.32728576660156,1.0
interior,0,34.01470184326172,1.0
interior,0,52.95280838012695,1.0
interior,0,22.090721130371094,1.0
interior,0,16.124515533447266,1.0
interior,0,24.1867733001709,1.0
interior,4,1.0,0.6115702479338843
interior,4,12.165525436401367,1.0
interior,4,14.560219764709473,1.0
interior,0,50.80354309082031,1.0
interior,4,13.0,1.0
interior,4,15.132745742797852,1.0
interior,4,14.560219764709473,1.0
interior,4,7.071067810058594,1.0
interior,4,9.486832618713379,1.0
interior,4,14.0,1.0
interior,4,11.0,1.0
interior,0,30.5941162109375,1.0
interior,1,20.02498435974121,1.0
interior,0,16.031219482421875,1.0
interior,3,19.10497283935547,1.0
interior,3,16.0,1.0
interior,3,27.80287742614746,1.0
interior,3,30.149627685546875,1.0
interior,3,27.658634185791016,1.0
interior,3,17.029386520385742,1.0
interior,3,32.526912689208984,1.0
interior,3,28.42534065246582,1.0
interior,3,14.764822959899902,1.0
interior,3,1.4142135381698608,0.7355371900826446
interior,1,88.0227279663086,1.0
interior,1,108.18965148925781,1.0
interior,1,124.03628540039062,1.0
interior,1,134.80726623535156,1.0
interior,1,108.46197509765625,1.0
interior,1,138.917236328125,1.0
interior,1,34.928497314453125,1.0
interior,1,141.90489196777344,1.0
interior,1,97.0,1.0
uniform,0,25.942243576049805,1.0
uniform,0,49.72926712036133,1.0
uniform,0,25.70992088317871,1.0
uniform,4,1.0,0.4793388429752066
uniform,4,1.0,0.6363636363636364
uniform,0,13.601470947265625,1.0
uniform,4,0.0,0.5371900826446281
uniform,4,3.1622776985168457,0.8842975206611571
uniform,4,13.34166431427002,1.0
uniform,4,0.0,0.5537190082644629
uniform,4,7.6157732009887695,1.0
uniform,4,8.0,1.0
uniform,4,7.0,1.0
uniform,0,5.099019527435303,1.0
uniform,0,17.262676239013672,1.0
uniform,4,2.8284270763397217,0.8181818181818182
uniform,0,10.198039054870605,1.0
uniform,0,4.4721360206604,0.9669421487603306
uniform,0,24.1867733001709,1.0
uniform,0,22.090721130371094,1.0
uniform,1,8.0,1.0
uniform,1,45.54119110107422,1.0
uniform,3,12.041594505310059,1.0
uniform,3,4.4721360206604,0.9586776859504132
uniform,1,42.95346450805664,1.0
uniform,1,75.53807067871094,1.0
uniform,1,26.172504425048828,1.0
uniform,3,30.0,1.0
uniform,1,68.44705963134766,1.0
uniform,3,27.073972702026367,1.0
uniform,3,16.76305389404297,1.0
uniform,1,77.5241928100586,1.0
uniform,3,3.605551242828369,0.8842975206611571
uniform,3,21.840330123901367,1.0
uniform,1,83.48652648925781,1.0
uniform,3,12.806248664855957,1.0
uniform,3,0.0,0.5454545454545454
uniform,1,58.85575485229492,1.0
uniform,1,112.53887939453125,1.0
uniform,3,4.123105525970459,0.8863636363636364
boundary,0,24.73863410949707,1.0
boundary,4,0.0,0.5702479338842975
boundary,0,11.401754379272461,1.0
boundary,0,2.2360680103302,0.7768595041322314
boundary,4,0.0,0.5206611570247934
boundary,4,7.280109882354736,1.0
boundary,4,6.0,1.0
boundary,0,14.764822959899902,1.0
boundary,4,1.0,0.6198347107438017
boundary,4,1.0,0.6776859504132231
boundary,0,8.5440034866333,1.0
boundary,0,4.0,0.9173553719008265
boundary,4,3.605551242828369,0.8842975206611571
boundary,4,1.0,0.6363636363636364
boundary,4,1.0,0.6115702479338843
boundary,4,7.280109882354736,1.0
boundary,0,20.880613327026367,1.0
boundary,0,0.0,0.5619834710743802
boundary,1,1.0,0.5950413223140496
boundary,1,22.360679626464844,1.0
boundary,1,15.033296585083008,1.0
boundary,1,18.027755737304688,1.0
boundary,1,21.21320343017578,1.0
boundary,3,1.4142135381698608,0.6022727272727273
boundary,3,1.0,0.6363636363636364
boundary,1,43.73785400390625,1.0
boundary,3,9.848857879638672,1.0
boundary,3,12.806248664855957,1.0
boundary,1,42.57933807373047,1.0
boundary,3,5.0,0.9586776859504132
boundary,1,1.0,0.6198347107438017
boundary,3,3.0,0.8099173553719008
boundary,1,57.55866622924805,1.0
boundary,3,4.0,0.9421487603305785
boundary,1,5.0,0.9834710743801653
boundary,3,6.4031243324279785,0.9917355371900827
boundary,3,7.8102498054504395,1.0
boundary,0,22.803508758544922,1.0
boundary,0,1.0,0.6033057851239669
boundary,3,1.0,0.5950413223140496
interior,0,66.75328063964844,1.0
interior,0,61.392181396484375,1.0
interior,4,3.605551242828369,0.8347107438016529
interior,0,51.6623649597168,1.0
interior,4,13.928388595581055,1.0
interior,4,13.0,1.0
interior,4,14.0,1.0
interior,4,10.440306663513184,1.0
interior,4,10.440306663513184,1.0
interior,4,12.041594505310059,1.0
interior,0,43.416587829589844,1.0
interior,0,34.65544509887695,1.0
interior,4,7.071067810058594,1.0
interior,4,12.165525436401367,1.0
interior,4,14.03566837310791,1.0
interior,0,25.495098114013672,1.0
interior,0,22.803508758544922,1.0
interior,0,48.83646011352539,1.0
interior,0,20.880613327026367,1.0
interior,0,49.648765563964844,1.0
interior,1,16.0,1.0
interior,1,45.39823913574219,1.0
interior,3,10.816654205322266,1.0
interior,3,14.142135620117188,1.0
interior,3,18.601076126098633,1.0
interior,3,19.0,1.0
interior,3,26.019224166870117,1.0
interior,3,27.294687271118164,1.0
interior,3,27.658634185791016,1.0
interior,3,28.160255432128906,1.0
interior,3,23.853721618652344,1.0
interior,3,13.45362377166748,1.0
interior,1,89.26925659179688,1.0
interior,1,99.04039764404297,1.0
interior,1,127.098388671875,1.0
interior,1,123.1787338256836,1.0
interior,1,140.356689453125,1.0
interior,1,143.54441833496094,1.0
interior,1,141.5097198486328,1.0
interior,1,150.0,1.0
uniform,4,0.0,0.5702479338842975
uniform,0,30.149627685546875,1.0
uniform,4,7.6157732009887695,1.0
uniform,4,6.324555397033691,1.0
uniform,0,18.788293838500977,1.0
uniform,4,13.601470947265625,1.0
uniform,4,2.8284270763397217,0.8016528925619835
uniform,0,42.19004440307617,1.0
uniform,4,11.704699516296387,1.0
uniform,4,2.0,0.512396694214876
uniform,4,3.0,0.8512396694214877
uniform,4,1.0,0.6198347107438017
uniform,4,2.0,0.7520661157024794
uniform,0,10.770329475402832,1.0
uniform,0,4.0,0.8925619834710744
uniform,0,21.21320343017578,1.0
uniform,0,16.0,1.0
uniform,1,20.39607810974121,1.0
uniform,0,6.0,1.0
uniform,3,15.81138801574707,1.0
uniform,1,56.88584899902344,1.0
uniform,3,17.0,1.0
uniform,3,8.9442720413208,1.0
uniform,3,3.0,0.8429752066115702
uniform,3,32.06243896484375,1.0
uniform,3,10.440306663513184,1.0
uniform,3,28.284271240234375,1.0
uniform,1,77.64663696289062,1.0
uniform,0,0.0,0.5619834710743802
uniform,1,86.14522552490234,1.0
uniform,1,84.48076629638672,1.0
uniform,3,11.401754379272461,1.0
uniform,3,5.830951690673828,1.0
uniform,1,24.041629791259766,1.0
uniform,1,79.24645233154297,1.0
uniform,1,53.75872039794922,1.0
uniform,1,84.92938232421875,1.0
uniform,1,59.41380310058594,1.0
uniform,0,11.704699516296387,1.0
uniform,3,5.385164737701416,0.9848484848484849
boundary,0,22.022714614868164,1.0
boundary,0,13.0,1.0
boundary,4,7.0,1.0
boundary,4,12.041594505310059,1.0
boundary,4,5.0,0.9752066115702479
boundary,4,4.0,0.9173553719008265
boundary,0,1.0,0.6446280991735537
boundary,4,0.0,0.5702479338842975
boundary,4,3.0,0.8181818181818182
boundary,4,1.0,0.6776859504132231
boundary,0,0.0,0.5702479338842975
boundary,4,8.0,1.0
boundary,4,1.4142135381698608,0.6859504132231405
boundary,4,1.0,0.6115702479338843
boundary,0,23.76972770690918,1.0
boundary,0,8.602325439453125,1.0
boundary,0,1.4142135381698608,0.8760330578512396
boundary,1,5.0,0.9834710743801653
boundary,0,5.0,1.0
boundary,1,0.0,0.5785123966942148
boundary,1,16.76305389404297,1.0
boundary,0,5.0,0.9917355371900827
boundary,3,1.0,0.5757575757575758
boundary,3,2.2360680103302,0.7520661157024794
boundary,3,2.8284270763397217,0.8181818181818182
boundary,3,8.9442720413208,1.0
boundary,1,43.416587829589844,1.0
boundary,3,1.0,0.6198347107438017
boundary,1,66.27216339111328,1.0
boundary,3,10.049875259399414,1.0
boundary,1,57.87054443359375,1.0
boundary,1,18.439088821411133,1.0
boundary,1,66.0,1.0
boundary,3,6.0,1.0
boundary,1,34.36568069458008,1.0
boundary,3,5.0,0.9834710743801653
boundary,0,0.0,0.5454545454545454
boundary,1,48.66210174560547,1.0
boundary,3,1.4142135381698608,0.5950413223140496
boundary,3,1.4142135381698608,0.7283950617283951
interior,0,38.63935852050781,1.0
interior,0,57.0,1.0
interior,0,45.607017517089844,1.0
interior,0,55.54277801513672,1.0
interior,0,29.27456283569336,1.0
interior,0,13.03840446472168,1.0
interior,4,7.0,1.0
interior,4,10.440306663513184,1.0
interior,4,11.401754379272461,1.0
interior,4,12.165525436401367,1.0
interior,4,12.0,1.0
interior,4,11.704699516296387,1.0
interior,4,14.142135620117188,1.0
interior,4,13.928388595581055,1.0
interior,4,11.180339813232422,1.0
interior,4,12.0,1.0
interior,0,19.416488647460938,1.0
interior,0,21.0,1.0
interior,0,40.0,1.0
interior,0,1.0,0.5950413223140496
interior,3,10.0,1.0
interior,3,18.027755737304688,1.0
interior,3,9.899495124816895,1.0
interior,3,15.264337539672852,1.0
interior,1,60.8276252746582,1.0
interior,1,55.73149871826172,1.0
interior,3,22.56102752685547,1.0
interior,3,0.0,0.5702479338842975
interior,3,18.0,1.0
interior,3,29.614185333251953,1.0
interior,3,29.0,1.0
interior,3,16.970561981201172,1.0
interior,1,79.5110092163086,1.0
interior,1,89.44271850585938,1.0
interior,1,41.231056213378906,1.0
interior,1,117.83463287353516,1.0
interior,1,117.0,1.0
interior,1,117.068359375,1.0
interior,1,140.0,1.0
interior,1,144.0,1.0
uniform,2,44.72135925292969,1.0
uniform,2,14.0,1.0
uniform,2,18.439088821411133,1.0
uniform,2,7.071067810058594,1.0
uniform,1,25.495098114013672,1.0
uniform,0,2.0,0.6942148760330579
uniform,2,25.179357528686523,1.0
uniform,2,11.0,1.0
uniform,1,26.925823211669922,1.0
uniform,1,61.29437255859375,1.0
uniform,1,25.179357528686523,1.0
uniform,1,82.29216003417969,1.0
uniform,0,2.2360680103302,0.7933884297520661
uniform,1,55.90169906616211,1.0
uniform,5,2.0,0.5950413223140496
uniform,2,8.062257766723633,1.0
uniform,3,0.0,0.512396694214876
uniform,3,1.4142135381698608,0.6942148760330579
uniform,0,2.0,0.6859504132231405
uniform,5,0.0,0.4462809917355372
uniform,5,1.4142135381698608,0.6859504132231405
uniform,5,0.0,0.2975206611570248
uniform,5,1.0,0.5371900826446281
uniform,3,3.605551242828369,0.9008264462809917
uniform,0,3.0,0.8347107438016529
uniform,3,2.0,0.71900826446281
uniform,5,1.0,0.6115702479338843
uniform,0,20.880613327026367,1.0
uniform,3,0.0,0.5619834710743802
uniform,5,1.4142135381698608,0.7107438016528925
uniform,3,1.0,0.6446280991735537
uniform,0,14.866068840026855,1.0
uniform,3,2.0,0.7272727272727273
uniform,3,0.0,0.5371900826446281
uniform,2,12.649110794067383,1.0
uniform,1,2.2360680103302,0.7768595041322314
uniform,1,47.423622131347656,1.0
uniform,0,10.0,1.0
uniform,2,3.0,0.8429752066115702
uniform,5,0.0,0.5537190082644629
uniform,5,5.0,1.0
uniform,5,7.071067810058594,1.0
uniform,0,10.049875259399414,1.0
uniform,1,10.29563045501709,1.0
uniform,2,32.31098937988281,1.0
uniform,1,31.62277603149414,1.0
uniform,0,26.832815170288086,1.0
uniform,0,38.01315689086914,1.0
uniform,3,2.8284270763397217,0.7818181818181819
uniform,3,5.099019527435303,0.9772727272727273
boundary,2,19.92485809326172,1.0
boundary,1,21.587032318115234,1.0
boundary,2,14.317821502685547,1.0
boundary,2,4.123105525970459,0.9586776859504132
boundary,0,0.0,0.4628099173553719
boundary,0,1.0,0.6198347107438017
boundary,1,26.07680892944336,1.0
boundary,2,3.0,0.8512396694214877
boundary,0,1.0,0.6776859504132231
boundary,2,19.92485809326172,1.0
boundary,5,0.0,0.512396694214876
boundary,3,1.0,0.628099173553719
boundary,5,0.0,0.5537190082644629
boundary,0,21.931713104248047,1.0
boundary,3,0.0,0.6033057851239669
boundary,1,43.416587829589844,1.0
boundary,2,0.0,0.5785123966942148
boundary,5,0.0,0.23140495867768596
boundary,1,1.0,0.628099173553719
boundary,5,3.605551242828369,0.8264462809917356
boundary,0,3.0,0.9090909090909091
boundary,0,12.0,1.0
boundary,0,6.082762718200684,1.0
boundary,2,2.0,0.7024793388429752
boundary,5,2.0,0.7272727272727273
boundary,5,3.1622776985168457,0.8760330578512396
boundary,5,5.830951690673828,1.0
boundary,1,48.50773239135742,1.0
boundary,5,0.0,0.5785123966942148
boundary,3,0.0,0.5454545454545454
boundary,3,0.0,0.5041322314049587
boundary,1,0.0,0.5454545454545454
boundary,2,18.439088821411133,1.0
boundary,1,38.27531814575195,1.0
boundary,1,37.121421813964844,1.0
boundary,3,1.0,0.6033057851239669
boundary,2,1.0,0.6446280991735537
boundary,0,4.0,0.9256198347107438
boundary,1,21.189620971679688,1.0
boundary,3,1.0,0.6363636363636364
boundary,3,1.0,0.5867768595041323
boundary,5,0.0,0.5206611570247934
boundary,2,18.0,1.0
boundary,0,16.0,1.0
boundary,5,0.0,0.5353535353535354
boundary,0,2.2360680103302,0.8264462809917356
boundary,3,0.0,0.5206611570247934
boundary,3,5.0,0.9752066115702479
boundary,1,5.0,0.9696969696969697
boundary,3,1.4142135381698608,0.696969696969697
interior,1,92.26592254638672,1.0
interior,2,37.10795211791992,1.0
interior,1,9.05538558959961,1.0
interior,1,18.0,1.0
interior,2,50.990196228027344,1.0
interior,1,20.2237491607666,1.0
interior,2,16.492422103881836,1.0
interior,1,23.021728515625,1.0
interior,1,82.37718200683594,1.0
interior,2,54.34151077270508,1.0
interior,2,2.0,0.7355371900826446
interior,2,60.63827133178711,1.0
interior,1,89.02246856689453,1.0
interior,2,52.46903991699219,1.0
interior,2,48.08325958251953,1.0
interior,0,8.0,1.0
interior,2,30.08321762084961,1.0
interior,1,44.14748001098633,1.0
interior,1,90.022216796875,1.0
interior,0,4.123105525970459,0.9421487603305785
interior,1,58.051700592041016,1.0
interior,3,7.0,1.0
interior,5,5.830951690673828,1.0
interior,5,5.0,0.9752066115702479
interior,3,5.099019527435303,0.9917355371900827
interior,0,28.284271240234375,1.0
interior,3,4.4721360206604,0.9669421487603306
interior,3,5.0,0.9917355371900827
interior,0,43.0,1.0
interior,3,6.324555397033691,1.0
interior,0,18.11077117919922,1.0
interior,0,25.0,1.0
interior,3,7.071067810058594,1.0
interior,3,5.0,1.0
interior,5,6.0,1.0
interior,5,8.0,1.0
interior,3,3.605551242828369,0.859504132231405
interior,5,9.0,1.0
interior,5,7.280109882354736,1.0
interior,5,5.830951690673828,0.9917355371900827
interior,3,5.0,0.9834710743801653
interior,5,7.280109882354736,1.0
interior,5,5.830951690673828,1.0
interior,5,6.7082037925720215,1.0
interior,0,30.675724029541016,1.0
interior,3,7.071067810058594,1.0
interior,0,25.298221588134766,1.0
interior,2,9.486832618713379,1.0
interior,0,1.4142135381698608,0.6942148760330579
interior,0,41.43669891357422,1.0
uniform,1,61.20457458496094,1.0
uniform,2,10.770329475402832,1.0
uniform,1,22.360679626464844,1.0
uniform,2,10.770329475402832,1.0
uniform,0,3.605551242828369,0.8181818181818182
uniform,2,46.097721099853516,1.0
uniform,2,27.658634185791016,1.0
uniform,2,18.681541442871094,1.0
uniform,1,34.525352478027344,1.0
uniform,1,80.52949523925781,1.0
uniform,0,7.0,1.0
uniform,2,7.6157732009887695,1.0
uniform,1,75.80237579345703,1.0
uniform,1,53.851646423339844,1.0
uniform,3,7.0,1.0
uniform,5,2.0,0.5785123966942148
uniform,3,1.0,0.6033057851239669
uniform,3,1.0,0.6446280991735537
uniform,5,1.0,0.6033057851239669
uniform,0,8.246211051940918,1.0
uniform,0,1.0,0.6198347107438017
uniform,3,6.324555397033691,1.0
uniform,5,2.0,0.768595041322314
uniform,1,65.78753662109375,1.0
uniform,1,27.073972702026367,1.0
uniform,0,1.0,0.6666666666666666
uniform,0,22.203603744506836,1.0
uniform,5,5.385164737701416,0.9917355371900827
uniform,1,33.060550689697266,1.0
uniform,1,35.05709457397461,1.0
uniform,2,21.931713104248047,1.0
uniform,3,3.0,0.8181818181818182
uniform,5,0.0,0.5867768595041323
uniform,5,3.0,0.7954545454545454
uniform,2,12.083045959472656,1.0
uniform,5,7.0,1.0
uniform,3,2.0,0.71900826446281
uniform,5,9.219544410705566,1.0
uniform,2,7.6157732009887695,1.0
uniform,5,2.0,0.7520661157024794
uniform,5,0.0,0.5371900826446281
uniform,3,7.071067810058594,1.0
uniform,3,0.0,0.5702479338842975
uniform,3,4.0,0.9338842975206612
uniform,0,4.4721360206604,0.9504132231404959
uniform,2,7.071067810058594,1.0
uniform,0,37.48332977294922,1.0
uniform,0,21.840330123901367,1.0
uniform,3,4.0,0.9669421487603306
uniform,0,38.20994567871094,1.0
boundary,2,3.0,0.8939393939393939
boundary,0,2.0,0.6136363636363636
boundary,2,10.440306663513184,1.0
boundary,0,4.0,0.859504132231405
boundary,1,14.560219764709473,1.0
boundary,0,9.219544410705566,1.0
boundary,2,0.0,0.5537190082644629
boundary,2,20.615528106689453,1.0
boundary,1,7.0,1.0
boundary,1,81.39410400390625,1.0
boundary,1,21.095022201538086,1.0
boundary,2,10.198039054870605,1.0
boundary,5,0.0,0.5289256198347108
boundary,5,1.0,0.6115702479338843
boundary,5,2.0,0.6776859504132231
boundary,5,3.0,0.7768595041322314
boundary,1,10.0,1.0
boundary,3,0.0,0.5454545454545454
boundary,2,6.082762718200684,1.0
boundary,0,2.0,0.71900826446281
boundary,2,7.6157732009887695,1.0
boundary,3,2.2360680103302,0.7933884297520661
boundary,5,0.0,0.34710743801652894
boundary,0,3.1622776985168457,0.8760330578512396
boundary,1,33.95585250854492,1.0
boundary,5,0.0,0.5041322314049587
boundary,5,2.2360680103302,0.768595041322314
boundary,0,20.39607810974121,1.0
boundary,0,6.082762718200684,1.0
boundary,3,3.0,0.859504132231405
boundary,1,2.8284270763397217,0.8347107438016529
boundary,3,0.0,0.5454545454545454
boundary,0,19.235383987426758,1.0
boundary,3,2.0,0.7603305785123967
boundary,1,11.0,1.0
boundary,1,17.492855072021484,1.0
boundary,3,1.0,0.5702479338842975
boundary,5,0.0,0.509090909090909
boundary,3,1.0,0.6115702479338843
boundary,3,2.0,0.6942148760330579
boundary,3,0.0,0.47107438016528924
boundary,5,0.0,0.36363636363636365
boundary,5,0.0,0.5867768595041323
boundary,3,0.0,0.6033057851239669
boundary,2,3.0,0.9696969696969697
boundary,2,2.2360680103302,0.768595041322314
boundary,1,21.02379608154297,1.0
boundary,0,29.546573638916016,1.0
boundary,0,0.0,0.5702479338842975
boundary,2,6.7082037925720215,1.0
interior,1,104.06248474121094,1.0
interior,2,44.55333709716797,1.0
interior,2,39.458839416503906,1.0
interior,1,37.2155876159668,1.0
interior,2,46.69047164916992,1.0
interior,1,80.7527084350586,1.0
interior,1,82.73451232910156,1.0
interior,2,54.7448616027832,1.0
interior,2,48.50773239135742,1.0
interior,2,49.648765563964844,1.0
interior,1,82.46211242675781,1.0
interior,0,8.0,1.0
interior,1,64.41273498535156,1.0
interior,0,8.062257766723633,1.0
interior,1,81.04319763183594,1.0
interior,2,5.0,0.9504132231404959
interior,3,4.0,0.859504132231405
interior,1,86.12200927734375,1.0
interior,3,1.4142135381698608,0.6446280991735537
interior,3,6.0,1.0
interior,1,89.8220443725586,1.0
interior,3,1.4142135381698608,0.6611570247933884
interior,0,1.0,0.5950413223140496
interior,3,5.099019527435303,0.9834710743801653
interior,1,67.89698028564453,1.0
interior,3,7.071067810058594,1.0
interior,3,1.0,0.6528925619834711
interior,2,17.262676239013672,1.0
interior,3,6.7082037925720215,1.0
interior,0,38.0,1.0
interior,0,40.01249694824219,1.0
interior,0,12.0,1.0
interior,3,5.0,1.0
interior,0,37.85498809814453,1.0
interior,5,5.0,0.9696969696969697
interior,5,5.830951690673828,1.0
interior,5,6.7082037925720215,1.0
interior,5,5.099019527435303,0.9834710743801653
interior,0,36.34556198120117,1.0
interior,5,8.0,1.0
interior,5,10.0,1.0
interior,5,7.280109882354736,1.0
interior,0,44.0,1.0
interior,5,9.486832618713379,1.0
interior,5,7.280109882354736,1.0
interior,5,2.2360680103302,0.7024793388429752
interior,3,3.0,0.8181818181818182
interior,0,39.458839416503906,1.0
interior,2,35.22782897949219,1.0
interior,2,28.42534065246582,1.0
uniform,1,57.27128601074219,1.0
uniform,1,63.95310592651367,1.0
uniform,2,44.72135925292969,1.0
uniform,1,43.185646057128906,1.0
uniform,0,4.0,0.9256198347107438
uniform,0,7.071067810058594,1.0
uniform,2,20.02498435974121,1.0
uniform,2,43.680660247802734,1.0
uniform,2,31.14482307434082,1.0
uniform,2,30.08321762084961,1.0
uniform,2,1.0,0.6115702479338843
uniform,3,1.0,0.5785123966942148
uniform,3,3.1622776985168457,0.8677685950413223
uniform,1,11.401754379272461,1.0
uniform,5,0.0,0.5371900826446281
uniform,3,2.0,0.7107438016528925
uniform,5,2.2360680103302,0.8016528925619835
uniform,1,35.693138122558594,1.0
uniform,5,0.0,0.512396694214876
uniform,5,4.123105525970459,0.9421487603305785
uniform,3,7.0,1.0
uniform,0,23.53720474243164,1.0
uniform,5,2.8284270763397217,0.8429752066115702
uniform,5,2.2360680103302,0.8099173553719008
uniform,5,1.0,0.628099173553719
uniform,2,15.524174690246582,1.0
uniform,1,34.928497314453125,1.0
uniform,2,6.0,1.0
uniform,3,5.385164737701416,1.0
uniform,0,31.048349380493164,1.0
uniform,0,32.24903106689453,1.0
uniform,0,39.11521530151367,1.0
uniform,3,5.0,0.9669421487603306
uniform,5,6.0,1.0
uniform,3,0.0,0.5206611570247934
uniform,5,6.082762718200684,1.0
uniform,5,0.0,0.3305785123966942
uniform,3,4.4721360206604,0.9504132231404959
uniform,2,23.34523582458496,1.0
uniform,1,34.0,1.0
uniform,0,1.0,0.7107438016528925
uniform,1,37.336307525634766,1.0
uniform,3,3.0,0.8677685950413223
uniform,1,18.384777069091797,1.0
uniform,0,9.848857879638672,1.0
uniform,1,11.180339813232422,1.0
uniform,0,10.198039054870605,1.0
uniform,0,38.27531814575195,1.0
uniform,2,18.788293838500977,1.0
uniform,3,1.4142135381698608,0.6477272727272727
boundary,1,24.73863410949707,1.0
boundary,2,3.0,0.8347107438016529
boundary,1,100.40418243408203,1.0
boundary,2,8.0,1.0
boundary,0,1.0,0.6446280991735537
boundary,1,40.024993896484375,1.0
boundary,2,14.142135620117188,1.0
boundary,2,23.34523582458496,1.0
boundary,0,1.0,0.6446280991735537
boundary,1,8.0,1.0
boundary,2,8.5440034866333,1.0
boundary,2,1.0,0.6198347107438017
boundary,2,5.830951690673828,1.0
boundary,2,7.280109882354736,1.0
boundary,2,2.0,0.743801652892562
boundary,1,29.832868576049805,1.0
boundary,3,0.0,0.5867768595041323
boundary,1,19.235383987426758,1.0
boundary,5,1.0,0.5371900826446281
boundary,5,2.0,0.5454545454545454
boundary,1,58.24946212768555,1.0
boundary,0,0.0,0.512396694214876
boundary,0,6.082762718200684,1.0
boundary,0,1.0,0.6033057851239669
boundary,3,1.4142135381698608,0.6942148760330579
boundary,0,4.0,0.9008264462809917
boundary,3,3.1622776985168457,0.8842975206611571
boundary,3,0.0,0.5454545454545454
boundary,0,9.848857879638672,1.0
boundary,5,1.0,0.5950413223140496
boundary,0,16.76305389404297,1.0
boundary,5,1.0,0.6198347107438017
boundary,5,0.0,0.47107438016528924
boundary,5,0.0,0.5950413223140496
boundary,3,0.0,0.5867768595041323
boundary,3,1.0,0.5950413223140496
boundary,0,5.0,0.9917355371900827
boundary,3,2.0,0.7272727272727273
boundary,0,5.0,1.0
boundary,2,5.0,0.9752066115702479
boundary,5,0.0,0.5041322314049587
boundary,1,36.22154235839844,1.0
boundary,1,22.090721130371094,1.0
boundary,5,3.1622776985168457,0.8099173553719008
boundary,1,34.01470184326172,1.0
boundary,3,1.0,0.5950413223140496
boundary,5,0.0,0.3305785123966942
boundary,3,2.0,0.7768595041322314
boundary,5,2.0,0.7171717171717171
boundary,3,2.0,0.71900826446281
interior,2,45.09988784790039,1.0
interior,1,99.46356201171875,1.0
interior,2,11.401754379272461,1.0
interior,1,59.93329620361328,1.0
interior,1,84.48076629638672,1.0
interior,2,56.08921432495117,1.0
interior,1,84.17243957519531,1.0
interior,2,53.15073013305664,1.0
interior,0,8.062257766723633,1.0
interior,1,71.84706115722656,1.0
interior,2,41.231056213378906,1.0
interior,1,70.00714111328125,1.0
interior,2,33.52610778808594,1.0
interior,2,34.438350677490234,1.0
interior,2,26.925823211669922,1.0
interior,1,70.21395874023438,1.0
interior,3,4.242640495300293,0.9173553719008265
interior,1,67.41661834716797,1.0
interior,3,5.830951690673828,1.0
interior,3,3.1622776985168457,0.8842975206611571
interior,1,41.48493576049805,1.0
interior,3,6.7082037925720215,1.0
interior,3,4.0,0.9256198347107438
interior,0,21.470911026000977,1.0
interior,1,66.91038513183594,1.0
interior,2,1.0,0.6694214876033058
interior,5,4.4721360206604,0.9669421487603306
interior,5,5.385164737701416,0.9917355371900827
interior,0,13.34166431427002,1.0
interior,3,8.0,1.0
interior,3,8.0,1.0
interior,3,7.0,1.0
interior,0,41.30375289916992,1.0
interior,0,37.85498809814453,1.0
interior,5,0.0,0.5371900826446281
interior,0,15.81138801574707,1.0
interior,0,43.185646057128906,1.0
interior,5,4.0,0.9008264462809917
interior,2,29.73213768005371,1.0
interior,5,8.0,1.0
interior,5,8.0,1.0
interior,3,6.324555397033691,1.0
interior,5,10.0,1.0
interior,5,9.05538558959961,1.0
interior,5,7.6157732009887695,1.0
interior,0,44.271888732910156,1.0
interior,5,5.099019527435303,0.9834710743801653
interior,0,35.0,1.0
interior,3,4.4721360206604,0.9504132231404959
interior,0,39.0,1.0
uniform,1,7.0,1.0
uniform,1,4.0,0.9090909090909091
uniform,2,49.030601501464844,1.0
uniform,1,83.86298370361328,1.0
uniform,2,0.0,0.5289256198347108
uniform,0,7.0,1.0
uniform,1,73.16419982910156,1.0
uniform,1,80.05622863769531,1.0
uniform,2,40.4474983215332,1.0
uniform,2,20.124610900878906,1.0
uniform,0,1.0,0.6033057851239669
uniform,1,54.918121337890625,1.0
uniform,1,30.886890411376953,1.0
uniform,5,2.2360680103302,0.6363636363636364
uniform,3,0.0,0.5619834710743802
uniform,3,5.385164737701416,1.0
uniform,0,4.0,0.8925619834710744
uniform,3,3.0,0.8181818181818182
uniform,3,6.324555397033691,1.0
uniform,5,0.0,0.36363636363636365
uniform,3,5.0,0.9834710743801653
uniform,5,3.605551242828369,0.8925619834710744
uniform,3,4.0,0.9256198347107438
uniform,1,14.317821502685547,1.0
uniform,5,0.0,0.45454545454545453
uniform,0,10.049875259399414,1.0
uniform,5,3.1622776985168457,0.8429752066115702
uniform,2,7.071067810058594,1.0
uniform,3,8.0,1.0
uniform,3,3.0,0.8429752066115702
uniform,0,38.470767974853516,1.0
uniform,1,29.120439529418945,1.0
uniform,2,24.75883674621582,1.0
uniform,2,26.570659637451172,1.0
uniform,0,16.0,1.0
uniform,2,28.792360305786133,1.0
uniform,5,3.1622776985168457,0.8677685950413223
uniform,3,3.0,0.7851239669421488
uniform,5,7.0,1.0
uniform,5,0.0,0.5289256198347108
uniform,5,5.385164737701416,0.9834710743801653
uniform,1,3.0,0.859504132231405
uniform,0,22.0,1.0
uniform,5,1.0,0.5568181818181818
uniform,2,16.124515533447266,1.0
uniform,0,25.079872131347656,1.0
uniform,3,2.0,0.71900826446281
uniform,2,7.071067810058594,1.0
uniform,0,17.72004508972168,1.0
uniform,0,43.0,1.0
boundary,2,5.0,0.9752066115702479
boundary,1,14.142135620117188,1.0
boundary,1,22.803508758544922,1.0
boundary,0,2.2360680103302,0.7768595041322314
boundary,2,5.0,0.9752066115702479
boundary,2,21.095022201538086,1.0
boundary,2,5.0,0.9752066115702479
boundary,0,9.0,1.0
boundary,1,32.015621185302734,1.0
boundary,1,9.486832618713379,1.0
boundary,2,1.4142135381698608,0.7520661157024794
boundary,1,22.56102752685547,1.0
boundary,0,5.0,0.9752066115702479
boundary,5,2.2360680103302,0.7603305785123967
boundary,5,1.0,0.6776859504132231
boundary,1,7.071067810058594,1.0
boundary,0,4.123105525970459,0.9586776859504132
boundary,5,1.0,0.4214876033057851
boundary,5,0.0,0.47107438016528924
boundary,3,2.8284270763397217,0.8016528925619835
boundary,3,0.0,0.5454545454545454
boundary,3,0.0,0.49586776859504134
boundary,0,9.848857879638672,1.0
boundary,5,3.1622776985168457,0.8760330578512396
boundary,5,2.2360680103302,0.8016528925619835
boundary,5,1.0,0.45454545454545453
boundary,0,2.0,0.6942148760330579
boundary,3,2.0,0.7107438016528925
boundary,5,2.2360680103302,0.6611570247933884
boundary,3,4.0,0.9173553719008265
boundary,2,5.830951690673828,0.9917355371900827
boundary,3,0.0,0.5702479338842975
boundary,3,2.2360680103302,0.7851239669421488
boundary,0,2.0,0.7272727272727273
boundary,0,4.0,0.9090909090909091
boundary,2,7.0,1.0
boundary,1,6.0,1.0
boundary,3,1.0,0.6611570247933884
boundary,5,1.0,0.6694214876033058
boundary,1,5.0,1.0
boundary,3,1.0,0.5950413223140496
boundary,5,2.0,0.71900826446281
boundary,0,3.0,0.8347107438016529
boundary,3,2.8284270763397217,0.768595041322314
boundary,2,16.278820037841797,1.0
boundary,1,13.928388595581055,1.0
boundary,2,29.546573638916016,1.0
boundary,2,16.278820037841797,1.0
boundary,1,26.4007568359375,1.0
boundary,0,9.486832618713379,1.0
interior,1,101.19288635253906,1.0
interior,2,34.36568069458008,1.0
interior,1,67.08203887939453,1.0
interior,2,42.20189666748047,1.0
interior,2,50.447994232177734,1.0
interior,2,59.228370666503906,1.0
interior,1,92.97311401367188,1.0
interior,2,53.600372314453125,1.0
interior,2,55.73149871826172,1.0
interior,1,86.37708282470703,1.0
interior,1,85.42832946777344,1.0
interior,0,12.0,1.0
interior,1,79.75587463378906,1.0
interior,1,54.5618896484375,1.0
interior,2,28.861740112304688,1.0
interior,2,28.160255432128906,1.0
interior,1,91.08238220214844,1.0
interior,1,47.29693603515625,1.0
interior,1,81.88406372070312,1.0
interior,3,4.0,0.9090909090909091
interior,0,16.124515533447266,1.0
interior,3,4.0,0.9090909090909091
interior,3,7.071067810058594,1.0
interior,2,5.0,0.9752066115702479
interior,5,4.0,0.8925619834710744
interior,3,6.082762718200684,1.0
interior,3,5.0,0.9752066115702479
interior,5,3.1622776985168457,0.8677685950413223
interior,5,6.082762718200684,1.0
interior,3,5.0,1.0
interior,5,5.385164737701416,0.9917355371900827
interior,3,7.6157732009887695,1.0
interior,3,6.7082037925720215,1.0
interior,0,38.05259704589844,1.0
interior,0,40.4474983215332,1.0
interior,5,8.0,1.0
interior,5,8.0,1.0
interior,5,8.5440034866333,1.0
interior,0,14.03566837310791,1.0
interior,5,8.9442720413208,1.0
interior,5,7.280109882354736,1.0
interior,3,8.0,1.0
interior,0,42.0,1.0
interior,5,5.0,0.9545454545454546
interior,0,36.68787384033203,1.0
interior,2,27.20294189453125,1.0
interior,3,5.0,0.9752066115702479
interior,0,38.832977294921875,1.0
interior,0,40.853397369384766,1.0
interior,0,38.832977294921875,1.0
uniform,2,37.05401611328125,1.0
uniform,1,70.43436431884766,1.0
uniform,0,7.0,1.0
uniform,2,2.0,0.743801652892562
uniform,2,47.29693603515625,1.0
uniform,2,50.635955810546875,1.0
uniform,1,89.26925659179688,1.0
uniform,1,41.146080017089844,1.0
uniform,2,58.46366500854492,1.0
uniform,0,4.0,0.9504132231404959
uniform,1,47.801673889160156,1.0
uniform,1,72.80110168457031,1.0
uniform,2,2.0,0.7107438016528925
uniform,1,8.0,1.0
uniform,5,1.0,0.6528925619834711
uniform,3,1.0,0.6198347107438017
uniform,0,14.317821502685547,1.0
uniform,1,13.152946472167969,1.0
uniform,0,6.082762718200684,1.0
uniform,1,2.0,0.7107438016528925
uniform,0,7.071067810058594,1.0
uniform,5,1.0,0.628099173553719
uniform,5,4.123105525970459,0.9421487603305785
uniform,5,3.605551242828369,0.9008264462809917
uniform,3,1.0,0.6363636363636364
uniform,5,2.8284270763397217,0.768595041322314
uniform,3,1.4142135381698608,0.6859504132231405
uniform,5,0.0,0.47107438016528924
uniform,3,1.0,0.5950413223140496
uniform,3,4.0,0.9008264462809917
uniform,3,1.0,0.6115702479338843
uniform,0,35.12833786010742,1.0
uniform,1,7.0,1.0
uniform,1,3.0,0.8347107438016529
uniform,0,8.0,1.0
uniform,5,3.1622776985168457,0.8677685950413223
uniform,5,8.062257766723633,1.0
uniform,2,2.8284270763397217,0.8264462809917356
uniform,3,6.0,1.0
uniform,5,1.0,0.6262626262626263
uniform,0,2.8284270763397217,0.8347107438016529
uniform,5,1.0,0.5909090909090909
uniform,2,5.385164737701416,0.9917355371900827
uniform,0,22.825424194335938,1.0
uniform,3,2.2360680103302,0.7768595041322314
uniform,3,4.4721360206604,0.9669421487603306
uniform,2,35.735137939453125,1.0
uniform,2,10.049875259399414,1.0
uniform,0,26.476404190063477,1.0
uniform,3,4.0,0.9669421487603306
boundary,1,10.770329475402832,1.0
boundary,0,4.0,0.9393939393939394
boundary,2,10.0,1.0
boundary,0,2.0,0.696969696969697
boundary,1,60.530982971191406,1.0
boundary,1,10.440306663513184,1.0
boundary,2,5.385164737701416,1.0
boundary,2,3.1622776985168457,0.8677685950413223
boundary,2,1.0,0.6446280991735537
boundary,0,3.0,0.8347107438016529
boundary,1,32.98484420776367,1.0
boundary,2,22.203603744506836,1.0
boundary,0,0.0,0.5537190082644629
boundary,2,1.0,0.6363636363636364
boundary,1,47.434165954589844,1.0
boundary,3,3.0,0.8512396694214877
boundary,3,1.4142135381698608,0.6942148760330579
boundary,1,73.34848022460938,1.0
boundary,3,1.0,0.6776859504132231
boundary,0,7.071067810058594,1.0
boundary,5,0.0,0.34710743801652894
boundary,0,7.0,1.0
boundary,0,8.062257766723633,1.0
boundary,5,2.0,0.743801652892562
boundary,5,0.0,0.5702479338842975
boundary,0,6.0,1.0
boundary,2,1.0,0.6198347107438017
boundary,1,5.385164737701416,1.0
boundary,3,3.0,0.8181818181818182
boundary,5,1.0,0.4214876033057851
boundary,5,2.8284270763397217,0.8429752066115702
boundary,5,2.0,0.628099173553719
boundary,2,18.681541442871094,1.0
boundary,3,1.0,0.6446280991735537
boundary,0,5.0,1.0
boundary,3,1.0,0.628099173553719
boundary,3,0.0,0.5454545454545454
boundary,0,0.0,0.5702479338842975
boundary,3,4.0,0.9090909090909091
boundary,5,0.0,0.5454545454545454
boundary,5,1.0,0.5950413223140496
boundary,5,2.0,0.768595041322314
boundary,3,1.0,0.6611570247933884
boundary,2,3.0,0.8512396694214877
boundary,5,3.1622776985168457,0.8677685950413223
boundary,3,2.0,0.7272727272727273
boundary,1,2.2360680103302,0.8016528925619835
boundary,2,1.4142135381698608,0.6694214876033058
boundary,1,0.0,0.5206611570247934
boundary,1,25.495098114013672,1.0
interior,1,90.3382568359375,1.0
interior,1,54.037025451660156,1.0
interior,2,42.296573638916016,1.0
interior,2,37.336307525634766,1.0
interior,1,49.81967544555664,1.0
interior,1,81.74349975585938,1.0
interior,2,48.27007293701172,1.0
interior,2,17.464248657226562,1.0
interior,1,98.31072998046875,1.0
interior,1,95.75489807128906,1.0
interior,2,43.931766510009766,1.0
interior,1,64.51356506347656,1.0
interior,2,33.52610778808594,1.0
interior,1,65.0,1.0
interior,1,72.83543395996094,1.0
interior,2,7.6157732009887695,1.0
interior,3,6.082762718200684,1.0
interior,5,3.0,0.8099173553719008
interior,5,1.0,0.4297520661157025
interior,3,6.7082037925720215,1.0
interior,3,1.0,0.6033057851239669
interior,5,3.605551242828369,0.8264462809917356
interior,5,2.0,0.6115702479338843
interior,0,8.062257766723633,1.0
interior,5,5.099019527435303,0.9834710743801653
interior,2,8.062257766723633,1.0
interior,3,6.0,1.0
interior,5,3.605551242828369,0.9090909090909091
interior,3,7.0,1.0
interior,0,35.510562896728516,1.0
interior,0,28.160255432128906,1.0
interior,1,28.0,1.0
interior,3,6.324555397033691,1.0
interior,3,6.7082037925720215,1.0
interior,3,7.280109882354736,1.0
interior,0,37.656341552734375,1.0
interior,0,44.18144226074219,1.0
interior,0,29.832868576049805,1.0
interior,5,2.8284270763397217,0.7851239669421488
interior,3,4.123105525970459,0.9421487603305785
interior,3,4.123105525970459,0.9586776859504132
interior,5,9.0,1.0
interior,5,7.0,1.0
interior,5,5.385164737701416,0.9917355371900827
interior,0,40.4474983215332,1.0
interior,2,19.235383987426758,1.0
interior,2,33.241539001464844,1.0
interior,0,40.16217041015625,1.0
interior,0,38.4837646484375,1.0
interior,0,37.0,1.0
uniform,3,112.14722442626953,1.0
uniform,3,134.37261962890625,1.0
uniform,3,61.814239501953125,1.0
uniform,3,116.97008514404297,1.0
uniform,3,124.03628540039062,1.0
uniform,3,99.72462463378906,1.0
uniform,3,90.022216796875,1.0
uniform,3,80.3243408203125,1.0
uniform,3,57.27128601074219,1.0
uniform,1,10.0,1.0
uniform,0,2.0,0.7603305785123967
uniform,1,21.189620971679688,1.0
uniform,1,8.9442720413208,1.0
uniform,1,18.681541442871094,1.0
uniform,0,4.242640495300293,0.9338842975206612
uniform,1,2.8284270763397217,0.8181818181818182
uniform,3,17.029386520385742,1.0
uniform,1,18.384777069091797,1.0
uniform,0,5.0,0.9504132231404959
uniform,1,0.0,0.5289256198347108
uniform,1,4.0,0.9173553719008265
uniform,2,28.792360305786133,1.0
uniform,1,1.4142135381698608,0.6477272727272727
uniform,2,10.770329475402832,1.0
uniform,0,19.10497283935547,1.0
uniform,1,0.0,0.2987012987012987
uniform,0,7.071067810058594,1.0
uniform,2,16.970561981201172,1.0
uniform,0,20.59126091003418,1.0
uniform,2,8.9442720413208,1.0
uniform,2,16.155494689941406,1.0
uniform,2,41.72529220581055,1.0
uniform,2,50.48762130737305,1.0
uniform,2,18.384777069091797,1.0
uniform,5,2.8284270763397217,0.8181818181818182
uniform,5,5.0,0.9504132231404959
uniform,5,4.0,0.9008264462809917
uniform,2,2.2360680103302,0.8016528925619835
uniform,5,5.0,0.9834710743801653
uniform,5,5.385164737701416,0.9752066115702479
uniform,5,6.082762718200684,0.9917355371900827
uniform,0,18.248287200927734,1.0
uniform,5,5.385164737701416,0.9834710743801653
uniform,5,5.099019527435303,0.9834710743801653
uniform,5,0.0,0.3305785123966942
uniform,5,2.2360680103302,0.7851239669421488
uniform,0,17.72004508972168,1.0
uniform,2,11.313708305358887,1.0
uniform,0,2.8284270763397217,0.8016528925619835
uniform,0,0.0,0.5795454545454546
boundary,3,87.00574493408203,1.0
boundary,3,78.77182006835938,1.0
boundary,3,31.064449310302734,1.0
boundary,3,41.1096076965332,1.0
boundary,1,0.0,0.5454545454545454
boundary,1,0.0,0.5454545454545454
boundary,0,0.0,0.17355371900826447
boundary,0,1.0,0.5950413223140496
boundary,3,23.0,1.0
boundary,3,27.294687271118164,1.0
boundary,3,6.0,1.0
boundary,1,0.0,0.512396694214876
boundary,3,14.317821502685547,1.0
boundary,1,5.385164737701416,0.9834710743801653
boundary,0,3.605551242828369,0.9173553719008265
boundary,1,0.0,0.5867768595041323
boundary,1,1.0,0.6363636363636364
boundary,3,6.7082037925720215,1.0
boundary,2,2.0,0.768595041322314
boundary,0,0.0,0.4297520661157025
boundary,0,9.219544410705566,1.0
boundary,0,7.6157732009887695,1.0
boundary,1,10.198039054870605,1.0
boundary,1,3.1622776985168457,0.8677685950413223
boundary,1,5.656854152679443,0.9752066115702479
boundary,0,1.0,0.6694214876033058
boundary,1,0.0,0.49586776859504134
boundary,2,33.52610778808594,1.0
boundary,0,1.4142135381698608,0.7272727272727273
boundary,3,5.656854152679443,0.9752066115702479
boundary,2,27.85677719116211,1.0
boundary,2,25.079872131347656,1.0
boundary,2,6.4031243324279785,0.9917355371900827
boundary,2,6.082762718200684,1.0
boundary,2,40.31128692626953,1.0
boundary,2,7.071067810058594,1.0
boundary,0,6.324555397033691,1.0
boundary,5,0.0,0.47107438016528924
boundary,5,1.4142135381698608,0.6776859504132231
boundary,2,37.0,1.0
boundary,5,0.0,0.5619834710743802
boundary,5,0.0,0.5289256198347108
boundary,2,28.284271240234375,1.0
boundary,5,1.0,0.39669421487603307
boundary,5,2.2360680103302,0.7933884297520661
boundary,5,0.0,0.5785123966942148
boundary,5,3.1622776985168457,0.8760330578512396
boundary,0,4.0,0.9256198347107438
boundary,5,0.0,0.512396694214876
boundary,5,0.0,0.39669421487603307
interior,3,153.21226501464844,1.0
interior,3,138.2353057861328,1.0
interior,3,150.05332946777344,1.0
interior,3,118.45674133300781,1.0
interior,3,123.43824005126953,1.0
interior,3,106.169677734375,1.0
interior,3,93.52005004882812,1.0
interior,3,86.16263580322266,1.0
interior,3,102.18121337890625,1.0
interior,3,66.40029907226562,1.0
interior,1,14.142135620117188,1.0
interior,1,17.262676239013672,1.0
interior,1,21.095022201538086,1.0
interior,1,20.880613327026367,1.0
interior,1,17.0880069732666,1.0
interior,1,21.840330123901367,1.0
interior,1,21.540658950805664,1.0
interior,1,22.135944366455078,1.0
interior,1,15.231546401977539,1.0
interior,1,3.1622776985168457,0.8677685950413223
interior,0,16.278820037841797,1.0
interior,2,15.524174690246582,1.0
interior,0,19.10497283935547,1.0
interior,0,12.041594505310059,1.0
interior,2,23.76972770690918,1.0
interior,0,22.803508758544922,1.0
interior,0,20.59126091003418,1.0
interior,2,57.628116607666016,1.0
interior,0,29.832868576049805,1.0
interior,0,29.614185333251953,1.0
interior,2,57.80138397216797,1.0
interior,0,25.70992088317871,1.0
interior,5,1.0,0.6776859504132231
interior,2,72.24956512451172,1.0
interior,5,7.6157732009887695,1.0
interior,5,7.280109882354736,1.0
interior,5,7.0,1.0
interior,5,8.9442720413208,1.0
interior,5,9.219544410705566,1.0
interior,5,5.0,0.9669421487603306
interior,2,60.74536895751953,1.0
interior,5,10.440306663513184,1.0
interior,5,10.770329475402832,1.0
interior,5,10.049875259399414,1.0
interior,0,21.840330123901367,1.0
interior,2,75.1664810180664,1.0
interior,2,69.46221923828125,1.0
interior,0,20.39607810974121,1.0
interior,2,65.37583923339844,1.0
interior,2,91.4166259765625,1.0
uniform,3,55.90169906616211,1.0
uniform,3,105.75916290283203,1.0
uniform,3,97.86725616455078,1.0
uniform,3,73.24616241455078,1.0
uniform,3,65.37583923339844,1.0
uniform,3,11.313708305358887,1.0
uniform,3,20.0,1.0
uniform,1,3.605551242828369,0.9181818181818182
uniform,1,8.062257766723633,1.0
uniform,1,1.0,0.6446280991735537
uniform,3,36.06937789916992,1.0
uniform,1,15.29705810546875,1.0
uniform,1,21.02379608154297,1.0
uniform,1,15.81138801574707,1.0
uniform,3,18.439088821411133,1.0
uniform,0,1.0,0.6942148760330579
uniform,1,3.605551242828369,0.8925619834710744
uniform,0,1.0,0.7024793388429752
uniform,3,10.816654205322266,1.0
uniform,1,16.492422103881836,1.0
uniform,1,4.4721360206604,0.9586776859504132
uniform,1,6.082762718200684,0.9917355371900827
uniform,2,31.400636672973633,1.0
uniform,0,0.0,0.7386363636363636
uniform,0,15.55634880065918,1.0
uniform,2,5.385164737701416,0.9917355371900827
uniform,2,15.231546401977539,1.0
uniform,2,8.9442720413208,1.0
uniform,0,14.21267032623291,1.0
uniform,0,14.317821502685547,1.0
uniform,0,11.180339813232422,1.0
uniform,2,12.206555366516113,1.0
uniform,0,25.63201141357422,1.0
uniform,2,54.5618896484375,1.0
uniform,0,4.4721360206604,0.9586776859504132
uniform,2,46.87216567993164,1.0
uniform,5,2.2360680103302,0.7851239669421488
uniform,5,2.8284270763397217,0.8181818181818182
uniform,2,30.265491485595703,1.0
uniform,5,0.0,0.5867768595041323
uniform,5,6.324555397033691,1.0
uniform,5,6.7082037925720215,1.0
uniform,5,7.071067810058594,1.0
uniform,5,5.830951690673828,1.0
uniform,5,7.6157732009887695,1.0
uniform,5,5.385164737701416,1.0
uniform,5,2.2360680103302,0.7851239669421488
uniform,2,16.492422103881836,1.0
uniform,2,43.96589660644531,1.0
uniform,0,2.0,0.7107438016528925
boundary,3,73.37574768066406,1.0
boundary,3,32.98484420776367,1.0
boundary,3,6.4031243324279785,1.0
boundary,3,3.0,0.8512396694214877
boundary,3,43.5660400390625,1.0
boundary,3,21.840330123901367,1.0
boundary,1,1.0,0.5867768595041323
boundary,1,11.0,1.0
boundary,3,14.0,1.0
boundary,1,3.0,0.859504132231405
boundary,1,5.099019527435303,1.0
boundary,1,5.0,0.9504132231404959
boundary,1,3.0,0.859504132231405
boundary,0,6.082762718200684,1.0
boundary,1,2.0,0.743801652892562
boundary,3,2.2360680103302,0.7603305785123967
boundary,1,5.385164737701416,0.9917355371900827
boundary,0,0.0,0.5454545454545454
boundary,2,0.0,0.5619834710743802
boundary,2,1.0,0.6115702479338843
boundary,2,21.540658950805664,1.0
boundary,0,5.385164737701416,0.9917355371900827
boundary,0,6.4031243324279785,0.9917355371900827
boundary,0,13.892443656921387,1.0
boundary,1,2.0,0.7603305785123967
boundary,0,4.123105525970459,0.9338842975206612
boundary,3,11.401754379272461,1.0
boundary,1,2.8284270763397217,0.7424242424242424
boundary,0,16.278820037841797,1.0
boundary,2,19.416488647460938,1.0
boundary,3,5.0,0.9669421487603306
boundary,2,3.605551242828369,0.9008264462809917
boundary,2,34.0,1.0
boundary,2,26.832815170288086,1.0
boundary,0,3.605551242828369,0.9008264462809917
boundary,0,3.0,0.8512396694214877
boundary,2,30.870698928833008,1.0
boundary,5,0.0,0.5289256198347108
boundary,5,1.0,0.6033057851239669
boundary,5,0.0,0.49586776859504134
boundary,0,9.219544410705566,1.0
boundary,5,2.0,0.768595041322314
boundary,5,5.0,0.9752066115702479
boundary,5,4.0,0.8925619834710744
boundary,5,0.0,0.512396694214876
boundary,5,1.0,0.6363636363636364
boundary,5,1.0,0.6033057851239669
boundary,5,0.0,0.5785123966942148
boundary,2,8.5440034866333,1.0
boundary,2,81.85963439941406,1.0
interior,3,159.31414794921875,1.0
interior,3,141.0,1.0
interior,3,160.0,1.0
interior,3,127.67536926269531,1.0
interior,3,119.33147430419922,1.0
interior,3,136.8941192626953,1.0
interior,3,83.72574615478516,1.0
interior,3,95.13148498535156,1.0
interior,3,54.037025451660156,1.0
interior,3,47.92702865600586,1.0
interior,1,14.560219764709473,1.0
interior,1,7.280109882354736,1.0
interior,1,12.649110794067383,1.0
interior,1,19.92485809326172,1.0
interior,1,20.880613327026367,1.0
interior,1,23.76972770690918,1.0
interior,1,9.848857879638672,1.0
interior,1,20.124610900878906,1.0
interior,1,14.866068840026855,1.0
interior,1,11.704699516296387,1.0
interior,2,10.630146026611328,1.0
interior,0,14.422204971313477,1.0
interior,2,46.097721099853516,1.0
interior,2,38.07886505126953,1.0
interior,0,13.0,1.0
interior,0,28.861740112304688,1.0
interior,2,22.627416610717773,1.0
interior,0,28.792360305786133,1.0
interior,0,5.099019527435303,0.9834710743801653
interior,2,54.81787872314453,1.0
interior,0,29.832868576049805,1.0
interior,0,31.048349380493164,1.0
interior,2,68.79679870605469,1.0
interior,5,2.8284270763397217,0.7603305785123967
interior,5,5.385164737701416,0.9834710743801653
interior,5,10.440306663513184,1.0
interior,0,7.071067810058594,1.0
interior,5,6.324555397033691,1.0
interior,5,4.123105525970459,0.9421487603305785
interior,5,8.062257766723633,1.0
interior,5,3.0,0.8016528925619835
interior,5,8.246211051940918,1.0
interior,5,2.0,0.7603305785123967
interior,5,2.8284270763397217,0.8181818181818182
interior,0,19.416488647460938,1.0
interior,2,88.32327270507812,1.0
interior,0,14.317821502685547,1.0
interior,2,87.6584243774414,1.0
interior,2,71.17584228515625,1.0
interior,2,74.4311752319336,1.0
uniform,3,49.01020431518555,1.0
uniform,2,0.0,0.512396694214876
uniform,3,66.75328063964844,1.0
uniform,3,135.0740509033203,1.0
uniform,3,137.09121704101562,1.0
uniform,3,35.1710090637207,1.0
uniform,3,59.64059066772461,1.0
uniform,3,47.381431579589844,1.0
uniform,1,4.242640495300293,0.8787878787878788
uniform,1,2.0,0.743801652892562
uniform,1,1.0,0.6115702479338843
uniform,1,3.0,0.8099173553719008
uniform,3,29.529645919799805,1.0
uniform,3,26.62705421447754,1.0
uniform,1,3.0,0.8512396694214877
uniform,1,13.34166431427002,1.0
uniform,3,13.45362377166748,1.0
uniform,1,12.649110794067383,1.0
uniform,2,6.4031243324279785,0.9917355371900827
uniform,1,8.9442720413208,1.0
uniform,1,1.4142135381698608,0.6776859504132231
uniform,1,2.0,0.743801652892562
uniform,0,4.4721360206604,0.9586776859504132
uniform,0,5.385164737701416,0.9834710743801653
uniform,0,24.166091918945312,1.0
uniform,2,45.17742919921875,1.0
uniform,2,19.10497283935547,1.0
uniform,2,62.00806427001953,1.0
uniform,5,1.4142135381698608,0.6942148760330579
uniform,0,9.848857879638672,1.0
uniform,5,2.0,0.7355371900826446
uniform,5,2.0,0.7603305785123967
uniform,5,5.099019527435303,0.9917355371900827
uniform,5,3.605551242828369,0.8925619834710744
uniform,0,5.830951690673828,1.0
uniform,5,8.9442720413208,1.0
uniform,5,6.082762718200684,1.0
uniform,5,4.4721360206604,0.9586776859504132
uniform,2,46.173583984375,1.0
uniform,2,67.18630981445312,1.0
uniform,5,7.071067810058594,1.0
uniform,0,10.440306663513184,1.0
uniform,5,0.0,0.5454545454545454
uniform,0,23.409399032592773,1.0
uniform,0,15.524174690246582,1.0
uniform,2,72.23572540283203,1.0
uniform,0,5.385164737701416,1.0
uniform,2,89.06739044189453,1.0
uniform,0,2.0,0.7777777777777778
uniform,2,17.464248657226562,1.0
boundary,3,108.37435150146484,1.0
boundary,3,64.32728576660156,1.0
boundary,3,65.79513549804688,1.0
boundary,1,0.0,0.7024793388429752
boundary,1,2.0,0.7272727272727273
boundary,1,5.385164737701416,1.0
boundary,1,3.0,0.7933884297520661
boundary,1,5.0,0.9917355371900827
boundary,1,8.0,1.0
boundary,3,19.235383987426758,1.0
boundary,3,15.0,1.0
boundary,3,2.2360680103302,0.7851239669421488
boundary,0,0.0,0.5041322314049587
boundary,1,7.6157732009887695,1.0
boundary,3,14.866068840026855,1.0
boundary,3,2.8284270763397217,0.7851239669421488
boundary,1,1.4142135381698608,0.6942148760330579
boundary,3,4.4721360206604,0.9504132231404959
boundary,3,6.7082037925720215,1.0
boundary,1,4.123105525970459,0.9421487603305785
boundary,2,3.605551242828369,0.8429752066115702
boundary,0,7.071067810058594,1.0
boundary,0,10.29563045501709,1.0
boundary,2,12.649110794067383,1.0
boundary,2,26.305892944335938,1.0
boundary,2,1.4142135381698608,0.6198347107438017
boundary,2,2.8284270763397217,0.7603305785123967
boundary,1,0.0,0.5537190082644629
boundary,0,6.324555397033691,1.0
boundary,0,16.76305389404297,1.0
boundary,0,7.8102498054504395,1.0
boundary,2,17.69180679321289,1.0
boundary,0,3.1622776985168457,0.8842975206611571
boundary,2,10.770329475402832,1.0
boundary,0,24.351591110229492,1.0
boundary,0,1.0,0.6033057851239669
boundary,5,1.0,0.6033057851239669
boundary,5,1.4142135381698608,0.6942148760330579
boundary,2,39.66106414794922,1.0
boundary,0,3.0,0.8429752066115702
boundary,5,2.0,0.7272727272727273
boundary,5,0.0,0.4049586776859504
boundary,5,1.0,0.6694214876033058
boundary,5,0.0,0.3305785123966942
boundary,5,2.2360680103302,0.7851239669421488
boundary,5,2.2360680103302,0.7851239669421488
boundary,5,0.0,0.5454545454545454
boundary,5,0.0,0.5454545454545454
boundary,2,25.298221588134766,1.0
boundary,2,15.0,1.0
interior,3,172.62677001953125,1.0
interior,3,126.0,1.0
interior,3,133.09019470214844,1.0
interior,3,148.0303955078125,1.0
interior,3,124.45883178710938,1.0
interior,3,110.44002532958984,1.0
interior,3,92.19544219970703,1.0
interior,3,77.0064926147461,1.0
interior,3,52.32590103149414,1.0
interior,3,56.82429122924805,1.0
interior,1,7.0,1.0
interior,1,10.198039054870605,1.0
interior,1,15.132745742797852,1.0
interior,1,4.123105525970459,0.9338842975206612
interior,1,21.095022201538086,1.0
interior,1,10.440306663513184,1.0
interior,1,22.803508758544922,1.0
interior,1,16.155494689941406,1.0
interior,1,17.464248657226562,1.0
interior,1,10.440306663513184,1.0
interior,0,15.033296585083008,1.0
interior,0,21.540658950805664,1.0
interior,0,13.45362377166748,1.0
interior,0,19.646883010864258,1.0
interior,2,62.265560150146484,1.0
interior,0,26.248809814453125,1.0
interior,2,54.451812744140625,1.0
interior,0,23.25940704345703,1.0
interior,0,22.803508758544922,1.0
interior,5,0.0,0.512396694214876
interior,0,27.85677719116211,1.0
interior,2,62.00806427001953,1.0
interior,5,10.198039054870605,1.0
interior,5,9.848857879638672,1.0
interior,5,10.770329475402832,1.0
interior,5,9.486832618713379,1.0
interior,5,6.324555397033691,1.0
interior,5,9.848857879638672,1.0
interior,0,5.385164737701416,0.9917355371900827
interior,5,8.9442720413208,1.0
interior,5,5.0,0.9586776859504132
interior,0,23.76972770690918,1.0
interior,5,7.071067810058594,1.0
interior,2,62.62587356567383,1.0
interior,2,39.81205749511719,1.0
interior,2,75.3923110961914,1.0
interior,2,63.324562072753906,1.0
interior,2,73.0,1.0
interior,2,16.492422103881836,1.0
interior,2,96.04165649414062,1.0
uniform,2,3.1622776985168457,0.8295454545454546
uniform,3,138.07968139648438,1.0
uniform,3,100.6578369140625,1.0
uniform,3,89.5600357055664,1.0
uniform,3,79.07591247558594,1.0
uniform,3,56.63920974731445,1.0
uniform,3,4.123105525970459,0.987012987012987
uniform,3,16.401220321655273,1.0
uniform,3,25.961509704589844,1.0
uniform,3,48.764739990234375,1.0
uniform,1,2.8284270763397217,0.7662337662337663
uniform,1,7.0,1.0
uniform,1,6.0,1.0
uniform,3,4.0,0.9090909090909091
uniform,1,15.81138801574707,1.0
uniform,1,8.062257766723633,1.0
uniform,1,8.5440034866333,1.0
uniform,1,15.524174690246582,1.0
uniform,1,15.81138801574707,1.0
uniform,0,12.041594505310059,1.0
uniform,2,8.485280990600586,1.0
uniform,1,2.0,0.7355371900826446
uniform,0,19.416488647460938,1.0
uniform,0,7.071067810058594,1.0
uniform,0,2.0,0.743801652892562
uniform,1,0.0,0.2987012987012987
uniform,0,14.142135620117188,1.0
uniform,0,12.369317054748535,1.0
uniform,2,44.55333709716797,1.0
uniform,2,22.56102752685547,1.0
uniform,5,2.2360680103302,0.6942148760330579
uniform,5,0.0,0.5619834710743802
uniform,5,7.0,1.0
uniform,5,3.0,0.859504132231405
uniform,5,2.8284270763397217,0.7933884297520661
uniform,5,3.605551242828369,0.9090909090909091
uniform,0,25.63201141357422,1.0
uniform,5,1.0,0.5619834710743802
uniform,5,3.0,0.8512396694214877
uniform,2,71.4212875366211,1.0
uniform,2,66.21932983398438,1.0
uniform,5,4.0,0.8842975206611571
uniform,5,1.0,0.6694214876033058
uniform,2,7.0,1.0
uniform,0,24.698177337646484,1.0
uniform,2,60.74536895751953,1.0
uniform,2,81.21575927734375,1.0
uniform,0,0.0,0.5206611570247934
uniform,2,72.12489318847656,1.0
uniform,0,12.165525436401367,1.0
boundary,3,93.38094329833984,1.0
boundary,3,38.832977294921875,1.0
boundary,3,19.72308349609375,1.0
boundary,3,27.294687271118164,1.0
boundary,1,0.0,0.5537190082644629
boundary,3,29.832868576049805,1.0
boundary,3,28.160255432128906,1.0
boundary,1,3.0,0.8181818181818182
boundary,3,15.0,1.0
boundary,1,1.0,0.5867768595041323
boundary,0,1.0,0.5950413223140496
boundary,3,18.11077117919922,1.0
boundary,1,1.4142135381698608,0.6611570247933884
boundary,1,0.0,0.5619834710743802
boundary,1,0.0,0.512396694214876
boundary,3,2.8284270763397217,0.8512396694214877
boundary,0,1.0,0.6694214876033058
boundary,1,6.7082037925720215,1.0
boundary,2,7.280109882354736,1.0
boundary,1,6.324555397033691,1.0
boundary,0,2.8284270763397217,0.8264462809917356
boundary,1,0.0,0.5702479338842975
boundary,2,17.262676239013672,1.0
boundary,2,1.4142135381698608,0.7520661157024794
boundary,1,1.0,0.6115702479338843
boundary,3,10.630146026611328,1.0
boundary,0,1.4142135381698608,0.7107438016528925
boundary,2,13.45362377166748,1.0
boundary,0,2.2360680103302,0.7768595041322314
boundary,2,16.492422103881836,1.0
boundary,2,22.360679626464844,1.0
boundary,0,14.142135620117188,1.0
boundary,0,13.416407585144043,1.0
boundary,0,19.646883010864258,1.0
boundary,2,31.11269760131836,1.0
boundary,0,5.0,0.9752066115702479
boundary,2,33.105892181396484,1.0
boundary,5,0.0,0.5206611570247934
boundary,5,1.0,0.6115702479338843
boundary,5,3.1622776985168457,0.8760330578512396
boundary,2,35.44009017944336,1.0
boundary,5,2.2360680103302,0.7933884297520661
boundary,2,39.84971618652344,1.0
boundary,5,2.0,0.71900826446281
boundary,5,5.830951690673828,1.0
boundary,5,1.4142135381698608,0.6859504132231405
boundary,5,6.324555397033691,1.0
boundary,5,1.4142135381698608,0.6198347107438017
boundary,5,0.0,0.5206611570247934
boundary,0,3.0,0.8347107438016529
interior,3,163.6826171875,1.0
interior,3,146.97279357910156,1.0
interior,3,129.0155029296875,1.0
interior,3,165.07574462890625,1.0
interior,3,87.28115844726562,1.0
interior,3,153.08168029785156,1.0
interior,3,130.3610382080078,1.0
interior,3,104.40306854248047,1.0
interior,3,99.5389404296875,1.0
interior,3,74.67261505126953,1.0
interior,1,2.0,0.7520661157024794
interior,1,11.0,1.0
interior,1,10.440306663513184,1.0
interior,1,22.135944366455078,1.0
interior,1,20.248456954956055,1.0
interior,1,10.770329475402832,1.0
interior,1,22.472204208374023,1.0
interior,1,19.92485809326172,1.0
interior,1,11.180339813232422,1.0
interior,0,12.529964447021484,1.0
interior,1,0.0,0.5041322314049587
interior,0,14.764822959899902,1.0
interior,2,20.0,1.0
interior,0,17.69180679321289,1.0
interior,0,19.235383987426758,1.0
interior,0,30.4138126373291,1.0
interior,2,59.396968841552734,1.0
interior,0,31.320919036865234,1.0
interior,2,28.0,1.0
interior,0,28.160255432128906,1.0
interior,5,4.4721360206604,0.9586776859504132
interior,5,5.830951690673828,1.0
interior,5,5.385164737701416,1.0
interior,0,25.70992088317871,1.0
interior,5,5.830951690673828,1.0
interior,5,8.062257766723633,1.0
interior,5,8.5440034866333,1.0
interior,2,64.40496826171875,1.0
interior,5,6.082762718200684,1.0
interior,5,5.099019527435303,0.9834710743801653
interior,5,3.605551242828369,0.9008264462809917
interior,2,75.82215881347656,1.0
interior,5,5.0,0.9752066115702479
interior,0,19.646883010864258,1.0
interior,0,22.472204208374023,1.0
interior,2,78.24320983886719,1.0
interior,2,74.24958038330078,1.0
interior,2,89.94442749023438,1.0
interior,2,79.37883758544922,1.0
interior,2,57.87054443359375,1.0
uniform,3,138.8416290283203,1.0
uniform,3,89.26925659179688,1.0
uniform,3,11.313708305358887,1.0
uniform,3,96.3846435546875,1.0
uniform,3,100.60317993164062,1.0
uniform,3,28.301942825317383,1.0
uniform,3,84.48076629638672,1.0
uniform,3,45.31004333496094,1.0
uniform,3,24.83948516845703,1.0
uniform,1,2.0,0.7024793388429752
uniform,1,8.0,1.0
uniform,1,10.198039054870605,1.0
uniform,1,0.0,0.5702479338842975
uniform,1,11.0,1.0
uniform,1,6.0,1.0
uniform,1,5.0,0.9504132231404959
uniform,1,4.123105525970459,0.9421487603305785
uniform,0,1.0,0.628099173553719
uniform,0,1.4142135381698608,0.7107438016528925
uniform,3,17.69180679321289,1.0
uniform,0,1.0,0.6611570247933884
uniform,1,19.646883010864258,1.0
uniform,1,5.099019527435303,0.9834710743801653
uniform,0,1.0,0.5867768595041323
uniform,0,1.0,0.5950413223140496
uniform,2,6.7082037925720215,1.0
uniform,2,0.0,0.512396694214876
uniform,2,36.055511474609375,1.0
uniform,0,5.385164737701416,0.9917355371900827
uniform,0,2.2360680103302,0.7933884297520661
uniform,2,22.022714614868164,1.0
uniform,0,20.615528106689453,1.0
uniform,2,50.990196228027344,1.0
uniform,2,22.135944366455078,1.0
uniform,2,33.241539001464844,1.0
uniform,2,34.539833068847656,1.0
uniform,5,0.0,0.5454545454545454
uniform,5,0.0,0.5289256198347108
uniform,2,47.85394287109375,1.0
uniform,5,5.830951690673828,1.0
uniform,2,67.35725402832031,1.0
uniform,0,3.1622776985168457,0.8677685950413223
uniform,5,0.0,0.5454545454545454
uniform,5,1.0,0.6611570247933884
uniform,0,17.72004508972168,1.0
uniform,5,8.062257766723633,1.0
uniform,5,7.280109882354736,1.0
uniform,5,7.280109882354736,1.0
uniform,5,6.324555397033691,1.0
uniform,5,4.0,0.9256198347107438
boundary,3,6.0,1.0
boundary,3,11.045360565185547,1.0
boundary,3,57.27128601074219,1.0
boundary,3,25.612497329711914,1.0
boundary,3,89.4930191040039,1.0
boundary,3,63.3876953125,1.0
boundary,3,50.35871505737305,1.0
boundary,3,3.1622776985168457,0.974025974025974
boundary,3,35.11410140991211,1.0
boundary,1,0.0,0.628099173553719
boundary,1,3.605551242828369,0.8888888888888888
boundary,1,5.0,1.0
boundary,1,5.385164737701416,1.0
boundary,1,8.062257766723633,1.0
boundary,1,0.0,0.5785123966942148
boundary,0,0.0,0.6198347107438017
boundary,1,1.4142135381698608,0.7107438016528925
boundary,0,2.8284270763397217,0.8099173553719008
boundary,1,2.0,0.71900826446281
boundary,0,7.071067810058594,1.0
boundary,2,15.81138801574707,1.0
boundary,0,10.198039054870605,1.0
boundary,0,3.605551242828369,0.9008264462809917
boundary,2,16.970561981201172,1.0
boundary,1,4.242640495300293,0.9173553719008265
boundary,0,3.605551242828369,0.9173553719008265
boundary,2,28.600698471069336,1.0
boundary,3,13.45362377166748,1.0
boundary,1,1.4142135381698608,0.6477272727272727
boundary,2,19.92485809326172,1.0
boundary,2,31.240999221801758,1.0
boundary,2,12.0,1.0
boundary,0,6.4031243324279785,1.0
boundary,2,28.600698471069336,1.0
boundary,2,61.61980056762695,1.0
boundary,2,7.6157732009887695,1.0
boundary,0,16.155494689941406,1.0
boundary,5,1.0,0.4793388429752066
boundary,5,1.0,0.6033057851239669
boundary,5,0.0,0.5619834710743802
boundary,5,1.0,0.6446280991735537
boundary,5,1.0,0.6363636363636364
boundary,2,60.20797348022461,1.0
boundary,5,3.1622776985168457,0.8181818181818182
boundary,5,1.0,0.6363636363636364
boundary,5,0.0,0.5454545454545454
boundary,5,6.324555397033691,1.0
boundary,0,1.4142135381698608,0.6942148760330579
boundary,5,3.605551242828369,0.8925619834710744
boundary,0,1.0,0.6704545454545454
interior,3,169.499267578125,1.0
interior,3,164.5964813232422,1.0
interior,3,130.03460693359375,1.0
interior,3,143.22360229492188,1.0
interior,3,130.78225708007812,1.0
interior,3,122.5887451171875,1.0
interior,3,128.09762573242188,1.0
interior,3,91.4439697265625,1.0
interior,3,73.0,1.0
interior,1,15.033296585083008,1.0
interior,1,16.492422103881836,1.0
interior,1,19.02629852294922,1.0
interior,1,23.53720474243164,1.0
interior,1,16.492422103881836,1.0
interior,1,20.124610900878906,1.0
interior,3,12.649110794067383,1.0
interior,1,15.81138801574707,1.0
interior,1,18.027755737304688,1.0
interior,1,4.0,0.9256198347107438
interior,2,9.848857879638672,1.0
interior,1,5.656854152679443,0.9752066115702479
interior,0,18.973665237426758,1.0
interior,0,19.697715759277344,1.0
interior,2,15.231546401977539,1.0
interior,0,18.788293838500977,1.0
interior,0,21.470911026000977,1.0
interior,0,27.294687271118164,1.0
interior,0,27.312999725341797,1.0
interior,2,53.26349639892578,1.0
interior,0,23.0867919921875,1.0
interior,0,32.98484420776367,1.0
interior,2,37.57658767700195,1.0
interior,0,30.08321762084961,1.0
interior,5,5.099019527435303,0.9752066115702479
interior,5,6.0,1.0
interior,5,5.0,0.9834710743801653
interior,5,10.198039054870605,1.0
interior,5,9.219544410705566,1.0
interior,5,9.486832618713379,1.0
interior,5,10.770329475402832,1.0
interior,2,59.66573715209961,1.0
interior,5,8.062257766723633,1.0
interior,5,5.830951690673828,1.0
interior,5,6.7082037925720215,1.0
interior,2,66.5732650756836,1.0
interior,2,22.135944366455078,1.0
interior,2,58.5918083190918,1.0
interior,2,86.02325439453125,1.0
interior,0,2.0,0.7603305785123967
interior,2,89.94442749023438,1.0
uniform,1,191.71853637695312,1.0
uniform,0,6.0,1.0
uniform,2,12.369317054748535,1.0
uniform,2,9.848857879638672,1.0
uniform,1,1.0,0.6115702479338843
uniform,1,151.0,1.0
uniform,1,1.4142135381698608,0.7107438016528925
uniform,1,102.31813049316406,1.0
uniform,2,21.189620971679688,1.0
uniform,1,130.75167846679688,1.0
uniform,2,0.0,0.6115702479338843
uniform,2,3.0,0.859504132231405
uniform,2,9.848857879638672,1.0
uniform,2,2.0,0.7520661157024794
uniform,5,1.0,0.5041322314049587
uniform,5,0.0,0.5371900826446281
uniform,5,2.0,0.6446280991735537
uniform,5,5.0,0.9834710743801653
uniform,1,13.892443656921387,1.0
uniform,5,10.0,1.0
uniform,5,6.0,1.0
uniform,5,11.0,1.0
uniform,1,62.96824645996094,1.0
uniform,5,6.0,1.0
uniform,5,6.324555397033691,1.0
uniform,5,3.0,0.8429752066115702
uniform,0,5.0,1.0
uniform,0,5.099019527435303,0.9834710743801653
uniform,2,5.385164737701416,0.9834710743801653
uniform,1,26.248809814453125,1.0
uniform,0,21.931713104248047,1.0
uniform,0,7.280109882354736,1.0
uniform,0,35.902645111083984,1.0
uniform,0,30.675724029541016,1.0
uniform,2,5.099019527435303,0.9834710743801653
uniform,1,17.464248657226562,1.0
uniform,0,13.0,1.0
uniform,0,13.152946472167969,1.0
uniform,0,1.4142135381698608,0.7355371900826446
uniform,3,6.4031243324279785,0.9917355371900827
uniform,3,14.142135620117188,1.0
uniform,4,4.0,0.8925619834710744
uniform,4,5.0,0.9752066115702479
uniform,4,4.123105525970459,0.9421487603305785
uniform,3,1.4142135381698608,0.6942148760330579
uniform,4,10.198039054870605,1.0
uniform,3,15.81138801574707,1.0
uniform,4,17.0,1.0
uniform,3,9.219544410705566,1.0
uniform,3,18.027755737304688,1.0
uniform,4,13.0,1.0
uniform,4,12.083045959472656,1.0
uniform,4,19.646883010864258,1.0
uniform,4,21.0,1.0
uniform,2,0.0,0.7272727272727273
uniform,3,25.612497329711914,1.0
uniform,4,10.770329475402832,1.0
uniform,3,13.34166431427002,1.0
uniform,3,9.486832618713379,1.0
uniform,3,20.880613327026367,1.0
boundary,1,51.865211486816406,1.0
boundary,2,0.0,0.5289256198347108
boundary,0,7.0,1.0
boundary,2,7.0,1.0
boundary,2,14.866068840026855,1.0
boundary,2,1.0,0.7272727272727273
boundary,5,0.0,0.5909090909090909
boundary,1,37.0,1.0
boundary,2,0.0,0.5619834710743802
boundary,5,1.4142135381698608,0.47107438016528924
boundary,0,5.0,0.9752066115702479
boundary,0,10.0,1.0
boundary,5,2.0,0.48760330578512395
boundary,5,1.0,0.4628099173553719
boundary,1,82.2982406616211,1.0
boundary,2,1.0,0.6528925619834711
boundary,2,1.4142135381698608,0.7355371900826446
boundary,1,82.07923126220703,1.0
boundary,5,1.0,0.512396694214876
boundary,0,4.4721360206604,0.9669421487603306
boundary,1,49.76947021484375,1.0
boundary,5,1.0,0.6611570247933884
boundary,5,2.0,0.7933884297520661
boundary,5,2.8284270763397217,0.7851239669421488
boundary,2,3.1622776985168457,0.8760330578512396
boundary,5,3.0,0.8347107438016529
boundary,5,1.0,0.6033057851239669
boundary,0,42.57933807373047,1.0
boundary,1,47.01063537597656,1.0
boundary,1,41.231056213378906,1.0
boundary,2,2.0,0.71900826446281
boundary,1,15.231546401977539,1.0
boundary,1,25.0,1.0
boundary,1,17.72004508972168,1.0
boundary,2,7.211102485656738,1.0
boundary,0,14.560219764709473,1.0
boundary,0,20.51828384399414,1.0
boundary,3,1.0,0.628099173553719
boundary,0,1.0,0.6033057851239669
boundary,0,20.2237491607666,1.0
boundary,3,6.324555397033691,1.0
boundary,3,9.219544410705566,1.0
boundary,4,1.0,0.5950413223140496
boundary,4,3.0,0.8016528925619835
boundary,4,3.0,0.768595041322314
boundary,4,2.0,0.7024793388429752
boundary,4,2.8284270763397217,0.7851239669421488
boundary,3,0.0,0.6115702479338843
boundary,4,1.0,0.696969696969697
boundary,4,4.123105525970459,0.9504132231404959
boundary,4,4.4721360206604,0.9797979797979798
boundary,0,6.324555397033691,1.0
boundary,3,4.123105525970459,0.9421487603305785
boundary,4,8.246211051940918,1.0
boundary,3,4.123105525970459,0.9421487603305785
boundary,3,8.5440034866333,1.0
boundary,3,7.071067810058594,1.0
boundary,4,0.0,0.5050505050505051
boundary,3,1.0,0.36363636363636365
boundary,3,0.0,0.19696969696969696
interior,1,157.8131866455078,1.0
interior,2,13.892443656921387,1.0
interior,1,155.80116271972656,1.0
interior,2,21.189620971679688,1.0
interior,2,18.973665237426758,1.0
interior,2,13.416407585144043,1.0
interior,2,23.409399032592773,1.0
interior,1,165.08180236816406,1.0
interior,2,13.0,1.0
interior,1,164.14932250976562,1.0
interior,1,141.73919677734375,1.0
interior,2,25.961509704589844,1.0
interior,1,146.0,1.0
interior,2,18.11077117919922,1.0
interior,2,20.124610900878906,1.0
interior,2,21.095022201538086,1.0
interior,1,126.0,1.0
interior,1,119.97083282470703,1.0
interior,5,0.0,0.4628099173553719
interior,1,83.81526947021484,1.0
interior,5,2.0,0.7933884297520661
interior,5,3.1622776985168457,0.8677685950413223
interior,5,9.0,1.0
interior,5,11.704699516296387,1.0
interior,5,13.152946472167969,1.0
interior,0,12.165525436401367,1.0
interior,5,12.0,1.0
interior,5,8.5440034866333,1.0
interior,5,5.385164737701416,1.0
interior,1,44.59820556640625,1.0
interior,5,1.0,0.6033057851239669
interior,0,39.560081481933594,1.0
interior,0,59.9416389465332,1.0
interior,0,59.66573715209961,1.0
interior,0,38.01315689086914,1.0
interior,0,54.120235443115234,1.0
interior,0,48.3735466003418,1.0
interior,0,28.635643005371094,1.0
interior,0,48.82622146606445,1.0
interior,3,8.485280990600586,1.0
interior,0,10.770329475402832,1.0
interior,4,10.0,1.0
interior,3,15.264337539672852,1.0
interior,3,21.21320343017578,1.0
interior,3,13.892443656921387,1.0
interior,4,16.0,1.0
interior,3,22.472204208374023,1.0
interior,4,17.464248657226562,1.0
interior,4,19.0,1.0
interior,4,19.02629852294922,1.0
interior,4,19.235383987426758,1.0
interior,3,19.235383987426758,1.0
interior,3,25.806976318359375,1.0
interior,4,20.099750518798828,1.0
interior,4,20.099750518798828,1.0
interior,3,23.853721618652344,1.0
interior,3,29.832868576049805,1.0
interior,4,23.194826126098633,1.0
interior,4,22.472204208374023,1.0
interior,3,15.231546401977539,1.0
uniform,1,166.57130432128906,1.0
uniform,2,13.34166431427002,1.0
uniform,1,73.53910827636719,1.0
uniform,2,1.0,0.6694214876033058
uniform,2,22.472204208374023,1.0
uniform,2,10.049875259399414,1.0
uniform,2,10.816654205322266,1.0
uniform,2,11.0,1.0
uniform,1,60.083274841308594,1.0
uniform,1,130.015380859375,1.0
uniform,5,0.0,0.5909090909090909
uniform,0,6.0,1.0
uniform,2,2.8284270763397217,0.8429752066115702
uniform,2,7.8102498054504395,1.0
uniform,2,4.0,0.9173553719008265
uniform,1,84.8646011352539,1.0
uniform,0,7.6157732009887695,1.0
uniform,0,1.0,0.6446280991735537
uniform,5,0.0,0.6694214876033058
uniform,5,1.0,0.6033057851239669
uniform,5,2.0,0.7272727272727273
uniform,5,9.05538558959961,1.0
uniform,2,6.7082037925720215,1.0
uniform,1,48.703182220458984,1.0
uniform,5,8.0,1.0
uniform,5,5.099019527435303,1.0
uniform,5,8.0,1.0
uniform,5,3.1622776985168457,0.8677685950413223
uniform,5,2.0,0.7603305785123967
uniform,1,36.67424011230469,1.0
uniform,0,9.486832618713379,1.0
uniform,1,20.248456954956055,1.0
uniform,1,42.04759216308594,1.0
uniform,0,51.97114562988281,1.0
uniform,1,2.2360680103302,0.8016528925619835
uniform,0,26.925823211669922,1.0
uniform,0,49.47726821899414,1.0
uniform,0,5.385164737701416,0.9917355371900827
uniform,0,27.018512725830078,1.0
uniform,3,2.2360680103302,0.8016528925619835
uniform,0,17.464248657226562,1.0
uniform,4,6.0,1.0
uniform,3,17.20465087890625,1.0
uniform,4,2.0,0.7520661157024794
uniform,4,7.071067810058594,1.0
uniform,4,10.0,1.0
uniform,4,1.0,0.5950413223140496
uniform,3,6.7082037925720215,1.0
uniform,3,11.313708305358887,1.0
uniform,3,1.4142135381698608,0.6942148760330579
uniform,4,11.0,1.0
uniform,4,13.152946472167969,1.0
uniform,4,14.0,1.0
uniform,4,7.071067810058594,1.0
uniform,3,19.84943389892578,1.0
uniform,3,3.0,0.8512396694214877
uniform,4,20.39607810974121,1.0
uniform,3,7.6157732009887695,1.0
uniform,3,20.615528106689453,1.0
uniform,3,18.384777069091797,1.0
boundary,0,5.0,0.9834710743801653
boundary,2,1.4142135381698608,0.7024793388429752
boundary,2,11.045360565185547,1.0
boundary,5,0.0,0.5702479338842975
boundary,5,0.0,0.5537190082644629
boundary,2,1.0,0.6528925619834711
boundary,2,1.4142135381698608,0.6859504132231405
boundary,2,0.0,0.5867768595041323
boundary,1,60.74536895751953,1.0
boundary,0,0.0,0.5206611570247934
boundary,5,2.0,0.48760330578512395
boundary,5,1.0,0.5867768595041323
boundary,1,5.830951690673828,1.0
boundary,1,2.2360680103302,0.7768595041322314
boundary,0,12.041594505310059,1.0
boundary,1,58.52349853515625,1.0
boundary,2,2.8284270763397217,0.8099173553719008
boundary,0,10.440306663513184,1.0
boundary,5,0.0,0.5785123966942148
boundary,2,0.0,0.5206611570247934
boundary,0,5.385164737701416,1.0
boundary,5,5.0,1.0
boundary,5,2.2360680103302,0.7768595041322314
boundary,1,52.801513671875,1.0
boundary,1,37.947330474853516,1.0
boundary,5,1.0,0.6694214876033058
boundary,5,1.0,0.6363636363636364
boundary,5,0.0,0.5785123966942148
boundary,2,1.0,0.6446280991735537
boundary,0,3.605551242828369,0.8925619834710744
boundary,1,0.0,0.5206611570247934
boundary,2,1.0,0.628099173553719
boundary,0,41.43669891357422,1.0
boundary,1,5.0,0.9752066115702479
boundary,1,17.464248657226562,1.0
boundary,0,19.416488647460938,1.0
boundary,1,5.0,0.9669421487603306
boundary,2,0.0,0.5454545454545454
boundary,0,53.26349639892578,1.0
boundary,3,2.8284270763397217,0.7636363636363637
boundary,3,2.8284270763397217,0.8099173553719008
boundary,4,0.0,0.49586776859504134
boundary,4,0.0,0.5041322314049587
boundary,4,0.0,0.5206611570247934
boundary,3,15.0,1.0
boundary,4,6.0,1.0
boundary,4,6.0,1.0
boundary,4,8.0,1.0
boundary,3,4.123105525970459,0.9421487603305785
boundary,4,2.2360680103302,0.7768595041322314
boundary,4,3.0,0.859504132231405
boundary,0,0.0,0.5289256198347108
boundary,3,2.0,0.71900826446281
boundary,3,16.155494689941406,1.0
boundary,4,0.0,0.4909090909090909
boundary,3,1.0,0.6272727272727273
boundary,3,8.246211051940918,1.0
boundary,3,8.9442720413208,1.0
boundary,3,1.0,0.5568181818181818
boundary,4,2.2360680103302,0.7272727272727273
interior,1,162.11724853515625,1.0
interior,1,176.97740173339844,1.0
interior,1,163.2727813720703,1.0
interior,1,162.11724853515625,1.0
interior,1,153.32644653320312,1.0
interior,2,26.925823211669922,1.0
interior,2,18.357559204101562,1.0
interior,1,127.0157470703125,1.0
interior,1,147.27525329589844,1.0
interior,2,17.0,1.0
interior,2,20.615528106689453,1.0
interior,2,11.401754379272461,1.0
interior,2,16.970561981201172,1.0
interior,1,125.71794128417969,1.0
interior,2,11.313708305358887,1.0
interior,5,2.8284270763397217,0.7851239669421488
interior,2,9.219544410705566,1.0
interior,1,74.84651184082031,1.0
interior,5,10.0,1.0
interior,5,11.704699516296387,1.0
interior,5,12.0,1.0
interior,5,13.152946472167969,1.0
interior,5,12.165525436401367,1.0
interior,5,12.0,1.0
interior,5,10.049875259399414,1.0
interior,5,9.0,1.0
interior,5,5.0,1.0
interior,1,27.166154861450195,1.0
interior,2,5.830951690673828,1.0
interior,0,29.96664810180664,1.0
interior,0,57.775428771972656,1.0
interior,0,52.40229034423828,1.0
interior,0,58.52349853515625,1.0
interior,0,53.33854293823242,1.0
interior,0,53.037723541259766,1.0
interior,2,5.0,0.9834710743801653
interior,0,46.173583984375,1.0
interior,0,53.75872039794922,1.0
interior,0,48.332183837890625,1.0
interior,3,3.1622776985168457,0.859504132231405
interior,4,8.5440034866333,1.0
interior,4,2.0,0.743801652892562
interior,3,5.0,0.9752066115702479
interior,4,16.0,1.0
interior,3,9.219544410705566,1.0
interior,3,19.235383987426758,1.0
interior,3,24.413110733032227,1.0
interior,3,16.492422103881836,1.0
interior,4,18.973665237426758,1.0
interior,4,20.615528106689453,1.0
interior,0,3.605551242828369,0.9696969696969697
interior,3,12.649110794067383,1.0
interior,3,17.72004508972168,1.0
interior,4,19.10497283935547,1.0
interior,4,19.416488647460938,1.0
interior,4,19.92485809326172,1.0
interior,3,16.76305389404297,1.0
interior,4,20.2237491607666,1.0
interior,4,20.615528106689453,1.0
interior,3,20.248456954956055,1.0
uniform,0,2.0,0.7603305785123967
uniform,2,22.803508758544922,1.0
uniform,2,16.492422103881836,1.0
uniform,2,25.0,1.0
uniform,1,136.8575897216797,1.0
uniform,1,15.81138801574707,1.0
uniform,1,136.23509216308594,1.0
uniform,2,16.76305389404297,1.0
uniform,1,62.62587356567383,1.0
uniform,2,11.0,1.0
uniform,2,10.198039054870605,1.0
uniform,2,18.867961883544922,1.0
uniform,2,5.099019527435303,1.0
uniform,2,14.764822959899902,1.0
uniform,1,125.71794128417969,1.0
uniform,1,119.40267944335938,1.0
uniform,5,1.0,0.6883116883116883
uniform,5,4.0,0.7355371900826446
uniform,5,0.0,0.5537190082644629
uniform,5,1.0,0.4380165289256198
uniform,0,1.0,0.6611570247933884
uniform,0,17.11724281311035,1.0
uniform,1,46.173583984375,1.0
uniform,1,25.942243576049805,1.0
uniform,5,3.0,0.8429752066115702
uniform,5,4.123105525970459,0.9421487603305785
uniform,5,9.0,1.0
uniform,5,5.0,1.0
uniform,5,2.0,0.743801652892562
uniform,5,2.0,0.7070707070707071
uniform,0,1.0,0.5950413223140496
uniform,1,6.082762718200684,1.0
uniform,0,65.05382537841797,1.0
uniform,1,18.973665237426758,1.0
uniform,0,15.81138801574707,1.0
uniform,0,34.71310806274414,1.0
uniform,0,28.635643005371094,1.0
uniform,0,5.0,0.9752066115702479
uniform,3,2.8284270763397217,0.7636363636363637
uniform,3,5.0,0.9669421487603306
uniform,0,21.840330123901367,1.0
uniform,4,0.0,0.5785123966942148
uniform,3,2.0,0.7520661157024794
uniform,4,2.0,0.7024793388429752
uniform,4,0.0,0.5537190082644629
uniform,3,0.0,0.512396694214876
uniform,4,2.0,0.7520661157024794
uniform,4,9.0,1.0
uniform,4,11.0,1.0
uniform,4,11.0,1.0
uniform,3,8.246211051940918,1.0
uniform,3,17.69180679321289,1.0
uniform,4,0.0,0.5206611570247934
uniform,3,6.324555397033691,1.0
uniform,4,17.029386520385742,1.0
uniform,2,2.0,0.6666666666666666
uniform,3,25.612497329711914,1.0
uniform,4,20.0,1.0
uniform,3,16.155494689941406,1.0
uniform,3,26.07680892944336,1.0
boundary,2,3.0,0.7840909090909091
boundary,2,3.605551242828369,0.9008264462809917
boundary,1,20.59126091003418,1.0
boundary,1,23.25940704345703,1.0
boundary,1,1.4142135381698608,0.7024793388429752
boundary,2,17.804492950439453,1.0
boundary,2,0.0,0.5454545454545454
boundary,0,5.656854152679443,0.9834710743801653
boundary,5,0.0,0.5371900826446281
boundary,2,2.0,0.743801652892562
boundary,1,36.055511474609375,1.0
boundary,1,66.70832061767578,1.0
boundary,1,4.123105525970459,0.9421487603305785
boundary,1,89.05054473876953,1.0
boundary,0,2.0,0.768595041322314
boundary,5,0.0,0.5206611570247934
boundary,0,7.280109882354736,1.0
boundary,2,2.8284270763397217,0.8264462809917356
boundary,5,0.0,0.5206611570247934
boundary,5,6.0,1.0
boundary,5,2.0,0.7603305785123967
boundary,5,0.0,0.5041322314049587
boundary,5,6.324555397033691,1.0
boundary,0,16.0,1.0
boundary,5,7.071067810058594,1.0
boundary,1,54.230987548828125,1.0
boundary,5,5.0,1.0
boundary,5,0.0,0.5785123966942148
boundary,1,44.777225494384766,1.0
boundary,2,2.0,0.743801652892562
boundary,2,6.7082037925720215,1.0
boundary,2,3.0,0.8512396694214877
boundary,0,4.123105525970459,0.9338842975206612
boundary,1,22.135944366455078,1.0
boundary,2,1.0,0.6776859504132231
boundary,0,8.5440034866333,1.0
boundary,0,3.0,0.859504132231405
boundary,3,3.605551242828369,0.8441558441558441
boundary,3,4.123105525970459,0.9090909090909091
boundary,0,9.05538558959961,1.0
boundary,3,1.0,0.6363636363636364
boundary,3,9.848857879638672,1.0
boundary,4,0.0,0.5702479338842975
boundary,4,1.0,0.628099173553719
boundary,0,0.0,0.48484848484848486
boundary,4,3.0,0.768595041322314
boundary,4,3.0,0.8264462809917356
boundary,4,4.0,0.8909090909090909
boundary,4,4.0,0.9504132231404959
boundary,4,5.830951690673828,1.0
boundary,0,17.464248657226562,1.0
boundary,3,0.0,0.5454545454545454
boundary,3,20.808652877807617,1.0
boundary,3,5.0,0.9752066115702479
boundary,4,14.0,1.0
boundary,3,4.0,0.9256198347107438
boundary,4,9.848857879638672,1.0
boundary,4,1.0,0.5818181818181818
boundary,3,0.0,0.41414141414141414
boundary,3,0.0,0.36363636363636365
interior,2,19.646883010864258,1.0
interior,2,7.280109882354736,1.0
interior,1,184.0244598388672,1.0
interior,2,19.646883010864258,1.0
interior,2,22.360679626464844,1.0
interior,2,15.81138801574707,1.0
interior,2,18.384777069091797,1.0
interior,1,133.19534301757812,1.0
interior,1,125.93649291992188,1.0
interior,1,162.4838409423828,1.0
interior,1,150.88075256347656,1.0
interior,1,152.0,1.0
interior,2,21.954498291015625,1.0
interior,2,20.0,1.0
interior,2,16.278820037841797,1.0
interior,2,11.313708305358887,1.0
interior,1,74.94664764404297,1.0
interior,1,68.3081283569336,1.0
interior,5,8.062257766723633,1.0
interior,5,8.5440034866333,1.0
interior,5,8.5440034866333,1.0
interior,5,11.0,1.0
interior,5,12.0,1.0
interior,5,11.0,1.0
interior,5,10.770329475402832,1.0
interior,5,10.0,1.0
interior,5,8.246211051940918,1.0
interior,5,8.9442720413208,1.0
interior,1,26.0,1.0
interior,1,35.735137939453125,1.0
interior,0,34.78505325317383,1.0
interior,0,34.828147888183594,1.0
interior,0,60.20797348022461,1.0
interior,0,55.973209381103516,1.0
interior,0,48.0,1.0
interior,0,53.48831558227539,1.0
interior,0,44.0113639831543,1.0
interior,3,6.324555397033691,1.0
interior,0,43.65776062011719,1.0
interior,3,12.529964447021484,1.0
interior,4,5.0,0.9917355371900827
interior,3,16.970561981201172,1.0
interior,4,8.0,1.0
interior,4,6.7082037925720215,1.0
interior,0,23.76972770690918,1.0
interior,0,35.44009017944336,1.0
interior,4,14.0,1.0
interior,3,25.0,1.0
interior,3,15.231546401977539,1.0
interior,4,16.278820037841797,1.0
interior,3,13.928388595581055,1.0
interior,3,27.80287742614746,1.0
interior,4,19.10497283935547,1.0
interior,4,22.203603744506836,1.0
interior,3,14.866068840026855,1.0
interior,4,22.0,1.0
interior,4,23.0,1.0
interior,4,14.866068840026855,1.0
interior,3,18.681541442871094,1.0
interior,3,21.840330123901367,1.0
uniform,1,145.83895874023438,1.0
uniform,2,7.280109882354736,1.0
uniform,2,9.486832618713379,1.0
uniform,1,96.13532257080078,1.0
uniform,2,1.4142135381698608,0.8099173553719008
uniform,2,12.165525436401367,1.0
uniform,1,151.48927307128906,1.0
uniform,1,126.46343231201172,1.0
uniform,1,142.57980346679688,1.0
uniform,2,19.0,1.0
uniform,1,105.9480972290039,1.0
uniform,2,13.34166431427002,1.0
uniform,5,1.0,0.6464646464646465
uniform,2,4.4721360206604,0.9421487603305785
uniform,1,29.154760360717773,1.0
uniform,2,0.0,0.5289256198347108
uniform,2,4.4721360206604,0.9504132231404959
uniform,5,0.0,0.5785123966942148
uniform,0,16.031219482421875,1.0
uniform,5,0.0,0.5681818181818182
uniform,5,6.0,1.0
uniform,5,5.830951690673828,1.0
uniform,1,36.67424011230469,1.0
uniform,5,10.0,1.0
uniform,5,4.0,0.9008264462809917
uniform,5,13.0,1.0
uniform,5,0.0,0.4049586776859504
uniform,5,2.0,0.7
uniform,0,37.53664779663086,1.0
uniform,0,47.53945541381836,1.0
uniform,1,9.486832618713379,1.0
uniform,1,16.552946090698242,1.0
uniform,2,7.071067810058594,1.0
uniform,0,22.135944366455078,1.0
uniform,0,42.01190185546875,1.0
uniform,0,1.0,0.5950413223140496
uniform,0,0.0,0.5867768595041323
uniform,0,10.198039054870605,1.0
uniform,0,13.0,1.0
uniform,3,5.0,0.9669421487603306
uniform,3,2.2360680103302,0.7768595041322314
uniform,4,1.0,0.4132231404958678
uniform,3,15.55634880065918,1.0
uniform,0,4.0,0.9256198347107438
uniform,4,4.0,0.8842975206611571
uniform,3,12.041594505310059,1.0
uniform,4,11.0,1.0
uniform,4,11.704699516296387,1.0
uniform,4,12.0,1.0
uniform,4,3.605551242828369,0.9090909090909091
uniform,3,7.6157732009887695,1.0
uniform,3,25.495098114013672,1.0
uniform,4,3.1622776985168457,0.8545454545454545
uniform,3,1.0,0.5909090909090909
uniform,3,17.464248657226562,1.0
uniform,4,22.0,1.0
uniform,3,13.0,1.0
uniform,4,22.360679626464844,1.0
uniform,4,20.615528106689453,1.0
uniform,3,24.59674835205078,1.0
boundary,1,1.4142135381698608,0.7107438016528925
boundary,0,1.0,0.6033057851239669
boundary,1,47.12748718261719,1.0
boundary,1,56.64803695678711,1.0
boundary,1,8.9442720413208,1.0
boundary,2,6.4031243324279785,1.0
boundary,2,5.0,0.9752066115702479
boundary,2,6.7082037925720215,1.0
boundary,2,3.605551242828369,0.9256198347107438
boundary,5,1.0,0.628099173553719
boundary,5,3.0,0.8016528925619835
boundary,5,0.0,0.4462809917355372
boundary,0,4.242640495300293,0.9256198347107438
boundary,1,18.384777069091797,1.0
boundary,2,2.8284270763397217,0.8099173553719008
boundary,1,83.38465118408203,1.0
boundary,0,4.123105525970459,0.9586776859504132
boundary,2,2.2360680103302,0.7933884297520661
boundary,5,0.0,0.38016528925619836
boundary,2,0.0,0.5619834710743802
boundary,2,5.0,0.9834710743801653
boundary,0,6.0,1.0
boundary,5,0.0,0.5681818181818182
boundary,5,4.123105525970459,0.9586776859504132
boundary,5,4.0,0.9008264462809917
boundary,2,1.0,0.6033057851239669
boundary,5,4.0,0.8925619834710744
boundary,5,1.0,0.6115702479338843
boundary,1,51.4781494140625,1.0
boundary,5,0.0,0.5181818181818182
boundary,1,28.160255432128906,1.0
boundary,0,25.317977905273438,1.0
boundary,1,31.016124725341797,1.0
boundary,1,31.95309066772461,1.0
boundary,0,6.7082037925720215,1.0
boundary,2,0.0,0.371900826446281
boundary,0,2.2360680103302,0.7603305785123967
boundary,0,23.0,1.0
boundary,0,10.0,1.0
boundary,3,2.8284270763397217,0.7636363636363637
boundary,3,2.2360680103302,0.768595041322314
boundary,4,0.0,0.5289256198347108
boundary,3,7.8102498054504395,1.0
boundary,4,1.0,0.5537190082644629
boundary,3,0.0,0.5619834710743802
boundary,4,0.0,0.6060606060606061
boundary,3,14.866068840026855,1.0
boundary,3,2.2360680103302,0.8181818181818182
boundary,4,5.0,1.0
boundary,4,3.1622776985168457,0.8760330578512396
boundary,4,7.0,1.0
boundary,0,41.231056213378906,1.0
boundary,3,1.0,0.6363636363636364
boundary,4,10.0,1.0
boundary,3,2.8284270763397217,0.8347107438016529
boundary,4,14.142135620117188,1.0
boundary,4,7.280109882354736,1.0
boundary,3,21.260292053222656,1.0
boundary,3,0.0,0.5371900826446281
boundary,4,1.0,0.6233766233766234
interior,1,119.2182846069336,1.0
interior,1,82.54090118408203,1.0
interior,0,10.0,1.0
interior,1,160.25604248046875,1.0
interior,2,22.472204208374023,1.0
interior,2,5.0,0.9752066115702479
interior,2,23.76972770690918,1.0
interior,1,117.0469970703125,1.0
interior,1,144.2220458984375,1.0
interior,2,26.172504425048828,1.0
interior,1,76.69419860839844,1.0
interior,1,138.43771362304688,1.0
interior,2,19.0,1.0
interior,2,15.0,1.0
interior,2,18.601076126098633,1.0
interior,1,124.06449890136719,1.0
interior,2,13.601470947265625,1.0
interior,1,117.54573822021484,1.0
interior,2,4.123105525970459,0.9338842975206612
interior,0,13.0,1.0
interior,0,15.620499610900879,1.0
interior,2,2.0,0.768595041322314
interior,5,7.0,1.0
interior,5,10.0,1.0
interior,5,11.0,1.0
interior,5,12.0,1.0
interior,5,13.601470947265625,1.0
interior,5,13.34166431427002,1.0
interior,5,12.0,1.0
interior,5,7.0,1.0
interior,5,6.324555397033691,1.0
interior,5,6.0,1.0
interior,1,48.332183837890625,1.0
interior,0,51.0,1.0
interior,0,57.982757568359375,1.0
interior,0,42.01190185546875,1.0
interior,0,15.65247631072998,1.0
interior,0,36.619667053222656,1.0
interior,3,15.264337539672852,1.0
interior,3,18.027755737304688,1.0
interior,0,43.011627197265625,1.0
interior,4,14.0,1.0
interior,4,12.165525436401367,1.0
interior,4,8.246211051940918,1.0
interior,4,15.29705810546875,1.0
interior,4,14.03566837310791,1.0
interior,4,8.062257766723633,1.0
interior,3,20.615528106689453,1.0
interior,3,17.464248657226562,1.0
interior,0,33.13608169555664,1.0
interior,3,20.59126091003418,1.0
interior,4,21.0,1.0
interior,4,19.92485809326172,1.0
interior,3,16.492422103881836,1.0
interior,4,17.464248657226562,1.0
interior,3,31.890438079833984,1.0
interior,4,22.0,1.0
interior,3,17.0880069732666,1.0
interior,3,27.20294189453125,1.0
interior,3,29.681644439697266,1.0
uniform,2,16.278820037841797,1.0
uniform,1,15.81138801574707,1.0
uniform,0,4.0,0.9338842975206612
uniform,1,91.38927459716797,1.0
uniform,2,12.0,1.0
uniform,2,1.0,0.7272727272727273
uniform,2,4.4721360206604,0.9586776859504132
uniform,2,13.03840446472168,1.0
uniform,1,2.0,0.7272727272727273
uniform,2,15.231546401977539,1.0
uniform,5,1.0,0.6090909090909091
uniform,5,1.0,0.6611570247933884
uniform,5,1.4142135381698608,0.6859504132231405
uniform,1,94.70480346679688,1.0
uniform,2,5.656854152679443,0.9752066115702479
uniform,5,2.0,0.6198347107438017
uniform,0,12.369317054748535,1.0
uniform,5,2.0,0.628099173553719
uniform,1,64.0078125,1.0
uniform,1,62.00806427001953,1.0
uniform,5,0.0,0.512396694214876
uniform,1,64.07807922363281,1.0
uniform,5,3.0,0.8429752066115702
uniform,5,9.848857879638672,1.0
uniform,5,4.0,0.9008264462809917
uniform,5,3.1622776985168457,0.8677685950413223
uniform,0,44.59820556640625,1.0
uniform,2,4.4721360206604,0.9504132231404959
uniform,1,44.777225494384766,1.0
uniform,1,24.1867733001709,1.0
uniform,0,39.357337951660156,1.0
uniform,0,37.947330474853516,1.0
uniform,2,2.0,0.768595041322314
uniform,0,45.35416030883789,1.0
uniform,0,35.0142822265625,1.0
uniform,0,12.083045959472656,1.0
uniform,1,1.0,0.6694214876033058
uniform,2,2.2360680103302,0.7933884297520661
uniform,0,38.327537536621094,1.0
uniform,0,17.72004508972168,1.0
uniform,4,0.0,0.5785123966942148
uniform,4,7.0,1.0
uniform,4,7.280109882354736,1.0
uniform,4,3.1622776985168457,0.8760330578512396
uniform,4,8.0,1.0
uniform,3,16.401220321655273,1.0
uniform,3,2.0,0.7603305785123967
uniform,3,5.385164737701416,0.9917355371900827
uniform,4,10.0,1.0
uniform,3,14.764822959899902,1.0
uniform,4,11.0,1.0
uniform,3,3.605551242828369,0.9090909090909091
uniform,3,10.198039054870605,1.0
uniform,4,6.082762718200684,1.0
uniform,3,3.605551242828369,0.9008264462809917
uniform,3,8.9442720413208,1.0
uniform,4,17.72004508972168,1.0
uniform,3,8.5440034866333,1.0
uniform,3,14.317821502685547,1.0
uniform,4,3.605551242828369,0.8686868686868687
boundary,2,12.0,1.0
boundary,2,4.123105525970459,0.9338842975206612
boundary,2,2.2360680103302,0.7851239669421488
boundary,1,99.6242904663086,1.0
boundary,2,2.8284270763397217,0.9008264462809917
boundary,2,2.0,0.768595041322314
boundary,2,4.0,0.9504132231404959
boundary,0,9.848857879638672,1.0
boundary,2,9.433980941772461,1.0
boundary,5,0.0,0.5041322314049587
boundary,1,1.0,0.6776859504132231
boundary,5,1.0,0.6694214876033058
boundary,5,1.0,0.6446280991735537
boundary,5,1.0,0.6115702479338843
boundary,5,1.0,0.5606060606060606
boundary,1,14.560219764709473,1.0
boundary,0,14.142135620117188,1.0
boundary,2,2.8284270763397217,0.8512396694214877
boundary,5,2.0,0.6033057851239669
boundary,2,3.605551242828369,0.8925619834710744
boundary,1,18.973665237426758,1.0
boundary,1,4.4721360206604,0.9504132231404959
boundary,5,0.0,0.5206611570247934
boundary,5,1.4142135381698608,0.7933884297520661
boundary,5,1.0,0.5785123966942148
boundary,1,68.3520278930664,1.0
boundary,5,6.0,1.0
boundary,0,11.045360565185547,1.0
boundary,1,12.529964447021484,1.0
boundary,1,13.928388595581055,1.0
boundary,1,7.6157732009887695,1.0
boundary,0,7.6157732009887695,1.0
boundary,1,0.0,0.4793388429752066
boundary,0,46.87216567993164,1.0
boundary,2,0.0,0.33884297520661155
boundary,0,12.083045959472656,1.0
boundary,0,2.0,0.7520661157024794
boundary,3,0.0,0.5619834710743802
boundary,3,1.0,0.6363636363636364
boundary,4,0.0,0.49586776859504134
boundary,0,8.0,1.0
boundary,4,2.0,0.7603305785123967
boundary,4,1.0,0.7012987012987013
boundary,4,3.0,0.8099173553719008
boundary,4,3.605551242828369,0.9090909090909091
boundary,4,4.4721360206604,0.9669421487603306
boundary,4,8.0,1.0
boundary,4,1.0,0.6611570247933884
boundary,3,2.0,0.7603305785123967
boundary,4,8.0,1.0
boundary,3,0.0,0.5454545454545454
boundary,3,1.0,0.6776859504132231
boundary,0,28.160255432128906,1.0
boundary,3,5.830951690673828,1.0
boundary,3,10.198039054870605,1.0
boundary,4,17.0,1.0
boundary,0,27.459060668945312,1.0
boundary,3,4.4721360206604,0.9393939393939394
boundary,3,10.770329475402832,1.0
boundary,3,6.082762718200684,1.0
interior,1,151.5387725830078,1.0
interior,2,19.92485809326172,1.0
interior,2,23.76972770690918,1.0
interior,2,23.409399032592773,1.0
interior,1,135.6797637939453,1.0
interior,1,151.1588592529297,1.0
interior,2,19.79899024963379,1.0
interior,2,22.0,1.0
interior,1,140.00357055664062,1.0
interior,1,141.05673217773438,1.0
interior,2,21.587032318115234,1.0
interior,2,22.135944366455078,1.0
interior,1,17.0,1.0
interior,5,3.0,0.8016528925619835
interior,2,7.071067810058594,1.0
interior,2,3.605551242828369,0.9090909090909091
interior,5,2.0,0.5785123966942148
interior,2,2.2360680103302,0.7768595041322314
interior,1,88.86506652832031,1.0
interior,5,0.0,0.5289256198347108
interior,0,22.022714614868164,1.0
interior,5,2.0,0.5702479338842975
interior,1,69.46221923828125,1.0
interior,5,9.219544410705566,1.0
interior,5,13.0,1.0
interior,5,13.03840446472168,1.0
interior,5,7.071067810058594,1.0
interior,5,2.8284270763397217,0.7851239669421488
interior,5,0.0,0.5041322314049587
interior,1,30.870698928833008,1.0
interior,0,17.0,1.0
interior,0,52.15361785888672,1.0
interior,1,8.5440034866333,1.0
interior,0,58.52349853515625,1.0
interior,0,53.0,1.0
interior,0,57.0,1.0
interior,0,58.0,1.0
interior,0,29.0,1.0
interior,0,48.703182220458984,1.0
interior,0,54.20331954956055,1.0
interior,4,2.0,0.7355371900826446
interior,4,8.0,1.0
interior,3,20.0,1.0
interior,4,11.704699516296387,1.0
interior,3,22.803508758544922,1.0
interior,4,14.03566837310791,1.0
interior,4,14.142135620117188,1.0
interior,3,26.4007568359375,1.0
interior,4,16.0,1.0
interior,4,17.262676239013672,1.0
interior,3,28.284271240234375,1.0
interior,3,10.440306663513184,1.0
interior,3,24.413110733032227,1.0
interior,4,20.0,1.0
interior,4,22.203603744506836,1.0
interior,3,28.301942825317383,1.0
interior,4,22.360679626464844,1.0
interior,3,14.560219764709473,1.0
interior,3,22.135944366455078,1.0
interior,3,26.07680892944336,1.0
uniform,3,39.357337951660156,1.0
uniform,3,10.770329475402832,1.0
uniform,3,35.7770881652832,1.0
uniform,3,59.40538787841797,1.0
uniform,2,10.770329475402832,1.0
uniform,3,12.727922439575195,1.0
uniform,2,5.656854152679443,0.9752066115702479
uniform,0,5.830951690673828,1.0
uniform,0,7.071067810058594,1.0
uniform,0,6.324555397033691,1.0
uniform,0,13.152946472167969,1.0
uniform,0,3.0,0.8347107438016529
uniform,2,32.526912689208984,1.0
uniform,2,46.66904830932617,1.0
uniform,0,10.198039054870605,1.0
uniform,0,13.152946472167969,1.0
uniform,2,26.4007568359375,1.0
uniform,0,9.433980941772461,1.0
uniform,0,0.0,0.5041322314049587
uniform,0,2.8284270763397217,0.8512396694214877
uniform,2,18.357559204101562,1.0
uniform,2,77.98717498779297,1.0
uniform,3,50.15974426269531,1.0
uniform,3,23.323806762695312,1.0
uniform,2,31.906112670898438,1.0
uniform,3,15.81138801574707,1.0
uniform,2,47.50789260864258,1.0
uniform,2,30.610456466674805,1.0
uniform,1,0.0,0.10606060606060606
uniform,1,0.0,0.12121212121212122
uniform,3,76.55716705322266,1.0
uniform,1,0.0,0.22727272727272727
uniform,1,0.0,0.24242424242424243
uniform,1,0.0,0.22077922077922077
uniform,1,0.0,0.23376623376623376
uniform,1,1.0,0.3484848484848485
uniform,1,1.0,0.3939393939393939
uniform,3,38.63935852050781,1.0
uniform,1,2.0,0.4393939393939394
uniform,1,1.0,0.3958333333333333
boundary,3,3.1622776985168457,0.859504132231405
boundary,3,3.605551242828369,0.8677685950413223
boundary,3,19.10497283935547,1.0
boundary,3,18.027755737304688,1.0
boundary,3,13.34166431427002,1.0
boundary,3,13.45362377166748,1.0
boundary,0,3.1622776985168457,0.8677685950413223
boundary,0,6.0,1.0
boundary,2,15.81138801574707,1.0
boundary,0,1.0,0.6033057851239669
boundary,0,0.0,0.5619834710743802
boundary,0,0.0,0.5702479338842975
boundary,0,1.0,0.6528925619834711
boundary,3,7.8102498054504395,1.0
boundary,2,7.071067810058594,1.0
boundary,0,0.0,0.5537190082644629
boundary,0,13.601470947265625,1.0
boundary,0,1.0,0.6446280991735537
boundary,2,20.51828384399414,1.0
boundary,2,12.041594505310059,1.0
boundary,0,0.0,0.5371900826446281
boundary,3,15.65247631072998,1.0
boundary,2,1.0,0.6446280991735537
boundary,2,8.485280990600586,1.0
boundary,2,10.770329475402832,1.0
boundary,2,15.231546401977539,1.0
boundary,3,10.29563045501709,1.0
boundary,2,16.552946090698242,1.0
boundary,3,7.071067810058594,1.0
boundary,1,0.0,0.10606060606060606
boundary,2,3.605551242828369,0.8925619834710744
boundary,1,0.0,0.24242424242424243
boundary,1,0.0,0.22077922077922077
boundary,1,0.0,0.23376623376623376
boundary,1,1.0,0.2878787878787879
boundary,1,0.0,0.3246753246753247
boundary,1,1.0,0.4142857142857143
boundary,1,0.0,0.3625
boundary,1,1.0,0.44642857142857145
boundary,1,2.0,0.5238095238095238
interior,2,33.941123962402344,1.0
interior,0,1.0,0.628099173553719
interior,0,6.324555397033691,1.0
interior,0,13.34166431427002,1.0
interior,0,13.152946472167969,1.0
interior,0,13.928388595581055,1.0
interior,0,2.2360680103302,0.7768595041322314
interior,0,13.152946472167969,1.0
interior,0,13.928388595581055,1.0
interior,0,8.062257766723633,1.0
interior,2,68.59300231933594,1.0
interior,0,7.280109882354736,1.0
interior,2,89.87213134765625,1.0
interior,2,84.81155395507812,1.0
interior,2,60.90156173706055,1.0
interior,3,29.068883895874023,1.0
interior,3,8.062257766723633,1.0
interior,3,45.27692413330078,1.0
interior,2,56.080299377441406,1.0
interior,2,43.011627197265625,1.0
interior,2,70.00714111328125,1.0
interior,3,69.52696990966797,1.0
interior,2,62.22539520263672,1.0
interior,3,87.92041778564453,1.0
interior,3,43.011627197265625,1.0
interior,2,41.01219177246094,1.0
interior,3,97.08243560791016,1.0
interior,1,1.0,0.2878787878787879
interior,3,75.13321685791016,1.0
interior,1,1.0,0.3484848484848485
interior,3,67.89698028564453,1.0
interior,1,0.0,0.3181818181818182
interior,1,1.0,0.37662337662337664
interior,1,2.0,0.4696969696969697
interior,1,2.0,0.48333333333333334
interior,1,2.0,0.5
interior,1,1.0,0.42857142857142855
interior,1,2.0,0.5208333333333334
interior,3,100.62306213378906,1.0
interior,1,2.2360680103302,0.5277777777777778
uniform,2,3.1622776985168457,0.8760330578512396
uniform,3,22.825424194335938,1.0
uniform,3,43.32435989379883,1.0
uniform,3,20.0,1.0
uniform,2,5.0,0.9669421487603306
uniform,0,0.0,0.38016528925619836
uniform,0,3.0,0.859504132231405
uniform,3,28.844409942626953,1.0
uniform,0,5.830951690673828,1.0
uniform,0,8.062257766723633,1.0
uniform,0,1.0,0.6446280991735537
uniform,0,10.440306663513184,1.0
uniform,2,18.867961883544922,1.0
uniform,0,1.0,0.6694214876033058
uniform,2,8.062257766723633,1.0
uniform,2,0.0,0.5619834710743802
uniform,0,13.34166431427002,1.0
uniform,2,10.770329475402832,1.0
uniform,0,13.601470947265625,1.0
uniform,0,9.05538558959961,1.0
uniform,2,25.495098114013672,1.0
uniform,2,15.81138801574707,1.0
uniform,3,25.079872131347656,1.0
uniform,3,31.95309066772461,1.0
uniform,2,12.083045959472656,1.0
uniform,2,45.79301071166992,1.0
uniform,3,38.07886505126953,1.0
uniform,3,26.419689178466797,1.0
uniform,3,84.11896514892578,1.0
uniform,1,0.0,0.10606060606060606
uniform,1,1.0,0.2727272727272727
uniform,1,0.0,0.24675324675324675
uniform,1,1.0,0.3939393939393939
uniform,3,22.803508758544922,1.0
uniform,1,0.0,0.3181818181818182
uniform,1,2.0,0.4696969696969697
uniform,1,2.0,0.48333333333333334
uniform,1,1.0,0.42857142857142855
uniform,1,1.0,0.44642857142857145
uniform,1,1.4142135381698608,0.4523809523809524
boundary,2,8.0,1.0
boundary,3,34.885528564453125,1.0
boundary,3,13.928388595581055,1.0
boundary,2,0.0,0.512396694214876
boundary,2,9.486832618713379,1.0
boundary,3,27.459060668945312,1.0
boundary,3,11.180339813232422,1.0
boundary,3,12.727922439575195,1.0
boundary,0,2.2360680103302,0.6363636363636364
boundary,2,11.180339813232422,1.0
boundary,0,5.0,1.0
boundary,0,0.0,0.5041322314049587
boundary,0,1.0,0.6446280991735537
boundary,0,4.4721360206604,0.9669421487603306
boundary,2,10.198039054870605,1.0
boundary,2,6.324555397033691,1.0
boundary,0,3.1622776985168457,0.8760330578512396
boundary,0,7.071067810058594,1.0
boundary,2,3.605551242828369,0.9090909090909091
boundary,0,5.0,0.9586776859504132
boundary,0,0.0,0.5371900826446281
boundary,3,6.4031243324279785,0.9917355371900827
boundary,0,1.0,0.5041322314049587
boundary,2,1.4142135381698608,0.7024793388429752
boundary,3,10.0,1.0
boundary,3,40.16217041015625,1.0
boundary,2,0.0,0.24242424242424243
boundary,3,16.155494689941406,1.0
boundary,2,35.7770881652832,1.0
boundary,1,0.0,0.09090909090909091
boundary,3,23.34523582458496,1.0
boundary,1,0.0,0.22727272727272727
boundary,1,0.0,0.24242424242424243
boundary,1,0.0,0.23376623376623376
boundary,1,0.0,0.24675324675324675
boundary,1,0.0,0.2727272727272727
boundary,1,0.0,0.3246753246753247
boundary,1,0.0,0.33766233766233766
boundary,1,0.0,0.35064935064935066
boundary,1,0.0,0.375
interior,3,66.2872543334961,1.0
interior,3,67.74215698242188,1.0
interior,3,17.464248657226562,1.0
interior,3,31.827661514282227,1.0
interior,0,6.7082037925720215,1.0
interior,0,10.049875259399414,1.0
interior,0,13.0,1.0
interior,0,13.0,1.0
interior,0,14.560219764709473,1.0
interior,0,11.045360565185547,1.0
interior,2,20.51828384399414,1.0
interior,0,11.704699516296387,1.0
interior,0,13.34166431427002,1.0
interior,2,53.26349639892578,1.0
interior,0,13.601470947265625,1.0
interior,0,10.440306663513184,1.0
interior,2,64.35060119628906,1.0
interior,2,23.76972770690918,1.0
interior,2,32.015621185302734,1.0
interior,2,85.79627227783203,1.0
interior,2,76.85050201416016,1.0
interior,2,86.97700500488281,1.0
interior,2,32.4499626159668,1.0
interior,3,85.5628433227539,1.0
interior,2,27.018512725830078,1.0
interior,3,62.297672271728516,1.0
interior,3,96.51942443847656,1.0
interior,3,20.880613327026367,1.0
interior,3,89.5600357055664,1.0
interior,1,1.0,0.2727272727272727
interior,1,1.0,0.4090909090909091
interior,1,0.0,0.32954545454545453
interior,1,1.0,0.4025974025974026
interior,1,2.0,0.48333333333333334
interior,3,84.09518432617188,1.0
interior,1,2.0,0.5
interior,1,1.0,0.42857142857142855
interior,1,2.0,0.5208333333333334
interior,1,2.2360680103302,0.5277777777777778
interior,1,1.4142135381698608,0.4523809523809524
uniform,3,62.265560150146484,1.0
uniform,3,50.0,1.0
uniform,3,58.00862121582031,1.0
uniform,3,19.235383987426758,1.0
uniform,3,9.848857879638672,1.0
uniform,2,14.764822959899902,1.0
uniform,2,8.5440034866333,1.0
uniform,0,7.0,1.0
uniform,0,2.0,0.768595041322314
uniform,0,10.0,1.0
uniform,2,0.0,0.5454545454545454
uniform,2,20.51828384399414,1.0
uniform,2,13.0,1.0
uniform,2,6.7082037925720215,1.0
uniform,2,24.351591110229492,1.0
uniform,0,13.601470947265625,1.0
uniform,0,13.928388595581055,1.0
uniform,0,5.099019527435303,0.9917355371900827
uniform,0,0.0,0.5867768595041323
uniform,2,11.180339813232422,1.0
uniform,2,20.124610900878906,1.0
uniform,0,0.0,0.512396694214876
uniform,0,8.062257766723633,1.0
uniform,3,8.9442720413208,1.0
uniform,0,0.0,0.5041322314049587
uniform,3,49.658836364746094,1.0
uniform,2,19.313207626342773,1.0
uniform,3,69.31810760498047,1.0
uniform,3,79.2022705078125,1.0
uniform,3,24.166091918945312,1.0
uniform,1,0.0,0.12121212121212122
uniform,1,0.0,0.15151515151515152
uniform,1,1.0,0.3787878787878788
uniform,1,0.0,0.33766233766233766
uniform,1,1.0,0.37662337662337664
uniform,1,1.0,0.4142857142857143
uniform,1,2.0,0.5208333333333334
uniform,1,1.0,0.44642857142857145
uniform,1,1.0,0.4489795918367347
uniform,1,0.0,0.39285714285714285
boundary,2,6.7082037925720215,1.0
boundary,3,2.8284270763397217,0.8016528925619835
boundary,3,29.73213768005371,1.0
boundary,2,0.0,0.5206611570247934
boundary,3,1.4142135381698608,0.6859504132231405
boundary,3,8.9442720413208,1.0
boundary,3,8.602325439453125,1.0
boundary,0,0.0,0.5454545454545454
boundary,0,0.0,0.5702479338842975
boundary,2,15.81138801574707,1.0
boundary,0,1.0,0.5950413223140496
boundary,0,0.0,0.5454545454545454
boundary,0,0.0,0.512396694214876
boundary,0,0.0,0.5702479338842975
boundary,0,4.0,0.9421487603305785
boundary,2,11.180339813232422,1.0
boundary,0,8.9442720413208,1.0
boundary,2,2.2360680103302,0.8099173553719008
boundary,0,2.2360680103302,0.7933884297520661
boundary,0,0.0,0.5785123966942148
boundary,2,12.529964447021484,1.0
boundary,3,24.59674835205078,1.0
boundary,3,14.866068840026855,1.0
boundary,2,6.082762718200684,1.0
boundary,3,15.620499610900879,1.0
boundary,2,12.083045959472656,1.0
boundary,2,44.10215377807617,1.0
boundary,2,8.9442720413208,1.0
boundary,1,0.0,0.18181818181818182
boundary,1,0.0,0.21212121212121213
boundary,3,61.0,1.0
boundary,3,38.18376541137695,1.0
boundary,1,0.0,0.24242424242424243
boundary,1,0.0,0.2727272727272727
boundary,1,0.0,0.33766233766233766
boundary,1,0.0,0.35064935064935066
boundary,1,0.0,0.3181818181818182
boundary,1,1.0,0.37662337662337664
boundary,1,1.0,0.4025974025974026
boundary,1,0.0,0.35185185185185186
interior,2,15.65247631072998,1.0
interior,3,45.880279541015625,1.0
interior,3,41.231056213378906,1.0
interior,0,4.0,0.9090909090909091
interior,2,31.575305938720703,1.0
interior,0,13.0,1.0
interior,0,13.601470947265625,1.0
interior,0,14.317821502685547,1.0
interior,0,14.560219764709473,1.0
interior,0,11.180339813232422,1.0
interior,0,13.34166431427002,1.0
interior,0,11.704699516296387,1.0
interior,0,8.0,1.0
interior,0,9.05538558959961,1.0
interior,2,69.81404113769531,1.0
interior,2,72.40165710449219,1.0
interior,2,87.72685241699219,1.0
interior,2,77.69813537597656,1.0
interior,2,77.89736938476562,1.0
interior,2,64.35060119628906,1.0
interior,2,47.50789260864258,1.0
interior,2,18.973665237426758,1.0
interior,3,79.20858764648438,1.0
interior,3,71.11258697509766,1.0
interior,3,66.73080444335938,1.0
interior,3,95.50916290283203,1.0
interior,1,0.0,0.10606060606060606
interior,1,0.0,0.21212121212121213
interior,1,0.0,0.24242424242424243
interior,1,1.0,0.25757575757575757
interior,3,66.75328063964844,1.0
interior,3,88.36288452148438,1.0
interior,1,1.0,0.36363636363636365
interior,1,0.0,0.3181818181818182
interior,1,2.0,0.4393939393939394
interior,3,86.20904541015625,1.0
interior,1,2.0,0.48333333333333334
interior,3,99.7296371459961,1.0
interior,1,2.0,0.5238095238095238
interior,1,2.2360680103302,0.5277777777777778
uniform,2,13.892443656921387,1.0
uniform,3,52.81098556518555,1.0
uniform,3,34.828147888183594,1.0
uniform,3,29.4108829498291,1.0
uniform,3,35.35533905029297,1.0
uniform,3,5.0,1.0
uniform,0,4.0,0.9090909090909091
uniform,0,5.0,1.0
uniform,2,23.34523582458496,1.0
uniform,2,24.75883674621582,1.0
uniform,0,1.0,0.6198347107438017
uniform,0,0.0,0.5619834710743802
uniform,2,24.515300750732422,1.0
uniform,2,22.360679626464844,1.0
uniform,0,11.045360565185547,1.0
uniform,0,5.0,0.9752066115702479
uniform,2,4.242640495300293,0.9256198347107438
uniform,0,6.324555397033691,1.0
uniform,2,16.155494689941406,1.0
uniform,0,9.05538558959961,1.0
uniform,0,3.1622776985168457,0.8842975206611571
uniform,0,12.369317054748535,1.0
uniform,3,0.0,0.5206611570247934
uniform,3,0.0,0.5537190082644629
uniform,3,0.0,0.49586776859504134
uniform,3,17.464248657226562,1.0
uniform,2,48.010414123535156,1.0
uniform,2,10.630146026611328,1.0
uniform,3,55.973209381103516,1.0
uniform,1,0.0,0.10606060606060606
uniform,1,0.0,0.24242424242424243
uniform,1,0.0,0.24675324675324675
uniform,1,0.0,0.2987012987012987
uniform,1,1.0,0.3939393939393939
uniform,1,0.0,0.35064935064935066
uniform,2,19.313207626342773,1.0
uniform,1,0.0,0.3522727272727273
uniform,1,1.0,0.42857142857142855
uniform,1,0.0,0.375
uniform,1,1.4142135381698608,0.4523809523809524
boundary,2,4.123105525970459,0.9090909090909091
boundary,3,7.211102485656738,1.0
boundary,3,8.485280990600586,1.0
boundary,3,35.11410140991211,1.0
boundary,3,25.298221588134766,1.0
boundary,2,10.29563045501709,1.0
boundary,2,12.041594505310059,1.0
boundary,3,10.0,1.0
boundary,0,1.0,0.6363636363636364
boundary,0,1.0,0.6528925619834711
boundary,2,8.485280990600586,1.0
boundary,0,1.0,0.6363636363636364
boundary,2,13.892443656921387,1.0
boundary,0,0.0,0.5785123966942148
boundary,0,2.0,0.7520661157024794
boundary,0,3.0,0.859504132231405
boundary,2,19.79899024963379,1.0
boundary,2,6.324555397033691,1.0
boundary,0,0.0,0.5785123966942148
boundary,2,1.0,0.6033057851239669
boundary,0,3.1622776985168457,0.8760330578512396
boundary,0,1.4142135381698608,0.7272727272727273
boundary,0,5.0,0.9752066115702479
boundary,2,9.219544410705566,1.0
boundary,3,1.0,0.5950413223140496
boundary,2,3.605551242828369,0.8441558441558441
boundary,3,10.630146026611328,1.0
boundary,3,28.284271240234375,1.0
boundary,3,10.770329475402832,1.0
boundary,1,0.0,0.22727272727272727
boundary,1,0.0,0.24242424242424243
boundary,1,1.0,0.3181818181818182
boundary,1,1.0,0.3484848484848485
boundary,1,0.0,0.2987012987012987
boundary,1,0.0,0.33766233766233766
boundary,1,0.0,0.3181818181818182
boundary,1,0.0,0.32954545454545453
boundary,1,0.0,0.375
boundary,3,5.385164737701416,1.0
boundary,1,0.0,0.39285714285714285
interior,3,22.360679626464844,1.0
interior,3,50.80354309082031,1.0
interior,3,54.20331954956055,1.0
interior,3,40.24922180175781,1.0
interior,0,11.045360565185547,1.0
interior,0,6.324555397033691,1.0
interior,0,13.34166431427002,1.0
interior,0,6.324555397033691,1.0
interior,0,13.601470947265625,1.0
interior,0,10.198039054870605,1.0
interior,2,18.601076126098633,1.0
interior,2,15.620499610900879,1.0
interior,0,6.324555397033691,1.0
interior,0,11.401754379272461,1.0
interior,0,3.0,0.859504132231405
interior,0,3.1622776985168457,0.8512396694214877
interior,2,60.464866638183594,1.0
interior,2,78.49203491210938,1.0
interior,2,83.6002426147461,1.0
interior,2,92.09777069091797,1.0
interior,2,77.17512512207031,1.0
interior,2,51.865211486816406,1.0
interior,2,51.244510650634766,1.0
interior,2,82.02438354492188,1.0
interior,3,54.4058837890625,1.0
interior,3,8.5440034866333,1.0
interior,3,58.600341796875,1.0
interior,3,34.48188018798828,1.0
interior,1,0.0,0.21212121212121213
interior,1,1.0,0.2878787878787879
interior,1,1.0,0.3181818181818182
interior,1,0.0,0.2727272727272727
interior,1,0.0,0.33766233766233766
interior,1,1.0,0.4090909090909091
interior,3,87.28115844726562,1.0
interior,1,2.0,0.4393939393939394
interior,1,2.0,0.5
interior,3,85.75546264648438,1.0
interior,1,2.2360680103302,0.5277777777777778
interior,1,1.4142135381698608,0.4523809523809524
uniform,2,14.866068840026855,1.0
uniform,3,8.062257766723633,1.0
uniform,3,50.91168975830078,1.0
uniform,3,11.661903381347656,1.0
uniform,0,0.0,0.38636363636363635
uniform,2,22.825424194335938,1.0
uniform,0,2.0,0.7520661157024794
uniform,0,7.0,1.0
uniform,0,9.0,1.0
uniform,0,3.605551242828369,0.9090909090909091
uniform,2,30.675724029541016,1.0
uniform,0,4.4721360206604,0.9669421487603306
uniform,2,24.041629791259766,1.0
uniform,0,9.848857879638672,1.0
uniform,2,14.142135620117188,1.0
uniform,2,3.1622776985168457,0.8677685950413223
uniform,0,1.0,0.6611570247933884
uniform,0,8.9442720413208,1.0
uniform,0,0.0,0.5454545454545454
uniform,2,75.66372680664062,1.0
uniform,3,17.464248657226562,1.0
uniform,2,5.656854152679443,0.9834710743801653
uniform,2,48.46648406982422,1.0
uniform,3,52.69725036621094,1.0
uniform,3,56.080299377441406,1.0
uniform,3,67.42403411865234,1.0
uniform,3,68.62215423583984,1.0
uniform,1,0.0,0.12121212121212122
uniform,1,0.0,0.22727272727272727
uniform,1,0.0,0.24242424242424243
uniform,1,1.0,0.25757575757575757
uniform,1,0.0,0.22077922077922077
uniform,1,0.0,0.24675324675324675
uniform,3,32.526912689208984,1.0
uniform,1,1.0,0.4090909090909091
uniform,3,92.34716796875,1.0
uniform,1,1.0,0.4025974025974026
uniform,1,1.0,0.44642857142857145
uniform,1,2.0,0.5238095238095238
uniform,2,27.0,1.0
boundary,3,1.4142135381698608,0.6942148760330579
boundary,3,40.224369049072266,1.0
boundary,3,48.30113983154297,1.0
boundary,2,5.830951690673828,0.9917355371900827
boundary,3,9.848857879638672,1.0
boundary,3,1.4142135381698608,0.6942148760330579
boundary,0,4.0,0.9090909090909091
boundary,0,2.8284270763397217,0.8099173553719008
boundary,2,12.369317054748535,1.0
boundary,0,3.1622776985168457,0.8760330578512396
boundary,2,25.0,1.0
boundary,0,5.0,0.9917355371900827
boundary,0,5.385164737701416,1.0
boundary,2,8.9442720413208,1.0
boundary,2,6.324555397033691,1.0
boundary,2,3.1622776985168457,0.8760330578512396
boundary,0,0.0,0.512396694214876
boundary,2,5.0,0.9669421487603306
boundary,0,6.324555397033691,1.0
boundary,2,13.601470947265625,1.0
boundary,3,5.385164737701416,0.9752066115702479
boundary,0,0.0,0.5041322314049587
boundary,0,3.1622776985168457,0.8347107438016529
boundary,0,1.0,0.5950413223140496
boundary,3,7.6157732009887695,1.0
boundary,3,2.0,0.7520661157024794
boundary,2,15.231546401977539,1.0
boundary,3,7.211102485656738,1.0
boundary,2,13.892443656921387,1.0
boundary,1,0.0,0.21212121212121213
boundary,3,21.931713104248047,1.0
boundary,1,0.0,0.23376623376623376
boundary,1,0.0,0.24675324675324675
boundary,1,1.0,0.3181818181818182
boundary,1,1.0,0.3787878787878788
boundary,1,0.0,0.35064935064935066
boundary,1,0.0,0.3522727272727273
boundary,1,0.0,0.375
boundary,1,0.0,0.39285714285714285
boundary,1,0.0,0.35185185185185186
interior,3,18.601076126098633,1.0
interior,3,56.35601043701172,1.0
interior,3,41.72529220581055,1.0
interior,3,20.0,1.0
interior,0,7.280109882354736,1.0
interior,0,14.866068840026855,1.0
interior,2,28.017850875854492,1.0
interior,0,9.848857879638672,1.0
interior,0,13.928388595581055,1.0
interior,0,4.0,0.9173553719008265
interior,2,5.656854152679443,0.9834710743801653
interior,2,1.0,0.628099173553719
interior,0,13.152946472167969,1.0
interior,0,14.03566837310791,1.0
interior,0,11.401754379272461,1.0
interior,0,9.433980941772461,1.0
interior,2,59.396968841552734,1.0
interior,2,67.17886352539062,1.0
interior,0,5.830951690673828,1.0
interior,2,72.67048645019531,1.0
interior,3,34.4093017578125,1.0
interior,2,69.28924560546875,1.0
interior,2,74.5184555053711,1.0
interior,2,73.10950469970703,1.0
interior,2,47.01063537597656,1.0
interior,3,79.30951690673828,1.0
interior,3,82.63776397705078,1.0
interior,1,1.0,0.2878787878787879
interior,1,1.0,0.3181818181818182
interior,1,1.0,0.3484848484848485
interior,1,1.0,0.3939393939393939
interior,3,82.76472473144531,1.0
interior,1,1.4142135381698608,0.42424242424242425
interior,3,92.57429504394531,1.0
interior,1,1.0,0.4025974025974026
interior,1,2.0,0.5
interior,3,97.04637908935547,1.0
interior,1,2.0,0.5208333333333334
interior,1,1.0,0.44642857142857145
interior,1,0.0,0.39285714285714285
uniform,1,9.486832618713379,1.0
uniform,0,19.0,1.0
uniform,0,7.071067810058594,1.0
uniform,3,23.0,1.0
uniform,3,57.706153869628906,1.0
uniform,3,58.54912567138672,1.0
uniform,1,38.832977294921875,1.0
uniform,0,17.0,1.0
uniform,0,19.79899024963379,1.0
uniform,1,32.572994232177734,1.0
uniform,0,3.605551242828369,0.8925619834710744
uniform,1,1.0,0.6363636363636364
uniform,1,8.246211051940918,1.0
uniform,0,5.0,0.9586776859504132
uniform,1,14.317821502685547,1.0
uniform,1,25.70992088317871,1.0
uniform,0,25.942243576049805,1.0
uniform,0,5.0,0.9669421487603306
uniform,1,12.369317054748535,1.0
uniform,0,5.385164737701416,0.9752066115702479
uniform,0,2.8284270763397217,0.8888888888888888
uniform,1,4.123105525970459,0.9090909090909091
uniform,1,2.0,0.7107438016528925
uniform,2,1.0,0.4214876033057851
uniform,2,1.4142135381698608,0.6363636363636364
uniform,2,4.4721360206604,0.9595959595959596
uniform,2,6.7082037925720215,1.0
uniform,3,25.45584487915039,1.0
uniform,3,20.0,1.0
uniform,2,4.123105525970459,0.9256198347107438
uniform,2,2.0,0.7520661157024794
uniform,2,3.1622776985168457,0.8677685950413223
uniform,2,4.4721360206604,0.9393939393939394
uniform,2,2.2360680103302,0.7933884297520661
uniform,2,3.605551242828369,0.8636363636363636
uniform,3,85.98255920410156,1.0
uniform,3,80.61017608642578,1.0
uniform,3,114.62983703613281,1.0
uniform,3,117.90250396728516,1.0
uniform,3,63.0,1.0
boundary,3,0.0,0.5714285714285714
boundary,0,0.0,0.5867768595041323
boundary,1,31.320919036865234,1.0
boundary,3,10.0,1.0
boundary,1,21.189620971679688,1.0
boundary,0,0.0,0.5206611570247934
boundary,1,32.280025482177734,1.0
boundary,0,16.401220321655273,1.0
boundary,1,14.560219764709473,1.0
boundary,1,1.0,0.628099173553719
boundary,3,59.03388977050781,1.0
boundary,0,2.0,0.7851239669421488
boundary,3,0.0,0.7851239669421488
boundary,1,27.20294189453125,1.0
boundary,3,30.870698928833008,1.0
boundary,0,5.385164737701416,0.9834710743801653
boundary,1,15.81138801574707,1.0
boundary,1,20.2237491607666,1.0
boundary,0,1.0,0.7662337662337663
boundary,3,50.20956039428711,1.0
boundary,1,1.0,0.6694214876033058
boundary,1,0.0,0.49586776859504134
boundary,2,0.0,0.2892561983471074
boundary,0,0.0,0.49586776859504134
boundary,2,0.0,0.5702479338842975
boundary,2,0.0,0.5950413223140496
boundary,2,1.4142135381698608,0.5867768595041323
boundary,0,5.385164737701416,1.0
boundary,2,2.0,0.7272727272727273
boundary,2,1.0,0.6115702479338843
boundary,2,7.211102485656738,1.0
boundary,2,0.0,0.5702479338842975
boundary,2,6.7082037925720215,1.0
boundary,2,4.123105525970459,0.8977272727272727
boundary,3,28.792360305786133,1.0
boundary,3,57.48912811279297,1.0
boundary,3,26.0,1.0
boundary,0,4.0,0.9090909090909091
boundary,0,2.0,0.7272727272727273
boundary,3,43.416587829589844,1.0
interior,1,57.245086669921875,1.0
interior,1,52.201534271240234,1.0
interior,0,30.805843353271484,1.0
interior,1,49.33558654785156,1.0
interior,1,39.051246643066406,1.0
interior,1,25.298221588134766,1.0
interior,1,49.72926712036133,1.0
interior,0,13.0,1.0
interior,1,28.160255432128906,1.0
interior,0,9.05538558959961,1.0
interior,1,28.861740112304688,1.0
interior,1,38.27531814575195,1.0
interior,1,35.44009017944336,1.0
interior,3,44.72135925292969,1.0
interior,0,27.018512725830078,1.0
interior,0,29.154760360717773,1.0
interior,0,36.22154235839844,1.0
interior,0,26.62705421447754,1.0
interior,0,17.0,1.0
interior,2,2.2360680103302,0.7355371900826446
interior,2,5.830951690673828,1.0
interior,2,8.062257766723633,1.0
interior,2,8.5440034866333,1.0
interior,2,9.219544410705566,1.0
interior,2,8.5440034866333,1.0
interior,2,11.661903381347656,1.0
interior,2,10.29563045501709,1.0
interior,3,48.764739990234375,1.0
interior,2,7.6157732009887695,1.0
interior,2,3.605551242828369,0.8636363636363636
interior,3,31.906112670898438,1.0
interior,0,4.0,0.9256198347107438
interior,3,120.91732788085938,1.0
interior,3,137.0,1.0
interior,0,17.0,1.0
interior,3,139.01438903808594,1.0
interior,3,41.59326934814453,1.0
interior,3,156.08010864257812,1.0
interior,3,151.21177673339844,1.0
interior,3,158.861572265625,1.0
uniform,1,28.861740112304688,1.0
uniform,1,36.055511474609375,1.0
uniform,1,31.62277603149414,1.0
uniform,1,35.44009017944336,1.0
uniform,1,35.44009017944336,1.0
uniform,3,73.53910827636719,1.0
uniform,3,22.135944366455078,1.0
uniform,0,12.0,1.0
uniform,1,2.0,0.7520661157024794
uniform,0,13.0,1.0
uniform,3,69.42621612548828,1.0
uniform,0,12.649110794067383,1.0
uniform,1,32.893768310546875,1.0
uniform,1,40.52159881591797,1.0
uniform,0,9.848857879638672,1.0
uniform,0,1.0,0.628099173553719
uniform,0,30.5941162109375,1.0
uniform,1,14.317821502685547,1.0
uniform,0,13.928388595581055,1.0
uniform,1,15.524174690246582,1.0
uniform,2,0.0,0.48760330578512395
uniform,2,5.385164737701416,0.9834710743801653
uniform,2,2.2360680103302,0.7933884297520661
uniform,2,3.605551242828369,0.9008264462809917
uniform,2,4.123105525970459,0.9256198347107438
uniform,2,3.605551242828369,0.9008264462809917
uniform,3,0.0,0.5454545454545454
uniform,2,7.211102485656738,1.0
uniform,3,38.587562561035156,1.0
uniform,2,2.0,0.7520661157024794
uniform,2,3.605551242828369,0.8441558441558441
uniform,2,2.0,0.6103896103896104
uniform,3,83.23461151123047,1.0
uniform,3,46.3249397277832,1.0
uniform,3,100.40916442871094,1.0
uniform,0,17.0,1.0
uniform,0,1.0,0.6446280991735537
uniform,3,148.0,1.0
uniform,3,140.8119354248047,1.0
uniform,0,12.0,1.0
boundary,1,11.045360565185547,1.0
boundary,3,41.0,1.0
boundary,0,1.4142135381698608,0.7024793388429752
boundary,1,43.011627197265625,1.0
boundary,1,3.1622776985168457,0.8760330578512396
boundary,1,20.39607810974121,1.0
boundary,0,2.0,0.7520661157024794
boundary,1,2.0,0.768595041322314
boundary,0,0.0,0.5785123966942148
boundary,1,37.36308288574219,1.0
boundary,0,4.4721360206604,0.9586776859504132
boundary,1,8.9442720413208,1.0
boundary,3,24.75883674621582,1.0
boundary,1,11.704699516296387,1.0
boundary,1,13.601470947265625,1.0
boundary,0,5.385164737701416,0.9834710743801653
boundary,1,10.770329475402832,1.0
boundary,3,5.099019527435303,1.0
boundary,0,2.0,0.7603305785123967
boundary,0,3.605551242828369,0.9008264462809917
boundary,3,24.698177337646484,1.0
boundary,3,26.62705421447754,1.0
boundary,2,0.0,0.371900826446281
boundary,2,0.0,0.5227272727272727
boundary,2,2.8284270763397217,0.7024793388429752
boundary,2,3.0,0.8347107438016529
boundary,2,4.123105525970459,0.9090909090909091
boundary,0,3.0,0.8347107438016529
boundary,2,5.0,1.0
boundary,2,2.0,0.7520661157024794
boundary,2,6.324555397033691,1.0
boundary,3,12.806248664855957,1.0
boundary,2,1.4142135381698608,0.6363636363636364
boundary,2,0.0,0.2597402597402597
boundary,3,83.00602722167969,1.0
boundary,3,24.041629791259766,1.0
boundary,3,45.27692413330078,1.0
boundary,0,1.0,0.5950413223140496
boundary,0,15.0,1.0
boundary,3,11.0,1.0
interior,1,48.08325958251953,1.0
interior,1,44.92215347290039,1.0
interior,1,51.54609680175781,1.0
interior,1,49.47726821899414,1.0
interior,1,26.925823211669922,1.0
interior,1,40.804412841796875,1.0
interior,1,25.0,1.0
interior,1,35.693138122558594,1.0
interior,0,34.0,1.0
interior,0,28.07133674621582,1.0
interior,0,17.464248657226562,1.0
interior,0,34.13209533691406,1.0
interior,1,36.67424011230469,1.0
interior,0,14.866068840026855,1.0
interior,0,20.880613327026367,1.0
interior,1,36.400550842285156,1.0
interior,0,36.34556198120117,1.0
interior,0,31.30495262145996,1.0
interior,0,8.485280990600586,1.0
interior,2,0.0,0.024793388429752067
interior,0,14.142135620117188,1.0
interior,2,6.0,1.0
interior,2,8.9442720413208,1.0
interior,2,9.486832618713379,1.0
interior,2,10.049875259399414,1.0
interior,2,11.045360565185547,1.0
interior,2,8.062257766723633,1.0
interior,3,62.032249450683594,1.0
interior,2,8.9442720413208,1.0
interior,3,36.06937789916992,1.0
interior,2,4.123105525970459,0.9090909090909091
interior,2,4.4721360206604,0.9318181818181818
interior,3,35.35533905029297,1.0
interior,3,79.88116455078125,1.0
interior,3,70.21395874023438,1.0
interior,3,115.0,1.0
interior,3,137.0,1.0
interior,3,141.4814453125,1.0
interior,3,109.22454071044922,1.0
interior,3,152.61061096191406,1.0
uniform,0,17.0,1.0
uniform,1,34.48188018798828,1.0
uniform,0,26.0,1.0
uniform,1,53.36665725708008,1.0
uniform,1,39.560081481933594,1.0
uniform,0,18.027755737304688,1.0
uniform,1,37.947330474853516,1.0
uniform,1,38.327537536621094,1.0
uniform,1,11.401754379272461,1.0
uniform,1,26.248809814453125,1.0
uniform,1,26.248809814453125,1.0
uniform,0,34.36568069458008,1.0
uniform,1,16.155494689941406,1.0
uniform,0,2.0,0.7520661157024794
uniform,1,23.0867919921875,1.0
uniform,0,17.0,1.0
uniform,0,8.485280990600586,1.0
uniform,0,2.8284270763397217,0.8016528925619835
uniform,3,44.94440841674805,1.0
uniform,2,5.0,1.0
uniform,2,3.1622776985168457,0.8677685950413223
uniform,2,6.324555397033691,1.0
uniform,3,29.681644439697266,1.0
uniform,2,9.219544410705566,1.0
uniform,2,1.0,0.6115702479338843
uniform,2,0.0,0.5206611570247934
uniform,2,3.605551242828369,0.9008264462809917
uniform,2,1.0,0.6611570247933884
uniform,2,2.8284270763397217,0.8347107438016529
uniform,2,3.1622776985168457,0.8545454545454545
uniform,0,1.0,0.6363636363636364
uniform,3,112.60550689697266,1.0
uniform,3,68.06614685058594,1.0
uniform,0,19.0,1.0
uniform,3,86.14522552490234,1.0
uniform,3,94.81033325195312,1.0
uniform,3,128.5496063232422,1.0
uniform,3,135.50645446777344,1.0
uniform,3,122.40914916992188,1.0
uniform,3,100.84146118164062,1.0
boundary,1,5.385164737701416,1.0
boundary,0,3.0,0.8016528925619835
boundary,0,8.062257766723633,1.0
boundary,1,16.124515533447266,1.0
boundary,0,9.0,1.0
boundary,1,4.0,0.9256198347107438
boundary,0,11.180339813232422,1.0
boundary,3,22.472204208374023,1.0
boundary,1,7.071067810058594,1.0
boundary,0,1.0,0.628099173553719
boundary,1,12.369317054748535,1.0
boundary,1,13.34166431427002,1.0
boundary,1,7.280109882354736,1.0
boundary,1,9.219544410705566,1.0
boundary,3,4.4721360206604,0.9917355371900827
boundary,1,10.440306663513184,1.0
boundary,3,5.385164737701416,0.9752066115702479
boundary,1,1.0,0.6363636363636364
boundary,3,26.07680892944336,1.0
boundary,2,1.0,0.6611570247933884
boundary,2,1.4142135381698608,0.6909090909090909
boundary,2,6.082762718200684,1.0
boundary,2,0.0,0.5702479338842975
boundary,2,3.605551242828369,0.9008264462809917
boundary,2,1.0,0.6611570247933884
boundary,3,7.0,1.0
boundary,2,1.0,0.6611570247933884
boundary,2,0.0,0.5206611570247934
boundary,2,4.4721360206604,0.922077922077922
boundary,2,2.2360680103302,0.6753246753246753
boundary,3,23.323806762695312,1.0
boundary,0,3.0,0.8512396694214877
boundary,0,13.601470947265625,1.0
boundary,0,8.0,1.0
boundary,3,60.0,1.0
boundary,3,1.0,0.6363636363636364
boundary,0,1.0,0.6363636363636364
boundary,3,89.69392395019531,1.0
boundary,3,9.0,1.0
boundary,0,9.0,1.0
interior,1,52.39274597167969,1.0
interior,1,54.08327102661133,1.0
interior,1,52.49761962890625,1.0
interior,0,31.0,1.0
interior,1,47.434165954589844,1.0
interior,1,47.434165954589844,1.0
interior,1,32.75667953491211,1.0
interior,1,32.280025482177734,1.0
interior,1,4.123105525970459,0.9421487603305785
interior,0,36.055511474609375,1.0
interior,1,34.20526123046875,1.0
interior,1,33.95585250854492,1.0
interior,0,7.6157732009887695,1.0
interior,0,27.784887313842773,1.0
interior,0,17.0,1.0
interior,0,26.62705421447754,1.0
interior,2,2.0,0.743801652892562
interior,2,3.0,0.8429752066115702
interior,2,5.385164737701416,1.0
interior,2,9.433980941772461,1.0
interior,2,5.0,0.9669421487603306
interior,2,8.062257766723633,1.0
interior,2,10.770329475402832,1.0
interior,2,8.9442720413208,1.0
interior,2,1.0,0.6115702479338843
interior,2,2.0,0.7520661157024794
interior,3,5.830951690673828,1.0
interior,3,84.05355072021484,1.0
interior,3,51.244510650634766,1.0
interior,3,64.56005096435547,1.0
interior,0,27.0,1.0
interior,3,112.00446319580078,1.0
interior,3,92.0,1.0
interior,3,89.73851013183594,1.0
interior,0,15.0,1.0
interior,3,130.86251831054688,1.0
interior,0,25.0,1.0
interior,3,130.4645538330078,1.0
interior,0,10.0,1.0
interior,3,150.1199493408203,1.0
uniform,1,35.902645111083984,1.0
uniform,3,53.00943374633789,1.0
uniform,1,16.278820037841797,1.0
uniform,0,12.083045959472656,1.0
uniform,0,10.198039054870605,1.0
uniform,1,23.0867919921875,1.0
uniform,0,9.848857879638672,1.0
uniform,1,12.165525436401367,1.0
uniform,0,14.0,1.0
uniform,1,18.027755737304688,1.0
uniform,1,30.08321762084961,1.0
uniform,0,2.8284270763397217,0.8347107438016529
uniform,1,25.0,1.0
uniform,0,6.7082037925720215,1.0
uniform,0,12.206555366516113,1.0
uniform,1,6.082762718200684,1.0
uniform,1,8.062257766723633,1.0
uniform,0,13.416407585144043,1.0
uniform,1,6.082762718200684,1.0
uniform,2,2.0,0.7272727272727273
uniform,2,2.0,0.7603305785123967
uniform,2,6.324555397033691,1.0
uniform,2,6.324555397033691,1.0
uniform,2,4.123105525970459,0.9256198347107438
uniform,2,8.9442720413208,1.0
uniform,3,16.278820037841797,1.0
uniform,2,6.324555397033691,1.0
uniform,2,7.211102485656738,1.0
uniform,2,4.123105525970459,0.9090909090909091
uniform,3,14.03566837310791,1.0
uniform,2,2.2360680103302,0.6212121212121212
uniform,3,40.70626449584961,1.0
uniform,0,16.552946090698242,1.0
uniform,3,79.88116455078125,1.0
uniform,3,50.0,1.0
uniform,3,86.64871978759766,1.0
uniform,3,63.0,1.0
uniform,0,14.0,1.0
uniform,3,121.6552505493164,1.0
uniform,3,115.0,1.0
boundary,3,15.0,1.0
boundary,1,10.770329475402832,1.0
boundary,1,8.246211051940918,1.0
boundary,3,39.0,1.0
boundary,1,20.615528106689453,1.0
boundary,1,10.440306663513184,1.0
boundary,1,2.8284270763397217,0.8264462809917356
boundary,1,7.6157732009887695,1.0
boundary,0,32.0,1.0
boundary,1,20.248456954956055,1.0
boundary,3,0.0,0.512396694214876
boundary,0,6.082762718200684,1.0
boundary,0,9.219544410705566,1.0
boundary,3,15.524174690246582,1.0
boundary,1,3.1622776985168457,0.8677685950413223
boundary,3,16.278820037841797,1.0
boundary,3,35.0,1.0
boundary,0,6.0,1.0
boundary,3,48.30113983154297,1.0
boundary,3,48.3735466003418,1.0
boundary,3,28.17800521850586,1.0
boundary,0,1.4142135381698608,0.6942148760330579
boundary,0,2.8284270763397217,0.8429752066115702
boundary,1,9.219544410705566,1.0
boundary,1,6.324555397033691,0.9917355371900827
boundary,0,5.0,0.9504132231404959
boundary,2,0.0,0.5151515151515151
boundary,2,1.0,0.6363636363636364
boundary,2,1.0,0.6528925619834711
boundary,2,6.7082037925720215,1.0
boundary,2,2.2360680103302,0.7933884297520661
boundary,2,0.0,0.5702479338842975
boundary,2,4.123105525970459,0.9256198347107438
boundary,2,1.0,0.6611570247933884
boundary,2,2.2360680103302,0.7159090909090909
boundary,2,1.0,0.38961038961038963
boundary,0,3.0,0.8181818181818182
boundary,3,3.0,0.8181818181818182
boundary,0,1.0,0.6363636363636364
boundary,0,18.0,1.0
interior,1,47.434165954589844,1.0
interior,1,41.0,1.0
interior,1,38.327537536621094,1.0
interior,1,47.07440948486328,1.0
interior,0,18.973665237426758,1.0
interior,1,3.0,0.859504132231405
interior,3,44.643028259277344,1.0
interior,1,35.1710090637207,1.0
interior,0,38.832977294921875,1.0
interior,0,29.4108829498291,1.0
interior,0,22.803508758544922,1.0
interior,1,34.71310806274414,1.0
interior,0,7.211102485656738,1.0
interior,0,25.05992889404297,1.0
interior,1,18.681541442871094,1.0
interior,0,13.892443656921387,1.0
interior,0,1.0,0.6446280991735537
interior,1,11.401754379272461,1.0
interior,1,5.385164737701416,0.9917355371900827
interior,2,5.385164737701416,0.9834710743801653
interior,2,8.9442720413208,1.0
interior,2,10.770329475402832,1.0
interior,2,10.770329475402832,1.0
interior,2,5.0,0.9669421487603306
interior,2,6.7082037925720215,1.0
interior,3,68.54196166992188,1.0
interior,2,3.605551242828369,0.9008264462809917
interior,2,0.0,0.5206611570247934
interior,2,8.062257766723633,1.0
interior,2,2.8284270763397217,0.696969696969697
interior,3,57.42821502685547,1.0
interior,3,95.69221496582031,1.0
interior,0,13.0,1.0
interior,0,16.0,1.0
interior,3,48.0,1.0
interior,3,120.60265350341797,1.0
interior,3,123.62847900390625,1.0
interior,3,139.4883575439453,1.0
interior,3,157.89236450195312,1.0
interior,3,136.0,1.0
uniform,1,35.735137939453125,1.0
uniform,3,35.0142822265625,1.0
uniform,1,1.4142135381698608,0.7024793388429752
uniform,1,11.045360565185547,1.0
uniform,1,41.761226654052734,1.0
uniform,3,22.203603744506836,1.0
uniform,3,72.12489318847656,1.0
uniform,1,0.0,0.5702479338842975
uniform,1,18.973665237426758,1.0
uniform,1,40.52159881591797,1.0
uniform,1,15.81138801574707,1.0
uniform,0,37.947330474853516,1.0
uniform,0,9.486832618713379,1.0
uniform,1,35.11410140991211,1.0
uniform,0,12.649110794067383,1.0
uniform,0,8.062257766723633,1.0
uniform,1,14.142135620117188,1.0
uniform,0,4.0,0.9173553719008265
uniform,0,19.313207626342773,1.0
uniform,0,10.29563045501709,1.0
uniform,3,3.1622776985168457,0.8677685950413223
uniform,2,0.0,0.5324675324675324
uniform,3,0.0,0.5785123966942148
uniform,2,1.0,0.6115702479338843
uniform,2,2.2360680103302,0.7933884297520661
uniform,2,8.9442720413208,1.0
uniform,3,56.035701751708984,1.0
uniform,2,2.0,0.7520661157024794
uniform,3,53.600372314453125,1.0
uniform,2,1.4142135381698608,0.7024793388429752
uniform,2,7.211102485656738,1.0
uniform,2,5.0,0.9545454545454546
uniform,2,4.4721360206604,0.9318181818181818
uniform,2,5.0,0.948051948051948
uniform,3,23.409399032592773,1.0
uniform,3,91.21403503417969,1.0
uniform,0,9.0,1.0
uniform,3,124.66354370117188,1.0
uniform,0,1.0,0.6363636363636364
uniform,0,7.0,1.0
boundary,0,14.866068840026855,1.0
boundary,1,9.219544410705566,1.0
boundary,3,16.0,1.0
boundary,3,76.3675308227539,1.0
boundary,1,18.681541442871094,1.0
boundary,1,12.369317054748535,1.0
boundary,0,15.231546401977539,1.0
boundary,1,30.675724029541016,1.0
boundary,3,20.51828384399414,1.0
boundary,1,7.280109882354736,1.0
boundary,0,19.92485809326172,1.0
boundary,3,6.324555397033691,1.0
boundary,1,4.123105525970459,0.9504132231404959
boundary,1,12.041594505310059,1.0
boundary,1,18.681541442871094,1.0
boundary,0,8.0,1.0
boundary,3,27.784887313842773,1.0
boundary,0,6.7082037925720215,1.0
boundary,1,17.0,1.0
boundary,0,2.8284270763397217,0.8181818181818182
boundary,1,1.0,0.5867768595041323
boundary,2,0.0,0.32231404958677684
boundary,2,1.0,0.6859504132231405
boundary,2,3.1622776985168457,0.8181818181818182
boundary,2,1.4142135381698608,0.7024793388429752
boundary,3,6.0,1.0
boundary,2,0.0,0.5206611570247934
boundary,2,3.1622776985168457,0.8181818181818182
boundary,2,1.0,0.5727272727272728
boundary,2,1.4142135381698608,0.6363636363636364
boundary,0,1.4142135381698608,0.7024793388429752
boundary,2,2.0,0.6103896103896104
boundary,2,0.0,0.2597402597402597
boundary,3,2.0,0.7107438016528925
boundary,3,73.97972869873047,1.0
boundary,0,16.031219482421875,1.0
boundary,0,21.0,1.0
boundary,3,131.24404907226562,1.0
boundary,3,18.0,1.0
boundary,0,0.0,0.5867768595041323
interior,1,52.49761962890625,1.0
interior,0,32.0,1.0
interior,0,31.0,1.0
interior,1,54.708316802978516,1.0
interior,0,27.166154861450195,1.0
interior,0,12.165525436401367,1.0
interior,1,49.648765563964844,1.0
interior,1,49.72926712036133,1.0
interior,0,11.0,1.0
interior,1,28.861740112304688,1.0
interior,3,39.84971618652344,1.0
interior,1,41.761226654052734,1.0
interior,1,12.649110794067383,1.0
interior,1,28.635643005371094,1.0
interior,1,4.0,0.9338842975206612
interior,0,39.84971618652344,1.0
interior,0,33.83784866333008,1.0
interior,1,14.560219764709473,1.0
interior,0,12.206555366516113,1.0
interior,0,25.495098114013672,1.0
interior,2,6.324555397033691,1.0
interior,2,3.1622776985168457,0.8677685950413223
interior,2,11.661903381347656,1.0
interior,3,67.08203887939453,1.0
interior,2,6.324555397033691,1.0
interior,2,8.062257766723633,1.0
interior,2,7.6157732009887695,1.0
interior,2,7.6157732009887695,1.0
interior,2,6.324555397033691,1.0
interior,2,4.4721360206604,0.922077922077922
interior,2,5.0,0.9393939393939394
interior,3,72.80110168457031,1.0
interior,3,82.07313537597656,1.0
interior,0,14.0,1.0
interior,3,116.93160247802734,1.0
interior,3,123.16655731201172,1.0
interior,3,105.36128234863281,1.0
interior,3,103.4069595336914,1.0
interior,3,114.56002807617188,1.0
interior,3,121.59769439697266,1.0
uniform,5,40.0,1.0
uniform,5,39.20458984375,1.0
uniform,3,110.07270050048828,1.0
uniform,5,16.6433162689209,1.0
uniform,5,33.941123962402344,1.0
uniform,3,69.35416412353516,1.0
uniform,5,38.20994567871094,1.0
uniform,3,126.09916687011719,1.0
uniform,3,113.43721008300781,1.0
uniform,3,109.22454071044922,1.0
uniform,5,41.30375289916992,1.0
uniform,5,1.0,0.6363636363636364
uniform,3,35.46829605102539,1.0
uniform,5,15.132745742797852,1.0
uniform,3,18.681541442871094,1.0
uniform,5,5.830951690673828,1.0
uniform,5,0.0,0.5619834710743802
uniform,3,87.45856475830078,1.0
uniform,0,7.280109882354736,1.0
uniform,2,12.083045959472656,1.0
uniform,3,43.5660400390625,1.0
uniform,4,7.0,1.0
uniform,2,11.0,1.0
uniform,0,1.0,0.6528925619834711
uniform,3,14.866068840026855,1.0
uniform,4,7.6157732009887695,1.0
uniform,4,9.0,1.0
uniform,2,18.384777069091797,1.0
uniform,4,1.0,0.5454545454545454
uniform,0,16.492422103881836,1.0
uniform,4,1.4142135381698608,0.6859504132231405
uniform,2,1.0,0.6528925619834711
uniform,2,0.0,0.6528925619834711
uniform,2,31.400636672973633,1.0
uniform,2,17.72004508972168,1.0
uniform,0,14.866068840026855,1.0
uniform,2,11.704699516296387,1.0
uniform,2,8.0,1.0
uniform,2,10.198039054870605,1.0
uniform,0,20.880613327026367,1.0
uniform,4,5.0,0.9917355371900827
uniform,0,37.57658767700195,1.0
uniform,4,1.0,0.6776859504132231
uniform,4,0.0,0.5454545454545454
uniform,0,24.515300750732422,1.0
uniform,0,45.54119110107422,1.0
uniform,0,49.648765563964844,1.0
uniform,0,51.03919982910156,1.0
uniform,4,11.0,1.0
uniform,4,9.0,1.0
boundary,3,120.066650390625,1.0
boundary,5,2.2360680103302,0.7024793388429752
boundary,5,4.4721360206604,0.9669421487603306
boundary,3,76.94153594970703,1.0
boundary,5,31.0,1.0
boundary,5,17.262676239013672,1.0
boundary,5,18.0,1.0
boundary,5,17.0,1.0
boundary,5,2.0,0.7272727272727273
boundary,3,4.0,0.9256198347107438
boundary,4,1.0,0.6363636363636364
boundary,3,37.0,1.0
boundary,3,9.0,1.0
boundary,4,0.0,0.49586776859504134
boundary,3,14.764822959899902,1.0
boundary,3,5.656854152679443,0.9752066115702479
boundary,3,27.018512725830078,1.0
boundary,4,1.0,0.6694214876033058
boundary,3,8.485280990600586,1.0
boundary,2,1.0,0.6776859504132231
boundary,4,3.605551242828369,0.9008264462809917
boundary,2,8.5440034866333,1.0
boundary,4,1.0,0.6033057851239669
boundary,3,1.4142135381698608,0.6859504132231405
boundary,2,8.9442720413208,1.0
boundary,4,2.0,0.743801652892562
boundary,4,1.0,0.6528925619834711
boundary,4,1.0,0.6776859504132231
boundary,2,2.0,0.7520661157024794
boundary,2,2.0,0.7603305785123967
boundary,4,0.0,0.512396694214876
boundary,2,0.0,0.5289256198347108
boundary,2,4.0,0.9504132231404959
boundary,2,0.0,0.5289256198347108
boundary,0,7.211102485656738,1.0
boundary,0,9.0,1.0
boundary,0,7.0,1.0
boundary,2,13.0,1.0
boundary,2,18.439088821411133,1.0
boundary,5,2.0,0.6033057851239669
boundary,5,2.8284270763397217,0.8264462809917356
boundary,0,14.03566837310791,1.0
boundary,0,9.486832618713379,1.0
boundary,0,8.246211051940918,1.0
boundary,0,4.0,0.9256198347107438
boundary,0,13.0,1.0
boundary,5,0.0,0.4444444444444444
boundary,0,18.0,1.0
boundary,4,0.0,0.5537190082644629
boundary,0,32.0,1.0
interior,5,61.52235412597656,1.0
interior,5,85.21150207519531,1.0
interior,5,56.56854248046875,1.0
interior,3,151.46286010742188,1.0
interior,5,74.02702331542969,1.0
interior,5,69.0,1.0
interior,3,137.76791381835938,1.0
interior,5,64.38167572021484,1.0
interior,3,133.98880004882812,1.0
interior,5,22.472204208374023,1.0
interior,5,9.219544410705566,1.0
interior,3,114.3547134399414,1.0
interior,3,82.2800064086914,1.0
interior,3,99.29753112792969,1.0
interior,3,102.45974731445312,1.0
interior,3,100.24469757080078,1.0
interior,5,5.0,1.0
interior,5,5.0,1.0
interior,3,62.297672271728516,1.0
interior,4,12.0,1.0
interior,4,13.0,1.0
interior,3,66.4680404663086,1.0
interior,4,5.0,0.9917355371900827
interior,0,10.0,1.0
interior,4,3.605551242828369,0.8925619834710744
interior,4,2.0,0.7520661157024794
interior,2,23.0867919921875,1.0
interior,2,30.364452362060547,1.0
interior,2,0.0,0.6198347107438017
interior,2,13.0,1.0
interior,2,35.510562896728516,1.0
interior,2,32.572994232177734,1.0
interior,2,39.20458984375,1.0
interior,2,26.870058059692383,1.0
interior,2,18.248287200927734,1.0
interior,0,26.925823211669922,1.0
interior,2,16.278820037841797,1.0
interior,4,10.0,1.0
interior,0,49.97999572753906,1.0
interior,0,31.400636672973633,1.0
interior,4,7.0,1.0
interior,4,9.0,1.0
interior,4,14.0,1.0
interior,0,40.024993896484375,1.0
interior,0,10.0,1.0
interior,0,65.78753662109375,1.0
interior,0,48.05205535888672,1.0
interior,0,44.14748001098633,1.0
interior,0,68.3520278930664,1.0
interior,4,12.0,1.0
uniform,5,84.64632415771484,1.0
uniform,5,0.0,0.5636363636363636
uniform,5,68.60028839111328,1.0
uniform,5,52.49761962890625,1.0
uniform,3,140.91131591796875,1.0
uniform,5,24.041629791259766,1.0
uniform,5,44.72135925292969,1.0
uniform,3,105.11898040771484,1.0
uniform,5,1.4142135381698608,0.71900826446281
uniform,5,46.87216567993164,1.0
uniform,5,42.296573638916016,1.0
uniform,3,52.801513671875,1.0
uniform,5,18.439088821411133,1.0
uniform,3,77.1297607421875,1.0
uniform,3,17.0,1.0
uniform,2,1.0,0.6363636363636364
uniform,4,3.0,0.8264462809917356
uniform,4,6.0,1.0
uniform,4,5.0,1.0
uniform,3,41.1096076965332,1.0
uniform,4,4.0,0.8099173553719008
uniform,3,37.121421813964844,1.0
uniform,0,15.132745742797852,1.0
uniform,3,46.04345703125,1.0
uniform,3,19.79899024963379,1.0
uniform,0,26.476404190063477,1.0
uniform,2,5.0,0.9669421487603306
uniform,2,9.486832618713379,1.0
uniform,2,10.770329475402832,1.0
uniform,4,7.071067810058594,1.0
uniform,3,18.867961883544922,1.0
uniform,4,7.0,1.0
uniform,4,6.4031243324279785,0.9917355371900827
uniform,2,7.0,1.0
uniform,2,5.0,1.0
uniform,2,9.486832618713379,1.0
uniform,2,7.071067810058594,1.0
uniform,0,28.17800521850586,1.0
uniform,0,14.560219764709473,1.0
uniform,0,2.0,0.7603305785123967
uniform,2,2.0,0.7107438016528925
uniform,4,1.0,0.6198347107438017
uniform,0,13.928388595581055,1.0
uniform,2,3.0,0.8181818181818182
uniform,4,8.5440034866333,1.0
uniform,0,2.0,0.7272727272727273
uniform,4,0.0,0.6181818181818182
uniform,0,13.34166431427002,1.0
uniform,0,23.0,1.0
uniform,0,49.0,1.0
boundary,5,1.0,0.6464646464646465
boundary,5,57.982757568359375,1.0
boundary,3,15.620499610900879,1.0
boundary,5,5.0,0.9504132231404959
boundary,5,46.0,1.0
boundary,5,21.540658950805664,1.0
boundary,5,24.020824432373047,1.0
boundary,3,19.416488647460938,1.0
boundary,3,93.04837799072266,1.0
boundary,5,14.866068840026855,1.0
boundary,5,4.0,0.9173553719008265
boundary,5,8.0,1.0
boundary,2,1.0,0.6694214876033058
boundary,3,3.1622776985168457,0.8760330578512396
boundary,4,4.0,0.9008264462809917
boundary,0,9.0,1.0
boundary,3,64.66065216064453,1.0
boundary,3,48.010414123535156,1.0
boundary,0,4.0,0.9421487603305785
boundary,4,4.0,0.9090909090909091
boundary,4,1.0,0.6115702479338843
boundary,0,3.0,0.8512396694214877
boundary,3,44.65422821044922,1.0
boundary,0,10.0,1.0
boundary,2,4.0,0.9090909090909091
boundary,3,20.808652877807617,1.0
boundary,2,1.4142135381698608,0.6859504132231405
boundary,0,5.830951690673828,1.0
boundary,3,1.0,0.6363636363636364
boundary,4,2.8284270763397217,0.8512396694214877
boundary,4,0.0,0.5206611570247934
boundary,3,1.4142135381698608,0.7024793388429752
boundary,4,1.0,0.6694214876033058
boundary,4,0.0,0.4462809917355372
boundary,2,4.4721360206604,0.9669421487603306
boundary,2,3.0,0.8925619834710744
boundary,2,10.0,1.0
boundary,2,8.0,1.0
boundary,2,10.440306663513184,1.0
boundary,5,1.0,0.6464646464646465
boundary,2,7.280109882354736,1.0
boundary,0,2.2360680103302,0.7851239669421488
boundary,2,7.071067810058594,1.0
boundary,0,0.0,0.5041322314049587
boundary,0,21.189620971679688,1.0
boundary,0,10.049875259399414,1.0
boundary,4,0.0,0.6262626262626263
boundary,0,23.194826126098633,1.0
boundary,4,8.0,1.0
boundary,4,0.0,0.5454545454545454
interior,5,70.76722717285156,1.0
interior,3,154.87091064453125,1.0
interior,3,140.22837829589844,1.0
interior,5,77.92945861816406,1.0
interior,5,77.0,1.0
interior,3,45.0,1.0
interior,5,17.20465087890625,1.0
interior,5,67.11929321289062,1.0
interior,5,65.03076171875,1.0
interior,5,42.01190185546875,1.0
interior,3,127.19276428222656,1.0
interior,5,33.241539001464844,1.0
interior,3,5.656854152679443,0.9834710743801653
interior,5,35.510562896728516,1.0
interior,3,106.51290893554688,1.0
interior,3,87.8464584350586,1.0
interior,3,101.51354217529297,1.0
interior,3,82.00609588623047,1.0
interior,5,8.5440034866333,1.0
interior,4,11.180339813232422,1.0
interior,3,41.86884307861328,1.0
interior,4,8.062257766723633,1.0
interior,4,4.0,0.9173553719008265
interior,0,20.0,1.0
interior,2,32.280025482177734,1.0
interior,2,37.656341552734375,1.0
interior,2,16.031219482421875,1.0
interior,2,29.832868576049805,1.0
interior,2,31.575305938720703,1.0
interior,2,22.090721130371094,1.0
interior,2,19.235383987426758,1.0
interior,2,23.0,1.0
interior,2,17.464248657226562,1.0
interior,2,14.0,1.0
interior,4,10.049875259399414,1.0
interior,0,42.72002029418945,1.0
interior,4,8.062257766723633,1.0
interior,0,42.0,1.0
interior,4,10.0,1.0
interior,4,9.0,1.0
interior,4,13.0,1.0
interior,0,30.5941162109375,1.0
interior,0,21.0,1.0
interior,0,50.9215087890625,1.0
interior,4,13.0,1.0
interior,0,59.77457809448242,1.0
interior,0,62.3939094543457,1.0
interior,4,8.0,1.0
interior,0,61.032779693603516,1.0
interior,0,68.3081283569336,1.0
uniform,5,70.83784484863281,1.0
uniform,5,18.027755737304688,1.0
uniform,3,12.369317054748535,1.0
uniform,5,63.071388244628906,1.0
uniform,5,58.07753372192383,1.0
uniform,5,58.215118408203125,1.0
uniform,3,18.357559204101562,1.0
uniform,5,35.22782897949219,1.0
uniform,3,100.40418243408203,1.0
uniform,5,18.439088821411133,1.0
uniform,5,16.031219482421875,1.0
uniform,3,84.43340301513672,1.0
uniform,3,81.60882568359375,1.0
uniform,3,2.0,0.7024793388429752
uniform,5,1.0,0.6611570247933884
uniform,2,3.1622776985168457,0.8677685950413223
uniform,2,8.485280990600586,1.0
uniform,4,8.0,1.0
uniform,3,47.12748718261719,1.0
uniform,4,0.0,0.512396694214876
uniform,4,0.0,0.5454545454545454
uniform,3,24.041629791259766,1.0
uniform,2,0.0,0.5206611570247934
uniform,3,27.658634185791016,1.0
uniform,4,1.4142135381698608,0.7520661157024794
uniform,2,4.242640495300293,0.9421487603305785
uniform,4,4.242640495300293,0.9173553719008265
uniform,0,22.360679626464844,1.0
uniform,2,15.55634880065918,1.0
uniform,3,5.830951690673828,0.9917355371900827
uniform,2,36.13862228393555,1.0
uniform,2,7.0,1.0
uniform,2,32.38827133178711,1.0
uniform,2,39.623226165771484,1.0
uniform,0,18.973665237426758,1.0
uniform,2,28.635643005371094,1.0
uniform,0,9.848857879638672,1.0
uniform,0,10.198039054870605,1.0
uniform,4,4.0,0.9173553719008265
uniform,0,7.071067810058594,1.0
uniform,0,34.78505325317383,1.0
uniform,4,7.0,1.0
uniform,5,1.0,0.42857142857142855
uniform,4,13.0,1.0
uniform,0,41.1096076965332,1.0
uniform,4,6.0,1.0
uniform,0,34.0,1.0
uniform,0,48.66210174560547,1.0
uniform,4,14.0,1.0
uniform,0,49.25444030761719,1.0
boundary,5,14.142135620117188,1.0
boundary,5,18.357559204101562,1.0
boundary,5,9.433980941772461,1.0
boundary,3,0.0,0.5289256198347108
boundary,5,0.0,0.5537190082644629
boundary,5,9.0,1.0
boundary,5,5.0,1.0
boundary,5,2.0,0.7107438016528925
boundary,5,1.0,0.6363636363636364
boundary,0,2.0,0.7272727272727273
boundary,2,6.0,1.0
boundary,4,2.0,0.7355371900826446
boundary,4,1.0,0.6033057851239669
boundary,3,31.764760971069336,1.0
boundary,3,24.698177337646484,1.0
boundary,3,57.48912811279297,1.0
boundary,3,52.32590103149414,1.0
boundary,0,2.0,0.7520661157024794
boundary,3,9.848857879638672,1.0
boundary,4,1.0,0.6363636363636364
boundary,3,20.51828384399414,1.0
boundary,3,9.219544410705566,1.0
boundary,0,1.0,0.6363636363636364
boundary,4,1.0,0.6033057851239669
boundary,0,9.0,1.0
boundary,4,6.082762718200684,1.0
boundary,4,3.0,0.8347107438016529
boundary,2,2.8284270763397217,0.8264462809917356
boundary,4,0.0,0.5454545454545454
boundary,3,10.0,1.0
boundary,3,9.05538558959961,1.0
boundary,2,0.0,0.5702479338842975
boundary,2,9.848857879638672,1.0
boundary,0,18.248287200927734,1.0
boundary,2,2.8284270763397217,0.8264462809917356
boundary,2,17.8885440826416,1.0
boundary,2,11.704699516296387,1.0
boundary,2,10.049875259399414,1.0
boundary,2,4.0,0.9173553719008265
boundary,5,1.0,0.6363636363636364
boundary,2,1.0,0.6033057851239669
boundary,0,9.486832618713379,1.0
boundary,0,2.0,0.71900826446281
boundary,4,3.0,0.7933884297520661
boundary,0,10.630146026611328,1.0
boundary,0,22.803508758544922,1.0
boundary,0,12.649110794067383,1.0
boundary,4,0.0,0.5702479338842975
boundary,4,0.0,0.6868686868686869
boundary,5,1.0,0.3939393939393939
interior,3,95.75489807128906,1.0
interior,5,85.05292510986328,1.0
interior,3,139.08990478515625,1.0
interior,5,31.11269760131836,1.0
interior,5,69.02897644042969,1.0
interior,5,64.49806213378906,1.0
interior,5,51.0,1.0
interior,3,125.01599884033203,1.0
interior,5,56.14267349243164,1.0
interior,5,31.14482307434082,1.0
interior,5,45.09988784790039,1.0
interior,5,44.9110221862793,1.0
interior,5,40.199501037597656,1.0
interior,3,59.40538787841797,1.0
interior,3,89.005615234375,1.0
interior,3,86.64871978759766,1.0
interior,3,65.25334930419922,1.0
interior,4,6.0,1.0
interior,4,10.770329475402832,1.0
interior,3,53.15073013305664,1.0
interior,3,67.5351791381836,1.0
interior,4,6.0,1.0
interior,4,6.0,1.0
interior,4,12.369317054748535,1.0
interior,3,49.81967544555664,1.0
interior,0,17.0,1.0
interior,0,23.0,1.0
interior,4,12.206555366516113,1.0
interior,2,19.646883010864258,1.0
interior,2,21.587032318115234,1.0
interior,0,27.073972702026367,1.0
interior,2,36.400550842285156,1.0
interior,2,39.623226165771484,1.0
interior,2,32.06243896484375,1.0
interior,2,19.0,1.0
interior,2,25.317977905273438,1.0
interior,2,23.706539154052734,1.0
interior,2,17.464248657226562,1.0
interior,2,18.681541442871094,1.0
interior,0,34.4093017578125,1.0
interior,4,3.605551242828369,0.8677685950413223
interior,4,5.0,0.9917355371900827
interior,4,11.0,1.0
interior,4,10.770329475402832,1.0
interior,0,30.01666259765625,1.0
interior,0,34.13209533691406,1.0
interior,0,52.81098556518555,1.0
interior,0,36.0,1.0
interior,0,68.3081283569336,1.0
interior,0,67.67569732666016,1.0
uniform,5,87.28115844726562,1.0
uniform,5,80.15609741210938,1.0
uniform,3,2.2360680103302,0.7402597402597403
uniform,5,55.154327392578125,1.0
uniform,5,5.099019527435303,1.0
uniform,5,30.265491485595703,1.0
uniform,5,28.635643005371094,1.0
uniform,3,100.0,1.0
uniform,3,117.0,1.0
uniform,3,97.02061462402344,1.0
uniform,3,121.69634246826172,1.0
uniform,5,28.23118782043457,1.0
uniform,5,35.35533905029297,1.0
uniform,5,0.0,0.5619834710743802
uniform,5,2.0,0.7272727272727273
uniform,4,2.0,0.71900826446281
uniform,3,7.280109882354736,1.0
uniform,3,28.460498809814453,1.0
uniform,4,6.0,1.0
uniform,4,11.0,1.0
uniform,4,8.0,1.0
uniform,3,29.0,1.0
uniform,3,21.840330123901367,1.0
uniform,3,11.0,1.0
uniform,2,2.8284270763397217,0.8181818181818182
uniform,2,9.219544410705566,1.0
uniform,2,11.0,1.0
uniform,2,13.0,1.0
uniform,2,1.0,0.6528925619834711
uniform,4,3.1622776985168457,0.8760330578512396
uniform,2,1.0,0.6115702479338843
uniform,4,3.0,0.7107438016528925
uniform,2,15.620499610900879,1.0
uniform,0,17.69180679321289,1.0
uniform,2,11.180339813232422,1.0
uniform,2,5.0,0.9752066115702479
uniform,0,30.4138126373291,1.0
uniform,0,2.0,0.7603305785123967
uniform,0,5.0,0.9752066115702479
uniform,0,36.0,1.0
uniform,2,4.0,0.9090909090909091
uniform,0,33.241539001464844,1.0
uniform,4,7.0,1.0
uniform,0,33.734256744384766,1.0
uniform,0,11.0,1.0
uniform,0,43.931766510009766,1.0
uniform,4,2.0,0.743801652892562
uniform,0,46.81879806518555,1.0
uniform,4,7.0,1.0
uniform,4,7.0,1.0
boundary,5,5.385164737701416,1.0
boundary,5,1.0,0.628099173553719
boundary,5,17.804492950439453,1.0
boundary,3,6.4031243324279785,1.0
boundary,5,5.0,0.9504132231404959
boundary,3,50.0,1.0
boundary,5,7.280109882354736,1.0
boundary,5,35.0,1.0
boundary,3,43.84062194824219,1.0
boundary,5,0.0,0.5702479338842975
boundary,5,12.0,1.0
boundary,3,25.0,1.0
boundary,3,0.0,0.5619834710743802
boundary,4,1.0,0.6033057851239669
boundary,2,5.656854152679443,0.9752066115702479
boundary,4,14.0,1.0
boundary,2,12.0,1.0
boundary,2,5.0,0.9752066115702479
boundary,3,15.231546401977539,1.0
boundary,2,0.0,0.5454545454545454
boundary,3,28.600698471069336,1.0
boundary,4,2.2360680103302,0.768595041322314
boundary,4,1.0,0.6446280991735537
boundary,3,35.0,1.0
boundary,4,10.0,1.0
boundary,3,21.540658950805664,1.0
boundary,4,6.0,1.0
boundary,3,4.123105525970459,0.9504132231404959
boundary,0,6.0,1.0
boundary,4,1.0,0.4793388429752066
boundary,2,25.0,1.0
boundary,4,0.0,0.5041322314049587
boundary,2,3.0,0.859504132231405
boundary,0,4.0,0.9504132231404959
boundary,2,18.248287200927734,1.0
boundary,0,0.0,0.5206611570247934
boundary,5,3.0,0.6776859504132231
boundary,2,8.062257766723633,1.0
boundary,2,8.062257766723633,1.0
boundary,0,24.166091918945312,1.0
boundary,0,1.0,0.6611570247933884
boundary,2,6.324555397033691,1.0
boundary,5,3.0,0.8181818181818182
boundary,0,3.0,0.8099173553719008
boundary,0,8.0,1.0
boundary,4,0.0,0.5454545454545454
boundary,0,9.0,1.0
boundary,0,37.0,1.0
boundary,0,24.0,1.0
boundary,4,11.0,1.0
interior,5,87.20664978027344,1.0
interior,5,74.02702331542969,1.0
interior,5,72.00694274902344,1.0
interior,5,70.34912872314453,1.0
interior,5,69.18092346191406,1.0
interior,5,67.36467742919922,1.0
interior,5,60.530982971191406,1.0
interior,3,106.56922912597656,1.0
interior,5,26.172504425048828,1.0
interior,3,124.40257263183594,1.0
interior,3,122.5887451171875,1.0
interior,5,52.46903991699219,1.0
interior,3,42.95346450805664,1.0
interior,3,118.94956970214844,1.0
interior,5,31.30495262145996,1.0
interior,3,110.6526107788086,1.0
interior,3,96.17691802978516,1.0
interior,3,94.86833190917969,1.0
interior,3,92.11405944824219,1.0
interior,3,43.863426208496094,1.0
interior,4,13.34166431427002,1.0
interior,0,11.0,1.0
interior,4,14.0,1.0
interior,4,11.0,1.0
interior,4,1.0,0.6942148760330579
interior,2,2.0,0.7272727272727273
interior,4,10.198039054870605,1.0
interior,2,16.492422103881836,1.0
interior,4,6.082762718200684,1.0
interior,2,13.601470947265625,1.0
interior,4,5.0,0.9752066115702479
interior,4,6.7082037925720215,1.0
interior,0,31.0,1.0
interior,2,10.770329475402832,1.0
interior,2,4.0,0.9338842975206612
interior,2,39.560081481933594,1.0
interior,2,36.67424011230469,1.0
interior,2,33.241539001464844,1.0
interior,2,13.416407585144043,1.0
interior,2,32.24903106689453,1.0
interior,4,4.0,0.8925619834710744
interior,0,25.961509704589844,1.0
interior,0,43.65776062011719,1.0
interior,0,57.567352294921875,1.0
interior,0,41.773197174072266,1.0
interior,4,13.03840446472168,1.0
interior,0,60.728904724121094,1.0
interior,0,59.77457809448242,1.0
interior,0,71.51223754882812,1.0
interior,0,66.40782928466797,1.0
uniform,5,67.20863342285156,1.0
uniform,3,120.33702850341797,1.0
uniform,3,96.13011932373047,1.0
uniform,3,58.07753372192383,1.0
uniform,3,112.04016876220703,1.0
uniform,5,71.00704193115234,1.0
uniform,5,62.68173599243164,1.0
uniform,5,67.0,1.0
uniform,5,35.35533905029297,1.0
uniform,5,8.062257766723633,1.0
uniform,5,48.25971221923828,1.0
uniform,3,116.41735076904297,1.0
uniform,5,31.62277603149414,1.0
uniform,5,31.0,1.0
uniform,5,9.0,1.0
uniform,3,80.05622863769531,1.0
uniform,3,5.0,0.9504132231404959
uniform,2,4.0,0.9504132231404959
uniform,2,6.0,1.0
uniform,3,30.4138126373291,1.0
uniform,0,14.03566837310791,1.0
uniform,3,30.805843353271484,1.0
uniform,2,8.062257766723633,1.0
uniform,2,4.4721360206604,0.9669421487603306
uniform,3,21.189620971679688,1.0
uniform,4,5.656854152679443,0.9752066115702479
uniform,4,5.0,0.9752066115702479
uniform,4,0.0,0.5454545454545454
uniform,2,7.0,1.0
uniform,2,7.6157732009887695,1.0
uniform,0,0.0,0.512396694214876
uniform,2,7.211102485656738,1.0
uniform,2,34.0,1.0
uniform,2,9.0,1.0
uniform,2,21.840330123901367,1.0
uniform,0,11.0,1.0
uniform,0,4.0,0.9338842975206612
uniform,4,4.0,0.9008264462809917
uniform,0,10.198039054870605,1.0
uniform,0,14.560219764709473,1.0
uniform,4,7.0,1.0
uniform,0,17.464248657226562,1.0
uniform,4,8.0,1.0
uniform,4,2.0,0.7603305785123967
uniform,0,50.9215087890625,1.0
uniform,0,23.0,1.0
uniform,4,11.704699516296387,1.0
uniform,4,8.0,1.0
uniform,4,9.0,1.0
uniform,0,60.406951904296875,1.0
boundary,5,65.79513549804688,1.0
boundary,3,55.44366455078125,1.0
boundary,5,5.0,0.9752066115702479
boundary,5,31.400636672973633,1.0
boundary,5,14.764822959899902,1.0
boundary,5,1.4142135381698608,0.6859504132231405
boundary,3,53.00943374633789,1.0
boundary,5,16.76305389404297,1.0
boundary,5,18.0,1.0
boundary,5,7.0,1.0
boundary,4,4.4721360206604,0.9669421487603306
boundary,3,13.892443656921387,1.0
boundary,4,0.0,0.5702479338842975
boundary,3,2.2360680103302,0.8016528925619835
boundary,3,46.173583984375,1.0
boundary,3,19.235383987426758,1.0
boundary,3,24.59674835205078,1.0
boundary,0,3.0,0.859504132231405
boundary,3,16.552946090698242,1.0
boundary,2,5.830951690673828,0.9917355371900827
boundary,0,16.0,1.0
boundary,4,1.0,0.6033057851239669
boundary,4,0.0,0.4297520661157025
boundary,4,0.0,0.5206611570247934
boundary,3,46.647613525390625,1.0
boundary,2,0.0,0.5702479338842975
boundary,4,1.4142135381698608,0.6859504132231405
boundary,2,14.0,1.0
boundary,2,16.492422103881836,1.0
boundary,4,2.8284270763397217,0.71900826446281
boundary,4,0.0,0.5537190082644629
boundary,3,4.0,0.8925619834710744
boundary,2,7.6157732009887695,1.0
boundary,2,7.280109882354736,1.0
boundary,2,8.9442720413208,1.0
boundary,2,18.681541442871094,1.0
boundary,0,1.0,0.6776859504132231
boundary,0,13.928388595581055,1.0
boundary,2,2.0,0.7024793388429752
boundary,2,4.123105525970459,0.9504132231404959
boundary,0,1.0,0.6115702479338843
boundary,5,3.605551242828369,0.8701298701298701
boundary,0,1.0,0.6446280991735537
boundary,4,1.0,0.628099173553719
boundary,0,23.0867919921875,1.0
boundary,5,1.0,0.48863636363636365
boundary,0,33.241539001464844,1.0
boundary,4,4.0,0.9090909090909091
boundary,0,38.470767974853516,1.0
boundary,0,12.0,1.0
interior,5,65.05382537841797,1.0
interior,3,135.44740295410156,1.0
interior,5,79.10120391845703,1.0
interior,5,53.90732955932617,1.0
interior,5,50.990196228027344,1.0
interior,5,61.587337493896484,1.0
interior,3,118.0169448852539,1.0
interior,5,66.12110137939453,1.0
interior,5,61.0,1.0
interior,3,123.40583801269531,1.0
interior,5,54.230987548828125,1.0
interior,3,46.647613525390625,1.0
interior,3,113.1370849609375,1.0
interior,5,44.10215377807617,1.0
interior,5,9.899495124816895,1.0
interior,3,105.11898040771484,1.0
interior,3,97.08243560791016,1.0
interior,3,92.6552734375,1.0
interior,3,91.18113708496094,1.0
interior,4,11.0,1.0
interior,4,1.0,0.6115702479338843
interior,3,52.46903991699219,1.0
interior,4,12.165525436401367,1.0
interior,2,8.0,1.0
interior,2,30.265491485595703,1.0
interior,2,38.832977294921875,1.0
interior,2,11.401754379272461,1.0
interior,2,26.832815170288086,1.0
interior,2,12.0,1.0
interior,2,28.301942825317383,1.0
interior,2,28.600698471069336,1.0
interior,0,29.4108829498291,1.0
interior,2,15.81138801574707,1.0
interior,2,6.0,1.0
interior,0,32.75667953491211,1.0
interior,0,25.961509704589844,1.0
interior,0,30.364452362060547,1.0
interior,4,13.0,1.0
interior,4,9.0,1.0
interior,0,20.248456954956055,1.0
interior,0,49.01020431518555,1.0
interior,0,36.055511474609375,1.0
interior,4,2.0,0.7603305785123967
interior,4,13.152946472167969,1.0
interior,4,10.0,1.0
interior,0,47.07440948486328,1.0
interior,4,14.0,1.0
interior,4,1.0,0.6363636363636364
interior,0,50.695167541503906,1.0
interior,0,65.76473236083984,1.0
uniform,3,14.317821502685547,1.0
uniform,3,1.0,0.6198347107438017
uniform,3,5.830951690673828,1.0
uniform,3,9.219544410705566,1.0
uniform,3,10.0,1.0
uniform,3,1.0,0.5371900826446281
uniform,2,15.29705810546875,1.0
uniform,2,95.18928527832031,1.0
uniform,2,148.60012817382812,1.0
uniform,2,108.90362548828125,1.0
uniform,2,129.83836364746094,1.0
uniform,2,82.00609588623047,1.0
uniform,2,247.7034454345703,1.0
uniform,3,7.0,1.0
uniform,2,40.0,1.0
uniform,3,0.0,0.5867768595041323
uniform,2,65.6201171875,1.0
uniform,3,3.605551242828369,0.8441558441558441
uniform,2,217.32923889160156,1.0
uniform,3,0.0,0.35714285714285715
boundary,2,7.280109882354736,1.0
boundary,3,1.4142135381698608,0.7024793388429752
boundary,3,3.1622776985168457,0.8760330578512396
boundary,3,0.0,0.4214876033057851
boundary,3,1.4142135381698608,0.6611570247933884
boundary,3,6.324555397033691,1.0
boundary,2,16.155494689941406,1.0
boundary,2,70.45565795898438,1.0
boundary,2,136.29747009277344,1.0
boundary,2,89.87213134765625,1.0
boundary,2,37.05401611328125,1.0
boundary,2,186.1316680908203,1.0
boundary,3,0.0,0.4132231404958678
boundary,2,10.440306663513184,1.0
boundary,3,3.0,0.8099173553719008
boundary,2,202.0,1.0
boundary,3,1.0,0.6363636363636364
boundary,3,5.0,0.9727272727272728
boundary,3,0.0,0.5206611570247934
boundary,2,157.33404541015625,1.0
interior,3,13.928388595581055,1.0
interior,3,19.646883010864258,1.0
interior,3,13.152946472167969,1.0
interior,3,13.928388595581055,1.0
interior,3,16.278820037841797,1.0
interior,3,10.29563045501709,1.0
interior,3,14.764822959899902,1.0
interior,3,10.198039054870605,1.0
interior,3,5.099019527435303,1.0
interior,3,10.0,1.0
interior,2,28.44292449951172,1.0
interior,2,155.56991577148438,1.0
interior,2,236.1291961669922,1.0
interior,2,206.16983032226562,1.0
interior,2,215.74522399902344,1.0
interior,2,175.1713409423828,1.0
interior,2,210.77001953125,1.0
interior,2,230.0,1.0
interior,2,264.1211853027344,1.0
interior,2,274.3319091796875,1.0
uniform,3,8.0,1.0
uniform,3,10.440306663513184,1.0
uniform,3,15.65247631072998,1.0
uniform,3,3.0,0.8347107438016529
uniform,3,6.7082037925720215,1.0
uniform,2,22.803508758544922,1.0
uniform,2,41.72529220581055,1.0
uniform,2,69.57010650634766,1.0
uniform,2,186.49664306640625,1.0
uniform,2,140.4599609375,1.0
uniform,2,91.80958557128906,1.0
uniform,2,173.89939880371094,1.0
uniform,2,185.72291564941406,1.0
uniform,2,244.16796875,1.0
uniform,2,285.9178161621094,1.0
uniform,3,0.0,0.48760330578512395
uniform,3,7.280109882354736,1.0
uniform,3,0.0,0.5454545454545454
uniform,3,8.0,1.0
uniform,3,2.8284270763397217,0.7909090909090909
boundary,3,5.385164737701416,1.0
boundary,3,0.0,0.5252525252525253
boundary,3,1.4142135381698608,0.6859504132231405
boundary,3,7.6157732009887695,1.0
boundary,3,4.0,0.9090909090909091
boundary,3,4.242640495300293,0.9173553719008265
boundary,2,99.80982208251953,1.0
boundary,2,69.42621612548828,1.0
boundary,2,104.3886947631836,1.0
boundary,2,54.58937454223633,1.0
boundary,2,110.14535522460938,1.0
boundary,3,0.0,0.47107438016528924
boundary,2,27.0,1.0
boundary,2,25.0,1.0
boundary,2,29.0,1.0
boundary,2,32.0,1.0
boundary,2,4.0,0.9173553719008265
boundary,3,1.0,0.628099173553719
boundary,3,2.8284270763397217,0.7727272727272727
boundary,3,0.0,0.3625
interior,3,17.464248657226562,1.0
interior,3,18.973665237426758,1.0
interior,3,15.55634880065918,1.0
interior,3,15.231546401977539,1.0
interior,3,8.5440034866333,1.0
interior,3,15.0,1.0
interior,3,13.892443656921387,1.0
interior,3,5.0,0.9834710743801653
interior,3,0.0,0.5454545454545454
interior,2,80.3056640625,1.0
interior,3,6.4031243324279785,0.9917355371900827
interior,2,61.773780822753906,1.0
interior,2,87.66413116455078,1.0
interior,2,199.82241821289062,1.0
interior,2,119.00420379638672,1.0
interior,2,257.8565368652344,1.0
interior,2,239.88330078125,1.0
interior,2,240.41006469726562,1.0
interior,2,279.0,1.0
interior,2,216.057861328125,1.0
uniform,3,11.045360565185547,1.0
uniform,3,11.401754379272461,1.0
uniform,3,8.0,1.0
uniform,3,3.605551242828369,0.8888888888888888
uniform,3,6.0,1.0
uniform,3,4.4721360206604,0.9421487603305785
uniform,3,8.246211051940918,1.0
uniform,3,1.0,0.6611570247933884
uniform,2,35.35533905029297,1.0
uniform,2,43.416587829589844,1.0
uniform,2,76.83749389648438,1.0
uniform,2,192.75112915039062,1.0
uniform,2,110.63453674316406,1.0
uniform,2,65.76473236083984,1.0
uniform,2,53.23532485961914,1.0
uniform,2,243.88931274414062,1.0
uniform,2,204.07106018066406,1.0
uniform,3,0.0,0.48760330578512395
uniform,2,117.71150970458984,1.0
uniform,3,2.2360680103302,0.6212121212121212
boundary,3,2.0,0.7070707070707071
boundary,3,1.4142135381698608,0.6909090909090909
boundary,3,4.4721360206604,0.9504132231404959
boundary,3,4.0,0.9256198347107438
boundary,3,1.0,0.6776859504132231
boundary,2,2.8284270763397217,0.8016528925619835
boundary,3,0.0,0.5206611570247934
boundary,2,21.3775577545166,1.0
boundary,2,36.22154235839844,1.0
boundary,2,48.27007293701172,1.0
boundary,2,52.345008850097656,1.0
boundary,2,189.171875,1.0
boundary,2,95.03683471679688,1.0
boundary,2,132.981201171875,1.0
boundary,2,89.8276138305664,1.0
boundary,3,1.0,0.628099173553719
boundary,2,27.018512725830078,1.0
boundary,3,6.0,1.0
boundary,3,0.0,0.512396694214876
boundary,3,0.0,0.5206611570247934
interior,3,2.8284270763397217,0.7424242424242424
interior,3,12.0,1.0
interior,3,18.384777069091797,1.0
interior,3,14.866068840026855,1.0
interior,3,7.0,1.0
interior,3,12.369317054748535,1.0
interior,3,12.041594505310059,1.0
interior,3,7.280109882354736,1.0
interior,3,2.2360680103302,0.7768595041322314
interior,2,40.16217041015625,1.0
interior,2,159.125732421875,1.0
interior,2,205.84703063964844,1.0
interior,2,198.64541625976562,1.0
interior,2,235.37203979492188,1.0
interior,2,43.011627197265625,1.0
interior,2,260.49951171875,1.0
interior,2,254.7096405029297,1.0
interior,3,10.0,1.0
interior,2,278.869140625,1.0
interior,2,174.10629272460938,1.0
uniform,3,7.8102498054504395,1.0
uniform,3,1.4142135381698608,0.6942148760330579
uniform,3,6.082762718200684,1.0
uniform,3,5.830951690673828,1.0
uniform,3,10.0,1.0
uniform,2,18.384777069091797,1.0
uniform,2,58.30952072143555,1.0
uniform,2,68.06614685058594,1.0
uniform,2,150.90394592285156,1.0
uniform,2,88.6453628540039,1.0
uniform,2,147.62791442871094,1.0
uniform,2,90.55384826660156,1.0
uniform,2,66.75328063964844,1.0
uniform,3,7.071067810058594,1.0
uniform,3,6.7082037925720215,1.0
uniform,2,116.8417739868164,1.0
uniform,3,2.8284270763397217,0.7909090909090909
uniform,3,1.0,0.6528925619834711
uniform,3,3.605551242828369,0.8441558441558441
uniform,2,231.248779296875,1.0
boundary,2,143.08738708496094,1.0
boundary,3,4.4721360206604,0.9669421487603306
boundary,3,0.0,0.5206611570247934
boundary,3,0.0,0.5619834710743802
boundary,3,5.0,0.9504132231404959
boundary,3,0.0,0.48760330578512395
boundary,3,1.0,0.6611570247933884
boundary,3,0.0,0.5537190082644629
boundary,2,40.01249694824219,1.0
boundary,2,98.60020446777344,1.0
boundary,2,92.19544219970703,1.0
boundary,2,150.0733184814453,1.0
boundary,2,159.06288146972656,1.0
boundary,2,32.202484130859375,1.0
boundary,2,21.095022201538086,1.0
boundary,2,76.65507507324219,1.0
boundary,2,25.961509704589844,1.0
boundary,3,1.0,0.5950413223140496
boundary,3,8.246211051940918,1.0
boundary,3,0.0,0.5041322314049587
interior,3,18.357559204101562,1.0
interior,3,20.0,1.0
interior,3,13.601470947265625,1.0
interior,3,18.973665237426758,1.0
interior,3,16.970561981201172,1.0
interior,3,11.180339813232422,1.0
interior,3,14.142135620117188,1.0
interior,3,13.45362377166748,1.0
interior,3,14.866068840026855,1.0
interior,2,128.09762573242188,1.0
interior,2,167.2871856689453,1.0
interior,2,128.4562225341797,1.0
interior,2,230.6729278564453,1.0
interior,2,244.9897918701172,1.0
interior,2,259.5091552734375,1.0
interior,2,226.6142120361328,1.0
interior,2,252.0714111328125,1.0
interior,3,7.0,1.0
interior,2,182.098876953125,1.0
interior,2,278.513916015625,1.0
uniform,3,8.0,1.0
uniform,3,16.278820037841797,1.0
uniform,3,11.180339813232422,1.0
uniform,3,9.219544410705566,1.0
uniform,3,0.0,0.6363636363636364
uniform,3,0.0,0.5858585858585859
uniform,2,55.226806640625,1.0
uniform,2,85.21150207519531,1.0
uniform,2,179.4463653564453,1.0
uniform,2,178.21896362304688,1.0
uniform,2,95.13148498535156,1.0
uniform,2,206.3031768798828,1.0
uniform,2,220.1658477783203,1.0
uniform,2,41.1096076965332,1.0
uniform,2,272.0900573730469,1.0
uniform,3,2.0,0.743801652892562
uniform,3,8.0,1.0
uniform,3,2.8284270763397217,0.797979797979798
uniform,3,0.0,0.5702479338842975
uniform,2,200.82330322265625,1.0
boundary,3,9.219544410705566,1.0
boundary,3,0.0,0.5454545454545454
boundary,3,4.4721360206604,0.9504132231404959
boundary,2,3.0,0.8264462809917356
boundary,3,1.0,0.6198347107438017
boundary,2,112.08924865722656,1.0
boundary,2,57.688819885253906,1.0
boundary,2,46.57252502441406,1.0
boundary,2,65.30696868896484,1.0
boundary,2,117.0469970703125,1.0
boundary,2,44.384681701660156,1.0
boundary,2,35.1710090637207,1.0
boundary,2,173.27723693847656,1.0
boundary,3,2.0,0.7107438016528925
boundary,3,8.0,1.0
boundary,3,5.0,1.0
boundary,3,5.099019527435303,1.0
boundary,2,112.28534698486328,1.0
boundary,3,0.0,0.5041322314049587
boundary,3,0.0,0.5272727272727272
interior,3,14.142135620117188,1.0
interior,3,12.806248664855957,1.0
interior,3,12.649110794067383,1.0
interior,3,13.601470947265625,1.0
interior,3,6.7082037925720215,1.0
interior,3,15.524174690246582,1.0
interior,3,16.278820037841797,1.0
interior,3,10.630146026611328,1.0
interior,2,186.01075744628906,1.0
interior,2,142.8985595703125,1.0
interior,2,153.76930236816406,1.0
interior,2,136.12493896484375,1.0
interior,2,228.8055877685547,1.0
interior,2,215.5736541748047,1.0
interior,2,279.2167663574219,1.0
interior,2,161.25135803222656,1.0
interior,2,89.0,1.0
interior,3,10.770329475402832,1.0
interior,3,7.0,1.0
interior,2,277.6508483886719,1.0
uniform,1,208.0817108154297,1.0
uniform,1,157.80050659179688,1.0
uniform,1,172.9768829345703,1.0
uniform,1,132.85330200195312,1.0
uniform,1,136.821044921875,1.0
uniform,1,82.97589874267578,1.0
uniform,1,74.40430450439453,1.0
uniform,2,2.0,0.71900826446281
uniform,5,6.0,1.0
uniform,5,1.0,0.5619834710743802
uniform,2,24.041629791259766,1.0
uniform,3,5.0,1.0
uniform,3,0.0,0.512396694214876
uniform,3,8.602325439453125,1.0
uniform,3,7.071067810058594,1.0
uniform,3,17.0,1.0
uniform,3,19.0,1.0
uniform,3,14.866068840026855,1.0
uniform,3,7.8102498054504395,1.0
uniform,3,15.0,1.0
uniform,3,12.0,1.0
uniform,2,2.8284270763397217,0.8264462809917356
uniform,1,5.0,0.9752066115702479
uniform,2,10.816654205322266,1.0
uniform,1,5.0,0.9752066115702479
uniform,0,5.0,0.9752066115702479
uniform,2,10.440306663513184,1.0
uniform,2,10.770329475402832,1.0
uniform,2,6.324555397033691,1.0
uniform,0,7.071067810058594,1.0
uniform,0,11.180339813232422,1.0
uniform,2,17.029386520385742,1.0
uniform,2,1.0,0.6198347107438017
uniform,0,0.0,0.38016528925619836
uniform,1,29.832868576049805,1.0
uniform,5,0.0,0.5041322314049587
uniform,5,0.0,0.5867768595041323
uniform,5,5.0,0.9752066115702479
uniform,0,19.84943389892578,1.0
uniform,2,17.11724281311035,1.0
uniform,5,1.0,0.5619834710743802
uniform,0,2.0,0.7520661157024794
uniform,5,4.0,0.9338842975206612
uniform,5,4.0,0.9173553719008265
uniform,0,6.082762718200684,1.0
uniform,0,13.03840446472168,1.0
uniform,5,1.4142135381698608,0.6694214876033058
uniform,0,16.0,1.0
uniform,5,2.0,0.5867768595041323
uniform,0,8.0,1.0
boundary,1,124.0,1.0
boundary,1,105.80170440673828,1.0
boundary,1,97.08243560791016,1.0
boundary,1,67.11929321289062,1.0
boundary,2,2.8284270763397217,0.8181818181818182
boundary,2,5.0,1.0
boundary,2,2.2360680103302,0.8760330578512396
boundary,5,2.0,0.71900826446281
boundary,5,0.0,0.5619834710743802
boundary,5,1.0,0.5785123966942148
boundary,5,0.0,0.5619834710743802
boundary,5,3.605551242828369,0.8760330578512396
boundary,3,0.0,0.5041322314049587
boundary,2,21.3775577545166,1.0
boundary,1,18.681541442871094,1.0
boundary,1,18.0,1.0
boundary,3,10.440306663513184,1.0
boundary,3,6.082762718200684,1.0
boundary,1,23.53720474243164,1.0
boundary,3,2.2360680103302,0.7851239669421488
boundary,3,7.0,1.0
boundary,3,0.0,0.5619834710743802
boundary,3,1.0,0.6528925619834711
boundary,3,0.0,0.48760330578512395
boundary,3,5.656854152679443,0.9752066115702479
boundary,2,7.071067810058594,1.0
boundary,1,0.0,0.4132231404958678
boundary,3,1.0,0.6446280991735537
boundary,2,2.0,0.7272727272727273
boundary,1,19.646883010864258,1.0
boundary,0,5.830951690673828,1.0
boundary,2,3.605551242828369,0.9008264462809917
boundary,0,10.049875259399414,1.0
boundary,0,1.0,0.6942148760330579
boundary,0,0.0,0.2892561983471074
boundary,1,20.880613327026367,1.0
boundary,2,6.7082037925720215,1.0
boundary,0,7.071067810058594,1.0
boundary,5,0.0,0.4462809917355372
boundary,0,2.0,0.743801652892562
boundary,5,0.0,0.5785123966942148
boundary,5,0.0,0.5371900826446281
boundary,5,1.4142135381698608,0.628099173553719
boundary,5,2.0,0.7520661157024794
boundary,0,7.0,1.0
boundary,2,1.4142135381698608,0.512396694214876
boundary,0,3.0,0.8347107438016529
boundary,0,0.0,0.5371900826446281
boundary,0,5.830951690673828,0.990909090909091
boundary,2,0.0,0.39090909090909093
interior,1,165.24526977539062,1.0
interior,1,152.26622009277344,1.0
interior,1,173.36666870117188,1.0
interior,1,156.185791015625,1.0
interior,1,128.70509338378906,1.0
interior,1,70.0,1.0
interior,1,31.048349380493164,1.0
interior,1,59.66573715209961,1.0
interior,5,3.0,0.7933884297520661
interior,5,3.0,0.8181818181818182
interior,5,5.099019527435303,1.0
interior,5,5.0,1.0
interior,5,6.7082037925720215,1.0
interior,5,6.0,1.0
interior,1,54.120235443115234,1.0
interior,2,23.0867919921875,1.0
interior,5,4.0,0.8842975206611571
interior,5,0.0,0.48760330578512395
interior,2,23.0867919921875,1.0
interior,2,26.419689178466797,1.0
interior,2,25.0,1.0
interior,2,14.866068840026855,1.0
interior,3,17.464248657226562,1.0
interior,3,18.384777069091797,1.0
interior,3,21.3775577545166,1.0
interior,3,22.203603744506836,1.0
interior,3,23.0,1.0
interior,3,21.21320343017578,1.0
interior,3,12.0,1.0
interior,3,13.03840446472168,1.0
interior,3,17.0,1.0
interior,3,14.866068840026855,1.0
interior,2,6.4031243324279785,0.9917355371900827
interior,1,35.0,1.0
interior,2,11.704699516296387,1.0
interior,2,20.2237491607666,1.0
interior,0,1.0,0.36363636363636365
interior,0,13.928388595581055,1.0
interior,5,5.099019527435303,0.9834710743801653
interior,5,3.1622776985168457,0.7851239669421488
interior,2,14.764822959899902,1.0
interior,0,16.492422103881836,1.0
interior,2,14.21267032623291,1.0
interior,0,32.280025482177734,1.0
interior,0,32.98484420776367,1.0
interior,0,9.219544410705566,1.0
interior,0,34.1760139465332,1.0
interior,0,24.041629791259766,1.0
interior,0,35.510562896728516,1.0
interior,0,37.36308288574219,1.0
uniform,1,153.05227661132812,1.0
uniform,1,150.0,1.0
uniform,1,143.67323303222656,1.0
uniform,1,156.66844177246094,1.0
uniform,1,107.51744079589844,1.0
uniform,1,104.12012481689453,1.0
uniform,1,82.861328125,1.0
uniform,2,1.0,0.6363636363636364
uniform,1,62.17716598510742,1.0
uniform,2,0.0,0.5371900826446281
uniform,5,3.0,0.8099173553719008
uniform,5,2.0,0.7272727272727273
uniform,5,0.0,0.5867768595041323
uniform,5,0.0,0.3140495867768595
uniform,5,1.0,0.4049586776859504
uniform,2,4.0,0.9338842975206612
uniform,5,0.0,0.5289256198347108
uniform,3,5.385164737701416,1.0
uniform,2,0.0,0.5785123966942148
uniform,3,7.0,1.0
uniform,3,8.5440034866333,1.0
uniform,3,7.071067810058594,1.0
uniform,3,14.0,1.0
uniform,2,3.605551242828369,0.9421487603305785
uniform,3,10.29563045501709,1.0
uniform,2,5.830951690673828,1.0
uniform,3,18.439088821411133,1.0
uniform,2,10.440306663513184,1.0
uniform,3,11.313708305358887,1.0
uniform,2,13.0,1.0
uniform,1,42.44997024536133,1.0
uniform,3,7.071067810058594,1.0
uniform,3,3.605551242828369,0.9008264462809917
uniform,2,6.082762718200684,1.0
uniform,2,0.0,0.5785123966942148
uniform,0,1.4142135381698608,0.6859504132231405
uniform,0,4.0,0.9256198347107438
uniform,0,12.165525436401367,1.0
uniform,0,0.0,0.2892561983471074
uniform,0,0.0,0.512396694214876
uniform,1,49.72926712036133,1.0
uniform,5,2.2360680103302,0.7768595041322314
uniform,0,24.0,1.0
uniform,0,24.73863410949707,1.0
uniform,0,26.68332862854004,1.0
uniform,5,3.1622776985168457,0.8677685950413223
uniform,5,2.8284270763397217,0.8016528925619835
uniform,5,2.0,0.7107438016528925
uniform,0,17.72004508972168,1.0
uniform,0,37.10795211791992,1.0
boundary,1,136.29747009277344,1.0
boundary,1,44.40720748901367,1.0
boundary,1,44.40720748901367,1.0
boundary,1,17.0880069732666,1.0
boundary,1,2.0,0.768595041322314
boundary,2,4.0,0.9338842975206612
boundary,5,0.0,0.5619834710743802
boundary,1,20.51828384399414,1.0
boundary,5,1.0,0.6611570247933884
boundary,5,2.0,0.743801652892562
boundary,2,0.0,0.5785123966942148
boundary,2,7.071067810058594,1.0
boundary,5,4.0,0.8842975206611571
boundary,3,0.0,0.5454545454545454
boundary,3,1.0,0.5206611570247934
boundary,2,23.53720474243164,1.0
boundary,1,4.123105525970459,0.9504132231404959
boundary,3,3.605551242828369,0.8760330578512396
boundary,3,6.4031243324279785,0.9917355371900827
boundary,3,2.0,0.6942148760330579
boundary,2,2.0,0.768595041322314
boundary,2,2.8284270763397217,0.8016528925619835
boundary,1,7.0,1.0
boundary,1,8.0,1.0
boundary,3,8.0,1.0
boundary,3,2.2360680103302,0.7851239669421488
boundary,3,2.0,0.7024793388429752
boundary,2,5.385164737701416,0.9752066115702479
boundary,3,0.0,0.5454545454545454
boundary,3,0.0,0.45454545454545453
boundary,2,6.324555397033691,1.0
boundary,2,0.0,0.5206611570247934
boundary,1,37.64305877685547,1.0
boundary,2,2.0,0.768595041322314
boundary,0,8.246211051940918,1.0
boundary,5,0.0,0.3305785123966942
boundary,0,0.0,0.36363636363636365
boundary,5,0.0,0.5371900826446281
boundary,0,2.0,0.5537190082644629
boundary,0,1.0,0.6033057851239669
boundary,0,20.615528106689453,1.0
boundary,0,2.0,0.71900826446281
boundary,5,1.4142135381698608,0.6859504132231405
boundary,5,1.0,0.6528925619834711
boundary,5,0.0,0.5454545454545454
boundary,5,0.0,0.5206611570247934
boundary,0,5.385164737701416,1.0
boundary,0,0.0,0.7272727272727273
boundary,0,3.0,0.8383838383838383
boundary,0,2.8284270763397217,0.8282828282828283
interior,1,171.81675720214844,1.0
interior,1,195.74728393554688,1.0
interior,1,175.51353454589844,1.0
interior,1,135.4400177001953,1.0
interior,1,154.63829040527344,1.0
interior,1,117.72000885009766,1.0
interior,1,138.19189453125,1.0
interior,1,120.16654968261719,1.0
interior,1,142.33763122558594,1.0
interior,1,32.572994232177734,1.0
interior,2,12.649110794067383,1.0
interior,2,14.317821502685547,1.0
interior,2,16.0,1.0
interior,5,4.0,0.9090909090909091
interior,5,6.0,1.0
interior,5,6.0,1.0
interior,5,5.0,0.9917355371900827
interior,5,4.0,0.8842975206611571
interior,2,26.248809814453125,1.0
interior,2,24.351591110229492,1.0
interior,2,11.313708305358887,1.0
interior,2,8.246211051940918,1.0
interior,2,14.142135620117188,1.0
interior,3,18.11077117919922,1.0
interior,2,8.0,1.0
interior,3,21.0,1.0
interior,3,21.260292053222656,1.0
interior,3,20.615528106689453,1.0
interior,3,20.0,1.0
interior,3,18.384777069091797,1.0
interior,3,21.587032318115234,1.0
interior,3,17.69180679321289,1.0
interior,3,19.0,1.0
interior,3,13.416407585144043,1.0
interior,0,8.062257766723633,1.0
interior,2,19.209373474121094,1.0
interior,5,5.0,0.9752066115702479
interior,5,3.0,0.8347107438016529
interior,5,5.0,0.9752066115702479
interior,5,4.0,0.9338842975206612
interior,5,5.099019527435303,0.9834710743801653
interior,0,26.570659637451172,1.0
interior,0,30.364452362060547,1.0
interior,0,28.284271240234375,1.0
interior,0,32.557640075683594,1.0
interior,0,34.48188018798828,1.0
interior,0,33.060550689697266,1.0
interior,0,28.861740112304688,1.0
interior,0,35.902645111083984,1.0
interior,0,29.120439529418945,1.0
uniform,1,166.14752197265625,1.0
uniform,1,166.83224487304688,1.0
uniform,1,151.16217041015625,1.0
uniform,1,39.0,1.0
uniform,1,14.866068840026855,1.0
uniform,2,16.155494689941406,1.0
uniform,5,0.0,0.5289256198347108
uniform,5,1.0,0.4214876033057851
uniform,5,3.1622776985168457,0.8181818181818182
uniform,5,6.0,1.0
uniform,5,1.0,0.48760330578512395
uniform,5,1.0,0.628099173553719
uniform,2,23.53720474243164,1.0
uniform,1,46.097721099853516,1.0
uniform,5,0.0,0.5289256198347108
uniform,1,25.298221588134766,1.0
uniform,3,3.0,0.859504132231405
uniform,2,2.8284270763397217,0.8264462809917356
uniform,3,5.656854152679443,0.9752066115702479
uniform,3,21.3775577545166,1.0
uniform,3,6.7082037925720215,1.0
uniform,3,12.727922439575195,1.0
uniform,3,22.203603744506836,1.0
uniform,3,8.485280990600586,1.0
uniform,3,18.027755737304688,1.0
uniform,2,5.385164737701416,1.0
uniform,3,3.0,0.8512396694214877
uniform,1,60.67124557495117,1.0
uniform,3,1.0,0.6363636363636364
uniform,1,38.41874694824219,1.0
uniform,2,8.062257766723633,1.0
uniform,2,3.0,0.8181818181818182
uniform,2,9.219544410705566,1.0
uniform,2,18.681541442871094,1.0
uniform,0,1.0,0.6942148760330579
uniform,0,15.524174690246582,1.0
uniform,5,3.1622776985168457,0.859504132231405
uniform,2,13.03840446472168,1.0
uniform,0,23.409399032592773,1.0
uniform,5,2.0,0.7520661157024794
uniform,5,2.0,0.743801652892562
uniform,0,26.248809814453125,1.0
uniform,0,2.0,0.7272727272727273
uniform,0,5.0,0.9752066115702479
uniform,0,2.0,0.7107438016528925
uniform,1,17.464248657226562,1.0
uniform,0,8.5440034866333,1.0
uniform,0,12.369317054748535,1.0
uniform,2,0.0,0.6565656565656566
uniform,0,4.0,0.898989898989899
boundary,1,125.57467651367188,1.0
boundary,1,50.59644317626953,1.0
boundary,1,32.015621185302734,1.0
boundary,1,42.05948257446289,1.0
boundary,2,2.0,0.7272727272727273
boundary,1,9.05538558959961,1.0
boundary,1,0.0,0.5785123966942148
boundary,2,3.0,0.8512396694214877
boundary,2,2.8284270763397217,0.8181818181818182
boundary,5,1.0,0.6611570247933884
boundary,5,2.0,0.743801652892562
boundary,5,1.0,0.6611570247933884
boundary,3,0.0,0.5041322314049587
boundary,3,2.0,0.7272727272727273
boundary,3,3.605551242828369,0.8925619834710744
boundary,3,2.0,0.743801652892562
boundary,2,11.045360565185547,1.0
boundary,3,0.0,0.5454545454545454
boundary,2,1.4142135381698608,0.7024793388429752
boundary,3,13.45362377166748,1.0
boundary,3,1.0,0.5702479338842975
boundary,3,0.0,0.5371900826446281
boundary,1,10.440306663513184,1.0
boundary,2,0.0,0.5289256198347108
boundary,2,2.0,0.7768595041322314
boundary,1,37.161808013916016,1.0
boundary,3,1.0,0.6446280991735537
boundary,3,1.0,0.628099173553719
boundary,1,11.401754379272461,1.0
boundary,2,6.4031243324279785,1.0
boundary,2,16.278820037841797,1.0
boundary,0,10.770329475402832,1.0
boundary,0,8.9442720413208,1.0
boundary,5,0.0,0.48760330578512395
boundary,5,0.0,0.371900826446281
boundary,1,41.0,1.0
boundary,2,1.0,0.6694214876033058
boundary,0,18.248287200927734,1.0
boundary,5,0.0,0.5289256198347108
boundary,5,1.0,0.5950413223140496
boundary,5,1.0,0.6198347107438017
boundary,0,12.649110794067383,1.0
boundary,0,4.123105525970459,0.9421487603305785
boundary,0,1.0,0.71900826446281
boundary,0,5.099019527435303,0.9834710743801653
boundary,5,0.0,0.5785123966942148
boundary,5,1.4142135381698608,0.6198347107438017
boundary,0,4.0,0.9256198347107438
boundary,0,0.0,0.2727272727272727
boundary,0,2.2360680103302,0.6363636363636364
interior,1,169.64964294433594,1.0
interior,1,169.44615173339844,1.0
interior,1,185.94622802734375,1.0
interior,1,182.78402709960938,1.0
interior,1,167.91961669921875,1.0
interior,1,154.5056610107422,1.0
interior,1,102.78618621826172,1.0
interior,1,88.81441497802734,1.0
interior,1,21.189620971679688,1.0
interior,1,72.2772445678711,1.0
interior,2,19.416488647460938,1.0
interior,5,3.0,0.8512396694214877
interior,2,21.02379608154297,1.0
interior,5,7.0,1.0
interior,5,6.324555397033691,1.0
interior,5,5.099019527435303,1.0
interior,5,4.4721360206604,0.9504132231404959
interior,5,4.4721360206604,0.9669421487603306
interior,5,3.605551242828369,0.8677685950413223
interior,2,23.53720474243164,1.0
interior,3,14.0,1.0
interior,3,15.0,1.0
interior,3,15.29705810546875,1.0
interior,3,18.0,1.0
interior,3,11.313708305358887,1.0
interior,3,2.2360680103302,0.6942148760330579
interior,3,21.0,1.0
interior,3,21.0,1.0
interior,3,20.0,1.0
interior,3,17.72004508972168,1.0
interior,2,2.2360680103302,0.7933884297520661
interior,2,15.0,1.0
interior,2,12.041594505310059,1.0
interior,2,19.10497283935547,1.0
interior,0,9.0,1.0
interior,2,18.0,1.0
interior,0,4.0,0.9090909090909091
interior,0,18.248287200927734,1.0
interior,2,22.472204208374023,1.0
interior,2,19.84943389892578,1.0
interior,5,5.0,0.9752066115702479
interior,0,26.870058059692383,1.0
interior,0,22.803508758544922,1.0
interior,5,4.0,0.8842975206611571
interior,5,3.605551242828369,0.8925619834710744
interior,0,31.890438079833984,1.0
interior,0,34.36568069458008,1.0
interior,0,21.189620971679688,1.0
interior,0,11.045360565185547,1.0
interior,0,36.13862228393555,1.0
uniform,1,145.09652709960938,1.0
uniform,1,142.44297790527344,1.0
uniform,1,116.15506744384766,1.0
uniform,1,140.80128479003906,1.0
uniform,1,89.49860382080078,1.0
uniform,1,56.920997619628906,1.0
uniform,1,28.160255432128906,1.0
uniform,2,0.0,0.45454545454545453
uniform,2,1.0,0.5041322314049587
uniform,2,5.385164737701416,0.9917355371900827
uniform,1,57.697486877441406,1.0
uniform,2,7.8102498054504395,1.0
uniform,5,2.0,0.6942148760330579
uniform,1,5.0,0.9752066115702479
uniform,2,22.203603744506836,1.0
uniform,5,3.1622776985168457,0.8429752066115702
uniform,5,4.0,0.8842975206611571
uniform,5,2.0,0.71900826446281
uniform,5,2.0,0.7107438016528925
uniform,5,1.0,0.6198347107438017
uniform,3,1.0,0.6115702479338843
uniform,3,3.605551242828369,0.8429752066115702
uniform,2,5.099019527435303,0.9834710743801653
uniform,3,12.0,1.0
uniform,3,1.4142135381698608,0.7024793388429752
uniform,3,17.0,1.0
uniform,3,1.0,0.5950413223140496
uniform,3,17.0,1.0
uniform,3,5.0,0.9586776859504132
uniform,3,3.0,0.8099173553719008
uniform,3,2.0,0.7520661157024794
uniform,1,20.248456954956055,1.0
uniform,2,7.071067810058594,1.0
uniform,2,6.7082037925720215,1.0
uniform,0,5.099019527435303,0.9834710743801653
uniform,2,4.4721360206604,0.9669421487603306
uniform,2,2.2360680103302,0.7851239669421488
uniform,5,3.1622776985168457,0.8760330578512396
uniform,0,18.384777069091797,1.0
uniform,0,6.0,1.0
uniform,5,2.2360680103302,0.7768595041322314
uniform,5,1.0,0.512396694214876
uniform,5,0.0,0.5619834710743802
uniform,0,2.2360680103302,0.7933884297520661
uniform,0,8.9442720413208,1.0
uniform,0,24.20743751525879,1.0
uniform,0,20.880613327026367,1.0
uniform,0,7.0,1.0
uniform,0,0.0,0.5785123966942148
uniform,0,6.7082037925720215,1.0
boundary,1,161.30715942382812,1.0
boundary,1,106.60675048828125,1.0
boundary,1,79.4040298461914,1.0
boundary,1,66.40782928466797,1.0
boundary,1,52.49761962890625,1.0
boundary,1,53.75872039794922,1.0
boundary,1,63.82006072998047,1.0
boundary,1,14.21267032623291,1.0
boundary,1,17.0880069732666,1.0
boundary,5,1.0,0.6694214876033058
boundary,5,1.0,0.5950413223140496
boundary,5,1.0,0.48760330578512395
boundary,5,1.0,0.6528925619834711
boundary,5,0.0,0.5041322314049587
boundary,5,1.0,0.6363636363636364
boundary,2,12.041594505310059,1.0
boundary,2,7.071067810058594,1.0
boundary,2,7.8102498054504395,1.0
boundary,3,9.0,1.0
boundary,3,1.0,0.628099173553719
boundary,2,4.4721360206604,0.9669421487603306
boundary,3,6.4031243324279785,0.9917355371900827
boundary,3,8.485280990600586,1.0
boundary,3,4.123105525970459,0.9338842975206612
boundary,3,7.6157732009887695,1.0
boundary,2,2.8284270763397217,0.8016528925619835
boundary,1,18.973665237426758,1.0
boundary,3,6.324555397033691,0.9917355371900827
boundary,3,12.0,1.0
boundary,3,5.656854152679443,0.9752066115702479
boundary,3,2.2360680103302,0.7851239669421488
boundary,2,8.9442720413208,1.0
boundary,2,9.0,1.0
boundary,2,16.124515533447266,1.0
boundary,0,1.0,0.36363636363636365
boundary,5,1.4142135381698608,0.6942148760330579
boundary,5,0.0,0.5619834710743802
boundary,0,18.027755737304688,1.0
boundary,5,4.4721360206604,0.9586776859504132
boundary,0,0.0,0.6115702479338843
boundary,5,1.4142135381698608,0.7024793388429752
boundary,0,4.123105525970459,0.9421487603305785
boundary,0,1.0,0.6776859504132231
boundary,2,0.0,0.38016528925619836
boundary,0,1.0,0.6776859504132231
boundary,2,9.219544410705566,1.0
boundary,0,1.0,0.6611570247933884
boundary,0,8.9442720413208,1.0
boundary,0,3.605551242828369,0.8585858585858586
boundary,0,4.0,0.9204545454545454
interior,1,167.09278869628906,1.0
interior,1,160.85397338867188,1.0
interior,1,160.1249542236328,1.0
interior,1,133.30416870117188,1.0
interior,1,121.5647964477539,1.0
interior,1,95.35198211669922,1.0
interior,1,77.10382843017578,1.0
interior,1,60.30754470825195,1.0
interior,1,76.5506362915039,1.0
interior,2,17.0880069732666,1.0
interior,5,6.0,0.9917355371900827
interior,5,6.0,1.0
interior,2,26.0,1.0
interior,5,7.0,1.0
interior,5,6.0,1.0
interior,2,24.0,1.0
interior,5,5.830951690673828,1.0
interior,5,5.0,1.0
interior,5,4.123105525970459,0.9586776859504132
interior,5,1.0,0.6528925619834711
interior,2,7.6157732009887695,1.0
interior,2,27.892650604248047,1.0
interior,3,6.324555397033691,1.0
interior,2,23.34523582458496,1.0
interior,3,10.0,1.0
interior,3,17.0,1.0
interior,2,6.7082037925720215,1.0
interior,3,21.0,1.0
interior,3,23.0,1.0
interior,3,12.369317054748535,1.0
interior,3,19.0,1.0
interior,3,17.0,1.0
interior,3,15.29705810546875,1.0
interior,3,5.0,1.0
interior,2,8.0,1.0
interior,2,16.124515533447266,1.0
interior,2,16.6433162689209,1.0
interior,1,31.95309066772461,1.0
interior,0,3.605551242828369,0.9090909090909091
interior,0,18.601076126098633,1.0
interior,5,5.0,0.9752066115702479
interior,5,0.0,0.36363636363636365
interior,0,27.20294189453125,1.0
interior,0,29.698484420776367,1.0
interior,0,29.068883895874023,1.0
interior,0,29.154760360717773,1.0
interior,0,25.495098114013672,1.0
interior,0,14.317821502685547,1.0
interior,0,36.67424011230469,1.0
interior,0,27.513633728027344,1.0
uniform,1,137.44090270996094,1.0
uniform,1,133.7647247314453,1.0
uniform,1,146.1027069091797,1.0
uniform,1,141.2090606689453,1.0
uniform,1,106.09900665283203,1.0
uniform,1,126.53063201904297,1.0
uniform,1,65.4904556274414,1.0
uniform,1,47.12748718261719,1.0
uniform,1,44.68780517578125,1.0
uniform,2,13.0,1.0
uniform,2,16.124515533447266,1.0
uniform,2,5.0,1.0
uniform,5,1.0,0.628099173553719
uniform,5,1.0,0.6446280991735537
uniform,2,3.1622776985168457,0.8760330578512396
uniform,5,4.0,0.9090909090909091
uniform,3,1.4142135381698608,0.5867768595041323
uniform,3,4.123105525970459,0.9421487603305785
uniform,3,15.524174690246582,1.0
uniform,3,7.6157732009887695,1.0
uniform,3,21.21320343017578,1.0
uniform,3,1.0,0.6528925619834711
uniform,3,16.0,1.0
uniform,2,2.2360680103302,0.8677685950413223
uniform,3,4.123105525970459,0.9090909090909091
uniform,3,2.0,0.6942148760330579
uniform,2,10.630146026611328,1.0
uniform,3,1.4142135381698608,0.6859504132231405
uniform,0,1.4142135381698608,0.6859504132231405
uniform,0,2.0,0.7107438016528925
uniform,2,7.0,1.0
uniform,5,0.0,0.5702479338842975
uniform,2,18.601076126098633,1.0
uniform,5,4.0,0.8512396694214877
uniform,0,17.029386520385742,1.0
uniform,0,2.0,0.7603305785123967
uniform,0,16.970561981201172,1.0
uniform,5,3.0,0.859504132231405
uniform,5,4.4721360206604,0.9669421487603306
uniform,5,2.0,0.628099173553719
uniform,1,46.097721099853516,1.0
uniform,0,0.0,0.5867768595041323
uniform,5,0.0,0.5454545454545454
uniform,0,0.0,0.512396694214876
uniform,2,3.0,0.8264462809917356
uniform,0,5.385164737701416,1.0
uniform,0,8.246211051940918,1.0
uniform,5,1.4142135381698608,0.512396694214876
uniform,2,5.0,0.9834710743801653
uniform,0,24.331050872802734,1.0
boundary,1,102.45974731445312,1.0
boundary,1,70.0,1.0
boundary,1,66.73080444335938,1.0
boundary,1,52.81098556518555,1.0
boundary,1,67.94115447998047,1.0
boundary,1,1.0,0.6446280991735537
boundary,1,28.160255432128906,1.0
boundary,2,3.1622776985168457,0.8760330578512396
boundary,2,7.6157732009887695,1.0
boundary,2,0.0,0.5454545454545454
boundary,2,5.099019527435303,0.9834710743801653
boundary,2,0.0,0.5041322314049587
boundary,5,1.0,0.628099173553719
boundary,5,1.0,0.6776859504132231
boundary,1,54.120235443115234,1.0
boundary,5,4.0,0.9090909090909091
boundary,5,2.0,0.743801652892562
boundary,2,2.8284270763397217,0.8760330578512396
boundary,5,0.0,0.5289256198347108
boundary,3,0.0,0.512396694214876
boundary,2,2.0,0.7272727272727273
boundary,3,1.4142135381698608,0.6859504132231405
boundary,3,5.0,1.0
boundary,3,3.605551242828369,0.8760330578512396
boundary,3,7.0,1.0
boundary,1,27.892650604248047,1.0
boundary,3,9.0,1.0
boundary,3,0.0,0.5454545454545454
boundary,3,6.4031243324279785,0.9917355371900827
boundary,3,12.727922439575195,1.0
boundary,1,40.26164245605469,1.0
boundary,3,4.242640495300293,0.9173553719008265
boundary,2,1.4142135381698608,0.768595041322314
boundary,2,10.630146026611328,1.0
boundary,0,3.605551242828369,0.8429752066115702
boundary,0,6.0,1.0
boundary,2,9.0,1.0
boundary,0,5.830951690673828,1.0
boundary,0,1.0,0.33884297520661155
boundary,0,3.0,0.9008264462809917
boundary,0,1.0,0.6363636363636364
boundary,5,0.0,0.5371900826446281
boundary,0,18.439088821411133,1.0
boundary,5,0.0,0.5619834710743802
boundary,5,4.0,0.9256198347107438
boundary,0,0.0,0.5785123966942148
boundary,0,9.486832618713379,1.0
boundary,5,2.2360680103302,0.7933884297520661
boundary,5,1.0,0.6446280991735537
boundary,0,2.0,0.7363636363636363
interior,1,193.21749877929688,1.0
interior,1,183.09832763671875,1.0
interior,1,140.0,1.0
interior,1,138.6542510986328,1.0
interior,1,119.07980346679688,1.0
interior,1,129.24781799316406,1.0
interior,1,129.65338134765625,1.0
interior,1,99.29753112792969,1.0
interior,1,92.6498794555664,1.0
interior,2,2.8284270763397217,0.8099173553719008
interior,2,24.73863410949707,1.0
interior,5,2.8284270763397217,0.7768595041322314
interior,5,6.0,1.0
interior,5,6.0,1.0
interior,5,4.0,0.9504132231404959
interior,5,4.0,0.8925619834710744
interior,5,7.0,1.0
interior,2,22.0,1.0
interior,5,5.0,1.0
interior,2,28.635643005371094,1.0
interior,3,0.0,0.4793388429752066
interior,3,1.0,0.6694214876033058
interior,2,25.495098114013672,1.0
interior,3,5.0,0.9504132231404959
interior,1,53.15073013305664,1.0
interior,3,15.81138801574707,1.0
interior,2,14.866068840026855,1.0
interior,3,18.0,1.0
interior,3,9.219544410705566,1.0
interior,3,16.970561981201172,1.0
interior,3,21.0,1.0
interior,3,20.0,1.0
interior,3,17.72004508972168,1.0
interior,2,12.165525436401367,1.0
interior,0,3.0,0.8264462809917356
interior,2,17.464248657226562,1.0
interior,2,24.698177337646484,1.0
interior,5,3.605551242828369,0.859504132231405
interior,5,4.123105525970459,0.9421487603305785
interior,0,24.515300750732422,1.0
interior,2,10.29563045501709,1.0
interior,5,2.0,0.7272727272727273
interior,0,26.570659637451172,1.0
interior,0,26.248809814453125,1.0
interior,0,29.614185333251953,1.0
interior,0,32.280025482177734,1.0
interior,0,2.2360680103302,0.8347107438016529
interior,0,15.231546401977539,1.0
interior,0,35.05709457397461,1.0
interior,0,36.0,1.0
uniform,0,36.055511474609375,1.0
uniform,2,61.0,1.0
uniform,2,29.0,1.0
uniform,0,94.8946762084961,1.0
uniform,2,40.853397369384766,1.0
uniform,0,43.931766510009766,1.0
uniform,0,97.51409912109375,1.0
uniform,2,29.017236709594727,1.0
uniform,2,11.180339813232422,1.0
uniform,2,53.75872039794922,1.0
uniform,0,8.0,1.0
uniform,0,67.67569732666016,1.0
uniform,3,11.0,1.0
uniform,2,61.29437255859375,1.0
uniform,3,7.0,1.0
uniform,3,16.124515533447266,1.0
uniform,3,2.8284270763397217,0.8264462809917356
uniform,0,42.57933807373047,1.0
uniform,0,26.0,1.0
uniform,0,37.05401611328125,1.0
uniform,2,2.0,0.7024793388429752
uniform,3,12.041594505310059,1.0
uniform,3,7.280109882354736,1.0
uniform,0,24.020824432373047,1.0
uniform,3,6.324555397033691,1.0
uniform,3,11.180339813232422,1.0
uniform,2,26.0,1.0
uniform,3,0.0,0.5206611570247934
uniform,3,0.0,0.8831168831168831
uniform,2,41.19466018676758,1.0
boundary,0,51.0,1.0
boundary,0,32.31098937988281,1.0
boundary,2,11.0,1.0
boundary,0,15.524174690246582,1.0
boundary,0,7.6157732009887695,1.0
boundary,2,10.770329475402832,1.0
boundary,0,100.66280364990234,1.0
boundary,2,36.619667053222656,1.0
boundary,2,26.476404190063477,1.0
boundary,3,2.0,0.7107438016528925
boundary,2,28.301942825317383,1.0
boundary,3,0.0,0.5454545454545454
boundary,3,8.0,1.0
boundary,0,7.0,1.0
boundary,0,3.0,0.7933884297520661
boundary,3,5.830951690673828,0.9917355371900827
boundary,2,24.041629791259766,1.0
boundary,0,6.0,1.0
boundary,0,1.0,0.6611570247933884
boundary,2,0.0,0.5289256198347108
boundary,3,2.0,0.7520661157024794
boundary,3,4.4721360206604,0.9504132231404959
boundary,2,1.0,0.6115702479338843
boundary,3,13.892443656921387,1.0
boundary,0,43.046485900878906,1.0
boundary,3,14.764822959899902,1.0
boundary,2,4.0,0.8842975206611571
boundary,3,5.830951690673828,0.9917355371900827
boundary,2,14.317821502685547,1.0
boundary,3,1.4142135381698608,0.935064935064935
interior,0,64.19501495361328,1.0
interior,2,49.25444030761719,1.0
interior,0,102.41581726074219,1.0
interior,0,133.24038696289062,1.0
interior,0,130.50669860839844,1.0
interior,0,95.7078857421875,1.0
interior,0,136.0330810546875,1.0
interior,0,23.194826126098633,1.0
interior,2,38.94868469238281,1.0
interior,0,103.07764434814453,1.0
interior,0,98.84330749511719,1.0
interior,2,41.1096076965332,1.0
interior,2,66.48307800292969,1.0
interior,2,62.3939094543457,1.0
interior,0,53.037723541259766,1.0
interior,3,20.59126091003418,1.0
interior,3,13.892443656921387,1.0
interior,3,10.29563045501709,1.0
interior,3,5.385164737701416,0.9834710743801653
interior,2,56.08921432495117,1.0
interior,2,64.03124237060547,1.0
interior,3,18.788293838500977,1.0
interior,2,21.21320343017578,1.0
interior,3,33.970577239990234,1.0
interior,2,38.20994567871094,1.0
interior,3,1.0,0.6115702479338843
interior,3,8.062257766723633,1.0
interior,3,32.31098937988281,1.0
interior,3,32.893768310546875,1.0
interior,2,55.02726745605469,1.0
uniform,0,82.4196548461914,1.0
uniform,0,55.865909576416016,1.0
uniform,2,50.0,1.0
uniform,0,131.79530334472656,1.0
uniform,2,24.59674835205078,1.0
uniform,0,10.0,1.0
uniform,2,46.48655700683594,1.0
uniform,2,5.0,0.9752066115702479
uniform,0,78.51751708984375,1.0
uniform,0,39.051246643066406,1.0
uniform,0,71.86793518066406,1.0
uniform,2,7.0,1.0
uniform,3,18.357559204101562,1.0
uniform,2,45.35416030883789,1.0
uniform,0,11.0,1.0
uniform,0,44.55333709716797,1.0
uniform,3,12.165525436401367,1.0
uniform,0,42.04759216308594,1.0
uniform,3,30.364452362060547,1.0
uniform,3,25.961509704589844,1.0
uniform,3,23.0867919921875,1.0
uniform,3,9.05538558959961,1.0
uniform,2,14.0,1.0
uniform,3,0.0,0.5619834710743802
uniform,2,5.099019527435303,1.0
uniform,3,34.058773040771484,1.0
uniform,3,22.203603744506836,1.0
uniform,3,28.017850875854492,1.0
uniform,2,6.0,1.0
uniform,2,0.0,0.5702479338842975
boundary,0,25.298221588134766,1.0
boundary,0,2.2360680103302,0.6611570247933884
boundary,2,2.0,0.768595041322314
boundary,0,7.211102485656738,1.0
boundary,0,0.0,0.5454545454545454
boundary,2,7.280109882354736,1.0
boundary,0,33.0,1.0
boundary,2,0.0,0.7272727272727273
boundary,0,6.0,1.0
boundary,3,0.0,0.4696969696969697
boundary,3,9.05538558959961,1.0
boundary,0,65.4904556274414,1.0
boundary,2,15.0,1.0
boundary,3,8.062257766723633,1.0
boundary,3,1.4142135381698608,0.6942148760330579
boundary,3,0.0,0.5702479338842975
boundary,0,17.464248657226562,1.0
boundary,2,7.0,1.0
boundary,2,2.8284270763397217,0.8512396694214877
boundary,3,0.0,0.5303030303030303
boundary,2,0.0,0.6363636363636364
boundary,2,17.0,1.0
boundary,2,1.0,0.6694214876033058
boundary,3,21.3775577545166,1.0
boundary,3,2.2360680103302,0.71900826446281
boundary,0,37.121421813964844,1.0
boundary,2,2.0,0.7520661157024794
boundary,3,8.062257766723633,1.0
boundary,0,40.31128692626953,1.0
boundary,3,4.0,0.9256198347107438
interior,2,70.51950073242188,1.0
interior,2,68.3081283569336,1.0
interior,0,155.077392578125,1.0
interior,0,115.83609008789062,1.0
interior,2,69.87130737304688,1.0
interior,0,153.70751953125,1.0
interior,0,109.83624267578125,1.0
interior,0,127.01181030273438,1.0
interior,2,45.650848388671875,1.0
interior,0,127.66361999511719,1.0
interior,0,84.2140121459961,1.0
interior,0,114.1095962524414,1.0
interior,2,39.560081481933594,1.0
interior,0,73.75635528564453,1.0
interior,2,54.230987548828125,1.0
interior,3,11.0,1.0
interior,2,61.073726654052734,1.0
interior,2,44.94440841674805,1.0
interior,0,5.0,1.0
interior,3,25.495098114013672,1.0
interior,3,25.298221588134766,1.0
interior,3,31.62277603149414,1.0
interior,3,36.24913787841797,1.0
interior,2,2.0,0.7603305785123967
interior,3,39.81205749511719,1.0
interior,2,10.0,1.0
interior,3,36.878177642822266,1.0
interior,3,26.419689178466797,1.0
interior,3,10.630146026611328,1.0
interior,3,28.635643005371094,1.0
uniform,0,115.12167358398438,1.0
uniform,0,137.0875701904297,1.0
uniform,0,2.8284270763397217,0.8181818181818182
uniform,2,47.67599105834961,1.0
uniform,2,42.72002029418945,1.0
uniform,2,33.941123962402344,1.0
uniform,2,4.4721360206604,0.9586776859504132
uniform,0,80.62257385253906,1.0
uniform,2,29.546573638916016,1.0
uniform,2,24.413110733032227,1.0
uniform,3,1.0,0.5537190082644629
uniform,0,39.81205749511719,1.0
uniform,3,10.440306663513184,1.0
uniform,2,43.104522705078125,1.0
uniform,3,17.72004508972168,1.0
uniform,0,8.0,1.0
uniform,0,5.0,1.0
uniform,2,55.3263053894043,1.0
uniform,3,2.2360680103302,0.7768595041322314
uniform,3,20.880613327026367,1.0
uniform,3,4.0,0.9338842975206612
uniform,3,25.298221588134766,1.0
uniform,2,46.173583984375,1.0
uniform,0,49.36598205566406,1.0
uniform,3,21.02379608154297,1.0
uniform,3,36.2353401184082,1.0
uniform,0,46.010868072509766,1.0
uniform,0,46.097721099853516,1.0
uniform,3,10.29563045501709,1.0
uniform,2,32.649654388427734,1.0
boundary,2,4.0,0.9256198347107438
boundary,0,14.0,1.0
boundary,0,67.18630981445312,1.0
boundary,0,18.11077117919922,1.0
boundary,2,1.4142135381698608,0.922077922077922
boundary,0,13.928388595581055,1.0
boundary,0,4.0,0.9008264462809917
boundary,3,15.524174690246582,1.0
boundary,2,8.5440034866333,1.0
boundary,2,5.0,0.9669421487603306
boundary,0,32.0,1.0
boundary,3,1.0,0.6115702479338843
boundary,2,4.0,0.9338842975206612
boundary,3,0.0,0.5041322314049587
boundary,2,1.4142135381698608,0.7851239669421488
boundary,2,12.0,1.0
boundary,2,12.165525436401367,1.0
boundary,0,14.142135620117188,1.0
boundary,3,1.0,0.6115702479338843
boundary,2,13.0,1.0
boundary,3,13.152946472167969,1.0
boundary,0,51.244510650634766,1.0
boundary,3,7.280109882354736,1.0
boundary,3,2.0,0.7272727272727273
boundary,3,0.0,0.5454545454545454
boundary,3,0.0,0.5206611570247934
boundary,0,9.0,1.0
boundary,2,1.4142135381698608,0.7024793388429752
boundary,3,1.0,0.8636363636363636
boundary,0,46.27094268798828,1.0
interior,0,38.60051727294922,1.0
interior,0,27.85677719116211,1.0
interior,0,145.78408813476562,1.0
interior,0,143.85061645507812,1.0
interior,2,34.13209533691406,1.0
interior,0,120.70211029052734,1.0
interior,0,77.78174591064453,1.0
interior,0,106.169677734375,1.0
interior,2,48.25971221923828,1.0
interior,0,3.0,0.8347107438016529
interior,2,29.96664810180664,1.0
interior,0,100.96038818359375,1.0
interior,2,54.708316802978516,1.0
interior,2,53.15073013305664,1.0
interior,2,63.28506851196289,1.0
interior,3,17.029386520385742,1.0
interior,2,37.05401611328125,1.0
interior,2,41.1096076965332,1.0
interior,2,5.385164737701416,0.9834710743801653
interior,2,30.610456466674805,1.0
interior,3,20.615528106689453,1.0
interior,3,28.861740112304688,1.0
interior,3,31.95309066772461,1.0
interior,3,24.331050872802734,1.0
interior,3,40.70626449584961,1.0
interior,3,21.931713104248047,1.0
interior,3,24.20743751525879,1.0
interior,3,18.384777069091797,1.0
interior,0,19.02629852294922,1.0
interior,3,31.62277603149414,1.0
uniform,0,111.44953918457031,1.0
uniform,2,29.20616340637207,1.0
uniform,0,37.121421813964844,1.0
uniform,2,23.76972770690918,1.0
uniform,0,84.01190185546875,1.0
uniform,0,54.58937454223633,1.0
uniform,0,65.19202423095703,1.0
uniform,0,65.11528015136719,1.0
uniform,3,13.45362377166748,1.0
uniform,2,53.600372314453125,1.0
uniform,0,24.083189010620117,1.0
uniform,3,10.770329475402832,1.0
uniform,3,2.2360680103302,0.7768595041322314
uniform,3,0.0,0.512396694214876
uniform,2,25.942243576049805,1.0
uniform,0,43.73785400390625,1.0
uniform,0,15.65247631072998,1.0
uniform,2,31.0,1.0
uniform,2,4.123105525970459,0.9090909090909091
uniform,2,8.062257766723633,1.0
uniform,2,2.0,0.7272727272727273
uniform,0,11.0,1.0
uniform,2,32.0,1.0
uniform,3,34.48188018798828,1.0
uniform,3,11.180339813232422,1.0
uniform,3,43.8292121887207,1.0
uniform,3,25.806976318359375,1.0
uniform,3,21.189620971679688,1.0
uniform,3,24.20743751525879,1.0
uniform,2,41.43669891357422,1.0
boundary,0,60.728904724121094,1.0
boundary,0,39.824615478515625,1.0
boundary,0,7.6157732009887695,1.0
boundary,2,23.706539154052734,1.0
boundary,2,1.0,0.6694214876033058
boundary,2,12.0,1.0
boundary,2,0.0,0.5867768595041323
boundary,2,24.331050872802734,1.0
boundary,3,5.656854152679443,0.9752066115702479
boundary,0,17.11724281311035,1.0
boundary,3,10.29563045501709,1.0
boundary,0,20.880613327026367,1.0
boundary,3,5.385164737701416,0.9834710743801653
boundary,3,0.0,0.5041322314049587
boundary,0,52.55473327636719,1.0
boundary,0,1.4142135381698608,0.6859504132231405
boundary,0,1.0,0.6115702479338843
boundary,0,14.317821502685547,1.0
boundary,3,2.2360680103302,0.7768595041322314
boundary,2,2.0,0.6942148760330579
boundary,2,27.294687271118164,1.0
boundary,3,11.401754379272461,1.0
boundary,0,37.05401611328125,1.0
boundary,3,1.0,0.6115702479338843
boundary,2,3.0,0.8181818181818182
boundary,3,10.770329475402832,1.0
boundary,2,5.385164737701416,0.9834710743801653
boundary,2,25.942243576049805,1.0
boundary,3,16.6433162689209,1.0
boundary,3,13.34166431427002,1.0
interior,0,57.584720611572266,1.0
interior,2,70.1783447265625,1.0
interior,0,106.6255111694336,1.0
interior,2,49.04079818725586,1.0
interior,0,127.28314971923828,1.0
interior,0,128.41339111328125,1.0
interior,0,110.8873291015625,1.0
interior,2,50.0,1.0
interior,0,102.8250961303711,1.0
interior,0,103.12128448486328,1.0
interior,2,66.2872543334961,1.0
interior,2,40.0,1.0
interior,0,46.173583984375,1.0
interior,3,6.4031243324279785,0.9917355371900827
interior,0,60.81118392944336,1.0
interior,3,18.357559204101562,1.0
interior,2,54.918121337890625,1.0
interior,2,57.567352294921875,1.0
interior,2,26.870058059692383,1.0
interior,2,52.55473327636719,1.0
interior,2,35.12833786010742,1.0
interior,3,3.0,0.7933884297520661
interior,3,14.142135620117188,1.0
interior,3,42.04759216308594,1.0
interior,3,32.4499626159668,1.0
interior,0,23.76972770690918,1.0
interior,3,18.027755737304688,1.0
interior,3,30.675724029541016,1.0
interior,3,28.017850875854492,1.0
interior,3,17.029386520385742,1.0
uniform,0,50.59644317626953,1.0
uniform,0,128.51458740234375,1.0
uniform,0,96.76776123046875,1.0
uniform,0,67.44627380371094,1.0
uniform,2,6.324555397033691,1.0
uniform,2,25.0,1.0
uniform,0,8.5440034866333,1.0
uniform,2,37.0,1.0
uniform,0,88.23265075683594,1.0
uniform,0,71.56814575195312,1.0
uniform,2,34.928497314453125,1.0
uniform,0,45.0444221496582,1.0
uniform,2,65.37583923339844,1.0
uniform,2,41.231056213378906,1.0
uniform,0,6.0,1.0
uniform,0,51.92301940917969,1.0
uniform,2,18.384777069091797,1.0
uniform,2,44.204071044921875,1.0
uniform,3,20.124610900878906,1.0
uniform,3,21.02379608154297,1.0
uniform,3,22.803508758544922,1.0
uniform,3,30.675724029541016,1.0
uniform,3,29.832868576049805,1.0
uniform,3,12.083045959472656,1.0
uniform,2,46.04345703125,1.0
uniform,3,20.59126091003418,1.0
uniform,3,8.5440034866333,1.0
uniform,2,1.0,0.6611570247933884
uniform,3,5.830951690673828,0.9917355371900827
uniform,3,3.605551242828369,0.9545454545454546
boundary,2,18.384777069091797,1.0
boundary,2,5.385164737701416,0.9917355371900827
boundary,0,13.601470947265625,1.0
boundary,0,22.803508758544922,1.0
boundary,2,17.262676239013672,1.0
boundary,2,24.698177337646484,1.0
boundary,0,21.095022201538086,1.0
boundary,3,1.0,0.5537190082644629
boundary,2,31.78049659729004,1.0
boundary,0,55.803226470947266,1.0
boundary,3,0.0,0.4380165289256198
boundary,3,9.486832618713379,1.0
boundary,0,17.804492950439453,1.0
boundary,0,50.03998565673828,1.0
boundary,0,26.0,1.0
boundary,2,4.0,0.9173553719008265
boundary,3,0.0,0.5702479338842975
boundary,3,2.0,0.7520661157024794
boundary,2,14.317821502685547,1.0
boundary,0,0.0,0.5537190082644629
boundary,3,1.0,0.6528925619834711
boundary,0,48.041648864746094,1.0
boundary,2,10.0,1.0
boundary,3,3.0,0.8264462809917356
boundary,3,1.0,0.6446280991735537
boundary,2,12.649110794067383,1.0
boundary,0,19.92485809326172,1.0
boundary,2,5.0,1.0
boundary,3,1.0,0.6115702479338843
boundary,3,5.385164737701416,0.9834710743801653
interior,0,149.88328552246094,1.0
interior,0,64.07027435302734,1.0
interior,0,145.39944458007812,1.0
interior,2,63.348243713378906,1.0
interior,0,145.523193359375,1.0
interior,0,132.0605926513672,1.0
interior,0,85.37564086914062,1.0
interior,2,50.80354309082031,1.0
interior,2,61.032779693603516,1.0
interior,0,84.17243957519531,1.0
interior,2,27.58622932434082,1.0
interior,0,82.38932037353516,1.0
interior,2,62.3939094543457,1.0
interior,0,45.343135833740234,1.0
interior,2,51.088157653808594,1.0
interior,0,45.31004333496094,1.0
interior,2,52.009613037109375,1.0
interior,3,2.0,0.743801652892562
interior,2,15.132745742797852,1.0
interior,3,29.068883895874023,1.0
interior,3,27.20294189453125,1.0
interior,3,23.34523582458496,1.0
interior,3,38.897300720214844,1.0
interior,3,39.66106414794922,1.0
interior,3,28.284271240234375,1.0
interior,3,24.83948516845703,1.0
interior,2,58.46366500854492,1.0
interior,3,31.95309066772461,1.0
interior,3,24.59674835205078,1.0
interior,2,40.31128692626953,1.0
uniform,0,6.0,1.0
uniform,2,9.0,1.0
uniform,2,1.0,0.5950413223140496
uniform,3,0.0,0.512396694214876
uniform,3,4.123105525970459,0.9256198347107438
uniform,3,1.0,0.6363636363636364
uniform,0,2.0,0.71900826446281
uniform,3,0.0,0.5454545454545454
uniform,0,29.017236709594727,1.0
uniform,0,26.925823211669922,1.0
uniform,3,6.0,1.0
uniform,0,33.0151481628418,1.0
uniform,3,12.041594505310059,1.0
uniform,3,1.0,0.6198347107438017
uniform,3,14.0,1.0
uniform,2,2.2360680103302,0.6528925619834711
uniform,3,1.0,0.6611570247933884
uniform,3,0.0,0.5206611570247934
uniform,2,4.4721360206604,0.9669421487603306
uniform,2,24.020824432373047,1.0
uniform,2,27.85677719116211,1.0
uniform,2,28.635643005371094,1.0
uniform,2,27.20294189453125,1.0
uniform,2,28.635643005371094,1.0
uniform,0,0.0,0.5867768595041323
uniform,0,5.830951690673828,1.0
uniform,0,11.401754379272461,1.0
uniform,0,14.0,1.0
uniform,1,16.492422103881836,1.0
uniform,0,15.81138801574707,1.0
uniform,1,11.0,1.0
uniform,1,33.541019439697266,1.0
uniform,1,60.8276252746582,1.0
uniform,1,64.93843078613281,1.0
uniform,2,4.0,0.8939393939393939
uniform,1,74.3303451538086,1.0
uniform,1,73.16419982910156,1.0
uniform,1,86.14522552490234,1.0
uniform,1,89.10667419433594,1.0
uniform,1,103.57605743408203,1.0
boundary,1,4.4721360206604,0.9393939393939394
boundary,0,1.4142135381698608,0.8383838383838383
boundary,0,3.0,0.8264462809917356
boundary,2,1.0,0.6694214876033058
boundary,2,0.0,0.5867768595041323
boundary,3,0.0,0.5454545454545454
boundary,0,5.0,1.0
boundary,0,8.0,1.0
boundary,3,3.605551242828369,0.9008264462809917
boundary,3,0.0,0.5909090909090909
boundary,0,8.485280990600586,1.0
boundary,3,1.0,0.6363636363636364
boundary,3,4.123105525970459,0.9421487603305785
boundary,2,19.0,1.0
boundary,2,17.72004508972168,1.0
boundary,3,13.0,1.0
boundary,3,12.369317054748535,1.0
boundary,3,2.0,0.7272727272727273
boundary,3,11.704699516296387,1.0
boundary,3,3.1622776985168457,0.961038961038961
boundary,0,24.698177337646484,1.0
boundary,0,8.5440034866333,1.0
boundary,2,2.0,0.743801652892562
boundary,2,3.1622776985168457,0.8842975206611571
boundary,2,2.2360680103302,0.8512396694214877
boundary,2,5.830951690673828,1.0
boundary,2,5.385164737701416,1.0
boundary,2,8.9442720413208,1.0
boundary,0,4.0,0.9173553719008265
boundary,0,3.0,0.8347107438016529
boundary,1,8.9442720413208,1.0
boundary,1,7.6157732009887695,1.0
boundary,0,17.804492950439453,1.0
boundary,1,24.083189010620117,1.0
boundary,1,40.607879638671875,1.0
boundary,1,34.525352478027344,1.0
boundary,1,12.041594505310059,1.0
boundary,1,40.31128692626953,1.0
boundary,1,8.0,1.0
boundary,1,3.0,0.8383838383838383
interior,2,16.0,1.0
interior,0,31.256999969482422,1.0
interior,0,31.016124725341797,1.0
interior,0,11.401754379272461,1.0
interior,0,30.463092803955078,1.0
interior,0,36.12478256225586,1.0
interior,3,17.262676239013672,1.0
interior,3,19.0,1.0
interior,3,21.095022201538086,1.0
interior,3,11.0,1.0
interior,0,38.94868469238281,1.0
interior,3,21.63330841064453,1.0
interior,3,17.8885440826416,1.0
interior,3,16.155494689941406,1.0
interior,3,17.8885440826416,1.0
interior,3,18.357559204101562,1.0
interior,3,17.20465087890625,1.0
interior,0,36.68787384033203,1.0
interior,0,5.0,0.9917355371900827
interior,0,4.0,0.9173553719008265
interior,2,24.20743751525879,1.0
interior,2,24.1867733001709,1.0
interior,2,26.925823211669922,1.0
interior,2,13.152946472167969,1.0
interior,2,26.476404190063477,1.0
interior,2,29.068883895874023,1.0
interior,2,28.07133674621582,1.0
interior,2,37.2155876159668,1.0
interior,2,22.360679626464844,1.0
interior,0,1.0,0.6198347107438017
interior,1,4.4721360206604,0.9669421487603306
interior,1,49.36598205566406,1.0
interior,1,61.392181396484375,1.0
interior,1,75.13321685791016,1.0
interior,1,65.37583923339844,1.0
interior,1,75.66372680664062,1.0
interior,1,83.86298370361328,1.0
interior,1,91.08238220214844,1.0
interior,1,89.94442749023438,1.0
interior,1,76.0,1.0
uniform,2,9.848857879638672,1.0
uniform,0,29.529645919799805,1.0
uniform,2,7.6157732009887695,1.0
uniform,3,14.317821502685547,1.0
uniform,3,11.180339813232422,1.0
uniform,3,12.369317054748535,1.0
uniform,3,23.021728515625,1.0
uniform,3,3.0,0.8512396694214877
uniform,3,19.313207626342773,1.0
uniform,3,15.264337539672852,1.0
uniform,3,14.21267032623291,1.0
uniform,3,12.529964447021484,1.0
uniform,3,5.0,0.9669421487603306
uniform,0,16.278820037841797,1.0
uniform,0,6.7082037925720215,1.0
uniform,2,33.2866325378418,1.0
uniform,2,12.0,1.0
uniform,2,12.649110794067383,1.0
uniform,2,10.770329475402832,1.0
uniform,2,19.92485809326172,1.0
uniform,2,1.4142135381698608,0.7024793388429752
uniform,2,15.132745742797852,1.0
uniform,2,2.0,0.71900826446281
uniform,0,2.0,0.7024793388429752
uniform,0,12.041594505310059,1.0
uniform,0,4.4721360206604,0.9669421487603306
uniform,0,13.892443656921387,1.0
uniform,0,5.0,1.0
uniform,0,8.062257766723633,1.0
uniform,1,35.12833786010742,1.0
uniform,1,33.060550689697266,1.0
uniform,1,13.152946472167969,1.0
uniform,1,25.079872131347656,1.0
uniform,1,18.973665237426758,1.0
uniform,1,44.283180236816406,1.0
uniform,1,40.31128692626953,1.0
uniform,0,23.53720474243164,1.0
uniform,1,30.066593170166016,1.0
uniform,1,92.07062530517578,1.0
uniform,1,89.5600357055664,1.0
boundary,1,0.0,0.45454545454545453
boundary,1,1.0,0.6666666666666666
boundary,2,13.928388595581055,1.0
boundary,2,11.180339813232422,1.0
boundary,2,14.03566837310791,1.0
boundary,2,1.0,0.6528925619834711
boundary,3,4.123105525970459,0.9421487603305785
boundary,3,5.0,0.9752066115702479
boundary,3,3.1622776985168457,0.8677685950413223
boundary,3,3.0,0.7851239669421488
boundary,0,10.049875259399414,1.0
boundary,0,6.7082037925720215,1.0
boundary,3,13.0,1.0
boundary,3,8.0,1.0
boundary,0,7.280109882354736,1.0
boundary,3,3.0,0.7520661157024794
boundary,3,10.29563045501709,1.0
boundary,3,8.062257766723633,1.0
boundary,3,5.0,0.9669421487603306
boundary,2,15.524174690246582,1.0
boundary,2,20.880613327026367,1.0
boundary,2,15.65247631072998,1.0
boundary,2,1.0,0.6818181818181818
boundary,2,2.0,0.7107438016528925
boundary,2,4.4721360206604,0.9669421487603306
boundary,0,8.062257766723633,1.0
boundary,0,1.0,0.5785123966942148
boundary,0,9.219544410705566,1.0
boundary,0,14.317821502685547,1.0
boundary,1,1.0,0.628099173553719
boundary,1,7.0,1.0
boundary,1,10.440306663513184,1.0
boundary,1,23.194826126098633,1.0
boundary,0,0.0,0.5041322314049587
boundary,1,28.284271240234375,1.0
boundary,1,32.015621185302734,1.0
boundary,1,35.05709457397461,1.0
boundary,0,14.866068840026855,1.0
boundary,1,8.0,1.0
boundary,0,8.062257766723633,1.0
interior,0,27.073972702026367,1.0
interior,0,24.083189010620117,1.0
interior,3,11.661903381347656,1.0
interior,0,33.241539001464844,1.0
interior,3,16.492422103881836,1.0
interior,0,37.735923767089844,1.0
interior,3,13.152946472167969,1.0
interior,3,14.142135620117188,1.0
interior,3,22.847318649291992,1.0
interior,3,24.166091918945312,1.0
interior,3,19.416488647460938,1.0
interior,3,23.323806762695312,1.0
interior,3,17.0,1.0
interior,3,20.0,1.0
interior,2,24.020824432373047,1.0
interior,0,18.248287200927734,1.0
interior,0,8.0,1.0
interior,2,7.071067810058594,1.0
interior,2,29.529645919799805,1.0
interior,2,22.135944366455078,1.0
interior,2,26.248809814453125,1.0
interior,2,22.803508758544922,1.0
interior,2,29.120439529418945,1.0
interior,2,33.61547088623047,1.0
interior,2,33.61547088623047,1.0
interior,2,16.492422103881836,1.0
interior,0,10.0,1.0
interior,0,1.0,0.6694214876033058
interior,0,7.280109882354736,1.0
interior,0,26.925823211669922,1.0
interior,1,60.530982971191406,1.0
interior,1,65.27633666992188,1.0
interior,1,67.46851348876953,1.0
interior,1,73.82411193847656,1.0
interior,1,84.85281372070312,1.0
interior,1,80.23091888427734,1.0
interior,1,84.85281372070312,1.0
interior,1,98.99494934082031,1.0
interior,1,91.66242218017578,1.0
interior,1,104.08650207519531,1.0
uniform,1,7.0,1.0
uniform,2,22.0,1.0
uniform,2,12.041594505310059,1.0
uniform,0,15.524174690246582,1.0
uniform,0,35.0,1.0
uniform,2,0.0,0.512396694214876
uniform,0,1.0,0.7851239669421488
uniform,3,9.433980941772461,1.0
uniform,3,6.0,1.0
uniform,3,19.646883010864258,1.0
uniform,3,18.788293838500977,1.0
uniform,3,6.324555397033691,1.0
uniform,3,13.416407585144043,1.0
uniform,2,21.0,1.0
uniform,0,30.0,1.0
uniform,3,12.529964447021484,1.0
uniform,2,2.8284270763397217,0.8677685950413223
uniform,3,7.6157732009887695,1.0
uniform,3,5.830951690673828,0.9917355371900827
uniform,3,2.2360680103302,0.7933884297520661
uniform,0,12.369317054748535,1.0
uniform,2,16.552946090698242,1.0
uniform,2,22.0,1.0
uniform,2,15.29705810546875,1.0
uniform,2,29.4108829498291,1.0
uniform,2,12.165525436401367,1.0
uniform,0,4.0,0.9256198347107438
uniform,0,11.045360565185547,1.0
uniform,0,9.848857879638672,1.0
uniform,1,7.6157732009887695,1.0
uniform,1,18.248287200927734,1.0
uniform,0,12.649110794067383,1.0
uniform,1,0.0,0.5702479338842975
uniform,1,47.16990661621094,1.0
uniform,1,19.92485809326172,1.0
uniform,0,7.280109882354736,1.0
uniform,1,62.801273345947266,1.0
uniform,1,85.58621215820312,1.0
uniform,1,77.10382843017578,1.0
uniform,1,25.079872131347656,1.0
boundary,2,13.152946472167969,1.0
boundary,1,1.0,0.6033057851239669
boundary,2,7.0,1.0
boundary,2,4.0,0.9338842975206612
boundary,0,3.0,0.8264462809917356
boundary,3,0.0,0.5454545454545454
boundary,3,0.0,0.512396694214876
boundary,3,4.4721360206604,0.9586776859504132
boundary,0,8.0,1.0
boundary,0,14.866068840026855,1.0
boundary,3,0.0,0.5867768595041323
boundary,3,5.0,1.0
boundary,2,2.0,0.7355371900826446
boundary,3,5.0,1.0
boundary,3,4.4721360206604,0.9504132231404959
boundary,3,7.6157732009887695,1.0
boundary,0,4.123105525970459,0.9586776859504132
boundary,3,7.6157732009887695,1.0
boundary,3,4.242640495300293,0.9256198347107438
boundary,0,7.071067810058594,1.0
boundary,2,7.280109882354736,1.0
boundary,0,7.8102498054504395,1.0
boundary,2,6.082762718200684,1.0
boundary,2,13.601470947265625,1.0
boundary,2,11.661903381347656,1.0
boundary,0,1.4142135381698608,0.6942148760330579
boundary,2,11.0,1.0
boundary,2,3.0,0.8347107438016529
boundary,0,9.0,1.0
boundary,1,9.486832618713379,1.0
boundary,1,10.198039054870605,1.0
boundary,1,16.492422103881836,1.0
boundary,1,7.280109882354736,1.0
boundary,1,27.892650604248047,1.0
boundary,1,16.0,1.0
boundary,1,25.179357528686523,1.0
boundary,1,64.32728576660156,1.0
boundary,0,20.39607810974121,1.0
boundary,0,15.132745742797852,1.0
boundary,1,17.0,1.0
interior,0,4.123105525970459,0.8831168831168831
interior,0,32.015621185302734,1.0
interior,3,8.246211051940918,1.0
interior,0,37.36308288574219,1.0
interior,3,12.083045959472656,1.0
interior,3,12.0,1.0
interior,3,17.8885440826416,1.0
interior,3,18.027755737304688,1.0
interior,3,22.135944366455078,1.0
interior,0,28.017850875854492,1.0
interior,3,22.360679626464844,1.0
interior,3,21.931713104248047,1.0
interior,3,23.25940704345703,1.0
interior,3,18.439088821411133,1.0
interior,0,29.27456283569336,1.0
interior,0,35.735137939453125,1.0
interior,0,27.892650604248047,1.0
interior,2,23.430749893188477,1.0
interior,0,2.2360680103302,0.7768595041322314
interior,2,0.0,0.512396694214876
interior,0,1.4142135381698608,0.6694214876033058
interior,2,26.248809814453125,1.0
interior,2,33.734256744384766,1.0
interior,2,34.48188018798828,1.0
interior,2,27.658634185791016,1.0
interior,2,36.68787384033203,1.0
interior,2,33.541019439697266,1.0
interior,2,25.0,1.0
interior,2,19.0,1.0
interior,1,19.02629852294922,1.0
interior,1,16.76305389404297,1.0
interior,0,9.486832618713379,1.0
interior,1,71.56814575195312,1.0
interior,1,60.29925537109375,1.0
interior,1,81.21575927734375,1.0
interior,1,90.09439849853516,1.0
interior,1,94.64142608642578,1.0
interior,1,32.98484420776367,1.0
interior,1,99.29753112792969,1.0
interior,1,88.1192398071289,1.0
uniform,2,21.0,1.0
uniform,2,9.05538558959961,1.0
uniform,2,17.0,1.0
uniform,0,25.495098114013672,1.0
uniform,0,3.0,0.8181818181818182
uniform,0,5.0,1.0
uniform,3,0.0,0.5206611570247934
uniform,0,3.605551242828369,0.8760330578512396
uniform,2,3.1622776985168457,0.8677685950413223
uniform,3,9.433980941772461,1.0
uniform,3,13.928388595581055,1.0
uniform,3,14.0,1.0
uniform,3,21.954498291015625,1.0
uniform,3,17.0880069732666,1.0
uniform,0,8.0,1.0
uniform,3,11.180339813232422,1.0
uniform,3,4.0,0.9008264462809917
uniform,3,8.246211051940918,1.0
uniform,3,1.0,0.5867768595041323
uniform,0,11.401754379272461,1.0
uniform,0,3.605551242828369,0.9090909090909091
uniform,2,5.385164737701416,1.0
uniform,2,24.515300750732422,1.0
uniform,2,0.0,0.5785123966942148
uniform,2,30.5941162109375,1.0
uniform,2,13.601470947265625,1.0
uniform,2,0.0,0.5454545454545454
uniform,0,1.4142135381698608,0.6859504132231405
uniform,0,8.0,1.0
uniform,1,1.0,0.628099173553719
uniform,0,20.0,1.0
uniform,1,33.734256744384766,1.0
uniform,1,38.832977294921875,1.0
uniform,1,52.77309799194336,1.0
uniform,1,52.345008850097656,1.0
uniform,1,52.77309799194336,1.0
uniform,1,60.01666259765625,1.0
uniform,1,65.92420196533203,1.0
uniform,1,77.92945861816406,1.0
uniform,1,98.84330749511719,1.0
boundary,2,9.05538558959961,1.0
boundary,0,23.34523582458496,1.0
boundary,2,0.0,0.5454545454545454
boundary,2,1.0,0.6115702479338843
boundary,0,2.2360680103302,0.7768595041322314
boundary,3,0.0,0.38016528925619836
boundary,3,3.0,0.8512396694214877
boundary,3,8.5440034866333,1.0
boundary,0,3.0,0.8099173553719008
boundary,2,6.0,1.0
boundary,3,14.764822959899902,1.0
boundary,3,6.0,1.0
boundary,3,0.0,0.48760330578512395
boundary,3,4.4721360206604,0.9421487603305785
boundary,3,3.605551242828369,0.9292929292929293
boundary,3,2.0,0.7520661157024794
boundary,2,26.62705421447754,1.0
boundary,3,1.4142135381698608,0.6611570247933884
boundary,0,7.280109882354736,1.0
boundary,2,7.280109882354736,1.0
boundary,2,9.219544410705566,1.0
boundary,0,9.433980941772461,1.0
boundary,0,4.0,0.9504132231404959
boundary,0,4.242640495300293,0.9256198347107438
boundary,2,0.0,0.5537190082644629
boundary,2,3.605551242828369,0.8760330578512396
boundary,0,2.8284270763397217,0.8429752066115702
boundary,2,0.0,0.5041322314049587
boundary,0,7.0,1.0
boundary,1,7.0,1.0
boundary,1,20.099750518798828,1.0
boundary,1,9.0,1.0
boundary,1,26.476404190063477,1.0
boundary,1,30.4138126373291,1.0
boundary,1,29.832868576049805,1.0
boundary,1,30.4138126373291,1.0
boundary,1,53.600372314453125,1.0
boundary,1,56.08921432495117,1.0
boundary,1,5.830951690673828,1.0
boundary,0,18.027755737304688,1.0
interior,0,27.0,1.0
interior,3,4.4721360206604,0.9090909090909091
interior,3,8.062257766723633,1.0
interior,0,40.804412841796875,1.0
interior,0,35.11410140991211,1.0
interior,3,15.65247631072998,1.0
interior,0,25.806976318359375,1.0
interior,3,21.931713104248047,1.0
interior,3,18.11077117919922,1.0
interior,3,9.0,1.0
interior,3,23.323806762695312,1.0
interior,3,17.0,1.0
interior,3,21.02379608154297,1.0
interior,3,14.866068840026855,1.0
interior,2,20.02498435974121,1.0
interior,0,24.083189010620117,1.0
interior,2,28.65309715270996,1.0
interior,0,20.2237491607666,1.0
interior,0,20.02498435974121,1.0
interior,2,19.72308349609375,1.0
interior,0,19.313207626342773,1.0
interior,2,24.041629791259766,1.0
interior,2,26.07680892944336,1.0
interior,2,18.973665237426758,1.0
interior,2,31.320919036865234,1.0
interior,2,25.179357528686523,1.0
interior,2,34.885528564453125,1.0
interior,2,2.0,0.768595041322314
interior,0,10.770329475402832,1.0
interior,1,15.524174690246582,1.0
interior,1,32.557640075683594,1.0
interior,1,22.360679626464844,1.0
interior,1,48.83646011352539,1.0
interior,1,75.31268310546875,1.0
interior,1,53.600372314453125,1.0
interior,1,77.92945861816406,1.0
interior,1,95.75489807128906,1.0
interior,1,89.80534362792969,1.0
interior,0,17.464248657226562,1.0
interior,1,97.49359130859375,1.0
uniform,2,7.0,1.0
uniform,0,4.0,0.9338842975206612
uniform,3,3.1622776985168457,0.8760330578512396
uniform,3,9.433980941772461,1.0
uniform,3,10.770329475402832,1.0
uniform,3,15.231546401977539,1.0
uniform,0,18.973665237426758,1.0
uniform,3,20.615528106689453,1.0
uniform,0,21.260292053222656,1.0
uniform,0,23.323806762695312,1.0
uniform,3,17.464248657226562,1.0
uniform,2,17.11724281311035,1.0
uniform,3,14.317821502685547,1.0
uniform,2,13.03840446472168,1.0
uniform,3,12.529964447021484,1.0
uniform,0,4.4721360206604,0.9669421487603306
uniform,3,13.0,1.0
uniform,3,5.830951690673828,1.0
uniform,0,16.0,1.0
uniform,2,8.0,1.0
uniform,2,14.422204971313477,1.0
uniform,2,15.55634880065918,1.0
uniform,2,25.806976318359375,1.0
uniform,2,21.189620971679688,1.0
uniform,2,26.305892944335938,1.0
uniform,2,11.0,1.0
uniform,0,10.0,1.0
uniform,0,8.5440034866333,1.0
uniform,1,5.385164737701416,1.0
uniform,1,2.0,0.6942148760330579
uniform,1,11.401754379272461,1.0
uniform,1,25.495098114013672,1.0
uniform,0,7.6157732009887695,1.0
uniform,0,6.0,1.0
uniform,1,30.066593170166016,1.0
uniform,1,34.928497314453125,1.0
uniform,1,48.50773239135742,1.0
uniform,1,67.47592163085938,1.0
uniform,1,39.051246643066406,1.0
uniform,1,102.25947570800781,1.0
boundary,1,5.0,0.9696969696969697
boundary,0,0.0,0.5454545454545454
boundary,1,1.0,0.5909090909090909
boundary,2,5.0,1.0
boundary,0,4.0,0.9338842975206612
boundary,3,4.0,0.9090909090909091
boundary,3,2.0,0.7603305785123967
boundary,3,5.830951690673828,1.0
boundary,3,4.4721360206604,0.9504132231404959
boundary,0,5.385164737701416,1.0
boundary,2,2.0,0.7520661157024794
boundary,3,0.0,0.5702479338842975
boundary,2,0.0,0.5537190082644629
boundary,3,4.4721360206604,0.9504132231404959
boundary,3,5.0,0.9669421487603306
boundary,3,4.4721360206604,0.9504132231404959
boundary,2,9.433980941772461,1.0
boundary,3,7.211102485656738,1.0
boundary,3,0.0,0.512396694214876
boundary,2,13.416407585144043,1.0
boundary,0,8.062257766723633,1.0
boundary,0,9.433980941772461,1.0
boundary,2,26.4007568359375,1.0
boundary,2,10.198039054870605,1.0
boundary,2,0.0,0.5289256198347108
boundary,2,18.0,1.0
boundary,2,0.0,0.5702479338842975
boundary,0,1.0,0.5950413223140496
boundary,0,8.0,1.0
boundary,1,2.8284270763397217,0.7851239669421488
boundary,0,6.7082037925720215,1.0
boundary,0,2.0,0.6942148760330579
boundary,1,4.123105525970459,0.9586776859504132
boundary,1,9.05538558959961,1.0
boundary,1,12.0,1.0
boundary,1,17.0,1.0
boundary,1,18.0,1.0
boundary,1,32.015621185302734,1.0
boundary,0,4.0,0.9421487603305785
boundary,1,3.0,0.859504132231405
interior,2,7.0,1.0
interior,2,15.524174690246582,1.0
interior,2,10.440306663513184,1.0
interior,0,23.021728515625,1.0
interior,0,2.0,0.71900826446281
interior,3,0.0,0.4462809917355372
interior,3,1.0,0.6611570247933884
interior,0,5.385164737701416,1.0
interior,0,31.906112670898438,1.0
interior,0,37.48332977294922,1.0
interior,0,41.761226654052734,1.0
interior,3,11.0,1.0
interior,3,18.0,1.0
interior,3,22.360679626464844,1.0
interior,3,14.03566837310791,1.0
interior,2,13.0,1.0
interior,3,18.601076126098633,1.0
interior,0,3.0,0.8429752066115702
interior,3,13.0,1.0
interior,0,25.495098114013672,1.0
interior,3,7.211102485656738,1.0
interior,3,8.485280990600586,1.0
interior,2,14.764822959899902,1.0
interior,2,31.575305938720703,1.0
interior,2,31.048349380493164,1.0
interior,2,35.11410140991211,1.0
interior,2,25.495098114013672,1.0
interior,2,22.56102752685547,1.0
interior,0,13.928388595581055,1.0
interior,1,2.0,0.7603305785123967
interior,1,12.369317054748535,1.0
interior,1,20.02498435974121,1.0
interior,0,23.53720474243164,1.0
interior,1,43.416587829589844,1.0
interior,1,23.0867919921875,1.0
interior,1,80.60397338867188,1.0
interior,1,99.98500061035156,1.0
interior,1,100.62306213378906,1.0
interior,1,100.9752426147461,1.0
interior,1,101.60708618164062,1.0
uniform,3,46.06517028808594,1.0
uniform,3,25.553865432739258,1.0
uniform,3,34.438350677490234,1.0
uniform,2,40.31128692626953,1.0
uniform,2,34.2344856262207,1.0
uniform,2,23.853721618652344,1.0
uniform,2,17.0,1.0
uniform,2,4.4721360206604,0.9421487603305785
uniform,2,6.7082037925720215,1.0
uniform,2,1.4142135381698608,0.7107438016528925
uniform,2,72.56031799316406,1.0
uniform,2,60.67124557495117,1.0
uniform,3,20.39607810974121,1.0
uniform,3,24.083189010620117,1.0
uniform,2,88.0,1.0
uniform,3,22.803508758544922,1.0
uniform,3,31.048349380493164,1.0
uniform,3,52.611785888671875,1.0
uniform,3,22.0,1.0
uniform,3,6.7082037925720215,1.0
boundary,3,21.931713104248047,1.0
boundary,2,107.91200256347656,1.0
boundary,2,74.95331573486328,1.0
boundary,3,12.083045959472656,1.0
boundary,3,0.0,0.5619834710743802
boundary,3,9.848857879638672,1.0
boundary,3,6.324555397033691,1.0
boundary,2,8.062257766723633,1.0
boundary,2,0.0,0.5619834710743802
boundary,3,8.0,1.0
boundary,2,37.05401611328125,1.0
boundary,3,17.0,1.0
boundary,2,54.0,1.0
boundary,2,1.0,0.6363636363636364
boundary,2,47.67599105834961,1.0
boundary,2,74.0,1.0
boundary,3,22.360679626464844,1.0
boundary,3,12.369317054748535,1.0
boundary,3,8.062257766723633,1.0
boundary,2,34.0,1.0
interior,3,67.5425796508789,1.0
interior,3,59.50630187988281,1.0
interior,2,97.0,1.0
interior,2,81.83519744873047,1.0
interior,2,6.0,1.0
interior,3,52.839378356933594,1.0
interior,3,70.23532104492188,1.0
interior,2,125.39936065673828,1.0
interior,3,65.19202423095703,1.0
interior,3,63.03173828125,1.0
interior,3,57.27128601074219,1.0
interior,3,52.08646774291992,1.0
interior,3,38.05259704589844,1.0
interior,3,20.124610900878906,1.0
interior,2,110.44002532958984,1.0
interior,2,139.2156524658203,1.0
interior,2,158.90248107910156,1.0
interior,2,93.03762817382812,1.0
interior,2,173.4877471923828,1.0
interior,2,71.40028381347656,1.0
uniform,3,57.42821502685547,1.0
uniform,3,25.961509704589844,1.0
uniform,2,68.00735473632812,1.0
uniform,3,29.068883895874023,1.0
uniform,2,43.08131790161133,1.0
uniform,2,76.5506362915039,1.0
uniform,2,22.090721130371094,1.0
uniform,2,49.92995071411133,1.0
uniform,2,24.1867733001709,1.0
uniform,2,20.59126091003418,1.0
uniform,3,6.7082037925720215,1.0
uniform,3,10.0,1.0
uniform,3,34.828147888183594,1.0
uniform,3,28.792360305786133,1.0
uniform,2,87.82368469238281,1.0
uniform,3,33.52610778808594,1.0
uniform,2,52.49761962890625,1.0
uniform,3,15.0,1.0
uniform,3,31.575305938720703,1.0
uniform,2,66.40029907226562,1.0
boundary,2,9.219544410705566,1.0
boundary,2,0.0,0.5702479338842975
boundary,2,92.69843292236328,1.0
boundary,3,1.0,0.6033057851239669
boundary,3,20.124610900878906,1.0
boundary,3,6.0,1.0
boundary,2,8.5440034866333,1.0
boundary,2,24.59674835205078,1.0
boundary,3,1.0,0.6115702479338843
boundary,2,21.931713104248047,1.0
boundary,2,27.892650604248047,1.0
boundary,2,6.0,1.0
boundary,3,2.2360680103302,0.8016528925619835
boundary,3,7.0,1.0
boundary,3,14.560219764709473,1.0
boundary,3,34.65544509887695,1.0
boundary,2,92.0,1.0
boundary,2,39.0,1.0
boundary,3,25.0,1.0
boundary,3,27.73084831237793,1.0
interior,2,114.0,1.0
interior,2,96.00521087646484,1.0
interior,3,57.28001403808594,1.0
interior,3,33.060550689697266,1.0
interior,3,31.906112670898438,1.0
interior,2,73.97972869873047,1.0
interior,2,74.4311752319336,1.0
interior,3,30.805843353271484,1.0
interior,3,42.04759216308594,1.0
interior,3,65.3681869506836,1.0
interior,3,52.0,1.0
interior,3,69.00724792480469,1.0
interior,3,64.03124237060547,1.0
interior,2,106.4048843383789,1.0
interior,2,67.0,1.0
interior,3,31.38471031188965,1.0
interior,2,148.05404663085938,1.0
interior,2,140.2462158203125,1.0
interior,2,162.0154266357422,1.0
interior,2,122.53978729248047,1.0
uniform,3,17.11724281311035,1.0
uniform,2,95.13148498535156,1.0
uniform,2,104.69001770019531,1.0
uniform,3,1.0,0.628099173553719
uniform,2,12.529964447021484,1.0
uniform,2,41.231056213378906,1.0
uniform,2,12.0,1.0
uniform,3,14.422204971313477,1.0
uniform,3,44.94440841674805,1.0
uniform,2,107.1680908203125,1.0
uniform,2,118.20744323730469,1.0
uniform,2,104.9952392578125,1.0
uniform,3,51.41984176635742,1.0
uniform,2,21.260292053222656,1.0
uniform,3,21.02379608154297,1.0
uniform,3,24.041629791259766,1.0
uniform,3,5.656854152679443,0.9752066115702479
uniform,3,10.816654205322266,1.0
uniform,3,5.385164737701416,1.0
uniform,2,106.43777465820312,1.0
boundary,3,25.942243576049805,1.0
boundary,2,85.5102310180664,1.0
boundary,2,3.1622776985168457,0.8677685950413223
boundary,2,4.4721360206604,0.9504132231404959
boundary,2,22.135944366455078,1.0
boundary,2,14.0,1.0
boundary,2,19.235383987426758,1.0
boundary,2,24.698177337646484,1.0
boundary,3,1.0,0.6115702479338843
boundary,3,8.0,1.0
boundary,2,12.0,1.0
boundary,3,19.10497283935547,1.0
boundary,3,0.0,0.5371900826446281
boundary,3,7.6157732009887695,1.0
boundary,2,60.8276252746582,1.0
boundary,3,8.0,1.0
boundary,2,42.0,1.0
boundary,3,10.440306663513184,1.0
boundary,3,25.05992889404297,1.0
boundary,3,7.211102485656738,1.0
interior,3,77.6208724975586,1.0
interior,3,76.55716705322266,1.0
interior,3,78.26238250732422,1.0
interior,3,25.63201141357422,1.0
interior,2,45.09988784790039,1.0
interior,2,93.0,1.0
interior,3,37.48332977294922,1.0
interior,2,104.78549194335938,1.0
interior,2,104.7377700805664,1.0
interior,3,66.5732650756836,1.0
interior,3,73.06161499023438,1.0
interior,3,46.0,1.0
interior,3,65.45991516113281,1.0
interior,3,63.0,1.0
interior,2,148.12156677246094,1.0
interior,2,138.2931671142578,1.0
interior,2,156.34896850585938,1.0
interior,2,101.59232330322266,1.0
interior,2,170.98829650878906,1.0
interior,2,151.00331115722656,1.0
uniform,2,106.01886749267578,1.0
uniform,2,101.6513671875,1.0
uniform,3,11.661903381347656,1.0
uniform,2,29.681644439697266,1.0
uniform,2,26.0,1.0
uniform,2,30.0,1.0
uniform,2,24.698177337646484,1.0
uniform,3,0.0,0.5454545454545454
uniform,3,13.0,1.0
uniform,3,2.2360680103302,0.7272727272727273
uniform,2,110.64356994628906,1.0
uniform,3,52.15361785888672,1.0
uniform,3,1.4142135381698608,0.7603305785123967
uniform,3,36.0,1.0
uniform,2,87.8464584350586,1.0
uniform,2,64.637451171875,1.0
uniform,3,41.88078308105469,1.0
uniform,3,32.649654388427734,1.0
uniform,3,33.541019439697266,1.0
uniform,2,151.00331115722656,1.0
boundary,2,17.69180679321289,1.0
boundary,3,38.0,1.0
boundary,2,85.84288024902344,1.0
boundary,3,0.0,0.5867768595041323
boundary,2,1.0,0.6694214876033058
boundary,3,1.0,0.6198347107438017
boundary,2,12.083045959472656,1.0
boundary,3,2.0,0.7603305785123967
boundary,2,57.87054443359375,1.0
boundary,3,1.0,0.6198347107438017
boundary,3,7.071067810058594,1.0
boundary,3,21.0,1.0
boundary,3,28.861740112304688,1.0
boundary,2,0.0,0.5702479338842975
boundary,2,7.6157732009887695,1.0
boundary,3,6.7082037925720215,1.0
boundary,2,13.0,1.0
boundary,3,28.844409942626953,1.0
boundary,2,8.485280990600586,1.0
boundary,2,11.661903381347656,1.0
interior,3,76.47875213623047,1.0
interior,3,65.55150604248047,1.0
interior,2,50.0,1.0
interior,2,33.105892181396484,1.0
interior,3,30.0,1.0
interior,3,50.0099983215332,1.0
interior,3,64.47480010986328,1.0
interior,3,65.51335906982422,1.0
interior,3,67.35725402832031,1.0
interior,2,133.30416870117188,1.0
interior,3,18.973665237426758,1.0
interior,2,65.0,1.0
interior,3,41.01219177246094,1.0
interior,3,14.866068840026855,1.0
interior,2,132.85330200195312,1.0
interior,2,161.04656982421875,1.0
interior,2,172.69915771484375,1.0
interior,2,90.97252655029297,1.0
interior,2,125.71794128417969,1.0
interior,2,173.10401916503906,1.0
uniform,3,73.79024505615234,1.0
uniform,2,54.451812744140625,1.0
uniform,2,17.0,1.0
uniform,3,8.5440034866333,1.0
uniform,3,19.92485809326172,1.0
uniform,2,95.52486419677734,1.0
uniform,2,2.8284270763397217,0.8512396694214877
uniform,3,27.0,1.0
uniform,2,83.93450164794922,1.0
uniform,3,39.0,1.0
uniform,2,70.60453033447266,1.0
uniform,3,18.439088821411133,1.0
uniform,3,43.26661682128906,1.0
uniform,2,79.15807342529297,1.0
uniform,3,26.870058059692383,1.0
uniform,3,10.0,1.0
uniform,2,12.041594505310059,1.0
uniform,3,7.8102498054504395,1.0
uniform,2,9.219544410705566,1.0
uniform,2,7.071067810058594,1.0
boundary,2,93.19334411621094,1.0
boundary,3,21.21320343017578,1.0
boundary,2,54.58937454223633,1.0
boundary,2,2.8284270763397217,0.8264462809917356
boundary,2,4.0,0.9421487603305785
boundary,2,0.0,0.512396694214876
boundary,3,9.0,1.0
boundary,2,64.0,1.0
boundary,3,28.160255432128906,1.0
boundary,3,28.844409942626953,1.0
boundary,3,0.0,0.5454545454545454
boundary,3,39.458839416503906,1.0
boundary,3,1.0,0.6115702479338843
boundary,2,22.472204208374023,1.0
boundary,2,51.429561614990234,1.0
boundary,3,61.29437255859375,1.0
boundary,2,38.587562561035156,1.0
boundary,3,19.646883010864258,1.0
boundary,3,10.198039054870605,1.0
boundary,2,15.29705810546875,1.0
interior,3,78.26238250732422,1.0
interior,3,75.58438873291016,1.0
interior,2,96.79875946044922,1.0
interior,3,27.73084831237793,1.0
interior,2,104.00480651855469,1.0
interior,2,36.34556198120117,1.0
interior,2,25.079872131347656,1.0
interior,2,63.89052963256836,1.0
interior,3,18.0,1.0
interior,2,84.5280990600586,1.0
interior,3,62.169124603271484,1.0
interior,3,60.926185607910156,1.0
interior,3,49.0,1.0
interior,3,50.91168975830078,1.0
interior,3,40.804412841796875,1.0
interior,3,25.0,1.0
interior,2,138.8128204345703,1.0
interior,2,120.0749740600586,1.0
interior,2,156.20498657226562,1.0
interior,2,172.52536010742188,1.0
uniform,3,9.433980941772461,1.0
uniform,3,24.515300750732422,1.0
uniform,3,14.764822959899902,1.0
uniform,3,21.3775577545166,1.0
uniform,3,1.0,0.6363636363636364
uniform,3,1.0,0.6033057851239669
uniform,4,15.0,1.0
uniform,4,8.485280990600586,1.0
uniform,3,9.848857879638672,1.0
uniform,2,36.055511474609375,1.0
uniform,4,1.4142135381698608,0.7272727272727273
uniform,3,8.9442720413208,1.0
uniform,2,34.0,1.0
uniform,3,6.082762718200684,1.0
uniform,4,13.416407585144043,1.0
uniform,3,6.324555397033691,1.0
uniform,4,8.062257766723633,1.0
uniform,2,54.5618896484375,1.0
uniform,4,1.0,0.6446280991735537
uniform,4,5.385164737701416,0.9834710743801653
uniform,4,3.1622776985168457,0.961038961038961
uniform,0,1.0,0.5867768595041323
uniform,4,4.123105525970459,0.8677685950413223
uniform,4,0.0,0.5619834710743802
uniform,5,2.0,0.7603305785123967
uniform,5,1.0,0.6115702479338843
uniform,5,4.123105525970459,0.9173553719008265
uniform,5,2.2360680103302,0.8016528925619835
uniform,2,13.892443656921387,1.0
uniform,2,43.26661682128906,1.0
uniform,5,1.0,0.6115702479338843
uniform,5,2.0,0.7603305785123967
uniform,2,3.605551242828369,0.8842975206611571
uniform,2,37.64305877685547,1.0
uniform,5,1.0,0.6446280991735537
uniform,2,3.1622776985168457,0.8677685950413223
uniform,5,3.605551242828369,0.9008264462809917
uniform,2,4.0,0.9173553719008265
uniform,5,1.4142135381698608,0.71900826446281
uniform,5,2.8284270763397217,0.8512396694214877
uniform,0,9.848857879638672,1.0
uniform,0,49.19349670410156,1.0
uniform,0,17.0,1.0
uniform,0,18.0,1.0
uniform,0,28.44292449951172,1.0
uniform,0,45.617977142333984,1.0
uniform,0,5.385164737701416,0.9834710743801653
uniform,0,2.0,0.743801652892562
uniform,0,21.63330841064453,1.0
uniform,2,10.0,1.0
uniform,1,1.0,0.6198347107438017
uniform,1,1.0,0.6363636363636364
uniform,1,2.8284270763397217,0.7818181818181819
uniform,1,0.0,0.5
uniform,1,2.2360680103302,0.7575757575757576
uniform,1,0.0,0.4659090909090909
uniform,1,3.1622776985168457,0.8181818181818182
uniform,1,1.4142135381698608,0.5194805194805194
uniform,1,1.0,0.4393939393939394
uniform,1,3.605551242828369,0.803030303030303
boundary,4,1.0,0.7792207792207793
boundary,3,5.0,0.9586776859504132
boundary,4,1.4142135381698608,0.7107438016528925
boundary,4,11.661903381347656,1.0
boundary,3,5.656854152679443,0.9834710743801653
boundary,4,1.0,0.5785123966942148
boundary,2,24.83948516845703,1.0
boundary,4,2.0,0.7107438016528925
boundary,3,5.385164737701416,1.0
boundary,3,4.123105525970459,0.9421487603305785
boundary,3,1.0,0.6611570247933884
boundary,3,4.123105525970459,0.9008264462809917
boundary,3,0.0,0.5785123966942148
boundary,4,8.9442720413208,1.0
boundary,3,2.2360680103302,0.7933884297520661
boundary,4,2.2360680103302,0.7851239669421488
boundary,3,1.4142135381698608,0.628099173553719
boundary,3,0.0,0.5289256198347108
boundary,4,1.4142135381698608,0.7355371900826446
boundary,2,3.0,0.8264462809917356
boundary,4,5.385164737701416,0.9834710743801653
boundary,4,1.0,0.5537190082644629
boundary,5,0.0,0.5702479338842975
boundary,2,12.041594505310059,1.0
boundary,5,3.1622776985168457,0.8677685950413223
boundary,2,29.681644439697266,1.0
boundary,2,26.4007568359375,1.0
boundary,5,2.2360680103302,0.7851239669421488
boundary,5,1.4142135381698608,0.71900826446281
boundary,2,25.806976318359375,1.0
boundary,2,29.96664810180664,1.0
boundary,0,0.0,0.5867768595041323
boundary,0,10.630146026611328,1.0
boundary,2,1.0,0.6611570247933884
boundary,5,1.0,0.5950413223140496
boundary,5,2.0,0.743801652892562
boundary,0,4.4721360206604,0.9504132231404959
boundary,5,0.0,0.5371900826446281
boundary,5,3.605551242828369,0.9008264462809917
boundary,2,0.0,0.5206611570247934
boundary,5,0.0,0.6115702479338843
boundary,5,3.605551242828369,0.9008264462809917
boundary,0,15.65247631072998,1.0
boundary,0,19.10497283935547,1.0
boundary,0,41.231056213378906,1.0
boundary,0,18.357559204101562,1.0
boundary,0,2.2360680103302,0.7851239669421488
boundary,2,5.830951690673828,0.9917355371900827
boundary,0,5.830951690673828,0.9917355371900827
boundary,1,0.0,0.34710743801652894
boundary,1,1.4142135381698608,0.5041322314049587
boundary,1,0.0,0.49586776859504134
boundary,1,0.0,0.4909090909090909
boundary,1,0.0,0.5
boundary,1,0.0,0.5252525252525253
boundary,1,1.0,0.5555555555555556
boundary,0,6.7082037925720215,1.0
boundary,1,0.0,0.375
boundary,1,2.2360680103302,0.6753246753246753
boundary,1,0.0,0.2727272727272727
interior,3,24.041629791259766,1.0
interior,3,24.331050872802734,1.0
interior,3,24.413110733032227,1.0
interior,3,13.892443656921387,1.0
interior,3,21.3775577545166,1.0
interior,3,21.954498291015625,1.0
interior,2,46.04345703125,1.0
interior,4,11.704699516296387,1.0
interior,3,17.72004508972168,1.0
interior,3,14.866068840026855,1.0
interior,3,12.041594505310059,1.0
interior,4,5.830951690673828,0.9917355371900827
interior,3,2.8284270763397217,0.8181818181818182
interior,4,13.601470947265625,1.0
interior,4,16.970561981201172,1.0
interior,4,15.81138801574707,1.0
interior,4,13.892443656921387,1.0
interior,4,16.031219482421875,1.0
interior,4,14.03566837310791,1.0
interior,4,13.152946472167969,1.0
interior,5,1.0,0.6694214876033058
interior,4,7.071067810058594,1.0
interior,5,3.605551242828369,0.9008264462809917
interior,5,2.2360680103302,0.7851239669421488
interior,2,22.203603744506836,1.0
interior,2,32.893768310546875,1.0
interior,2,43.26661682128906,1.0
interior,2,61.29437255859375,1.0
interior,2,59.64059066772461,1.0
interior,2,45.80392837524414,1.0
interior,2,12.206555366516113,1.0
interior,5,3.605551242828369,0.8760330578512396
interior,5,4.242640495300293,0.9338842975206612
interior,5,5.385164737701416,0.9669421487603306
interior,2,17.492855072021484,1.0
interior,5,4.4721360206604,0.9421487603305785
interior,5,5.0,0.9504132231404959
interior,5,5.0,0.9504132231404959
interior,2,6.7082037925720215,1.0
interior,5,6.7082037925720215,1.0
interior,0,34.885528564453125,1.0
interior,0,29.154760360717773,1.0
interior,0,26.07680892944336,1.0
interior,0,17.0,1.0
interior,0,50.537113189697266,1.0
interior,0,44.283180236816406,1.0
interior,0,52.40229034423828,1.0
interior,0,12.041594505310059,1.0
interior,0,49.04079818725586,1.0
interior,1,2.0,0.5950413223140496
interior,1,1.0,0.5727272727272728
interior,1,3.1622776985168457,0.8181818181818182
interior,1,5.0,0.9204545454545454
interior,1,3.605551242828369,0.8441558441558441
interior,1,4.4721360206604,0.9090909090909091
interior,1,5.385164737701416,0.948051948051948
interior,1,5.830951690673828,0.9848484848484849
interior,1,6.4031243324279785,1.0
interior,1,5.830951690673828,0.9848484848484849
interior,0,18.0,1.0
uniform,4,0.0,0.7424242424242424
uniform,3,14.764822959899902,1.0
uniform,4,12.041594505310059,1.0
uniform,3,12.806248664855957,1.0
uniform,3,16.492422103881836,1.0
uniform,3,17.72004508972168,1.0
uniform,4,9.899495124816895,1.0
uniform,4,10.630146026611328,1.0
uniform,3,6.7082037925720215,1.0
uniform,4,15.0,1.0
uniform,4,3.605551242828369,0.8925619834710744
uniform,4,13.892443656921387,1.0
uniform,4,5.0,0.9586776859504132
uniform,3,3.0,0.859504132231405
uniform,3,5.830951690673828,0.9917355371900827
uniform,3,0.0,0.5206611570247934
uniform,3,6.7082037925720215,1.0
uniform,5,3.1622776985168457,0.8677685950413223
uniform,5,2.2360680103302,0.8099173553719008
uniform,4,12.369317054748535,1.0
uniform,3,4.4721360206604,0.9421487603305785
uniform,5,5.0,0.9504132231404959
uniform,2,43.600460052490234,1.0
uniform,4,2.8284270763397217,0.8099173553719008
uniform,2,39.66106414794922,1.0
uniform,2,13.416407585144043,1.0
uniform,5,1.4142135381698608,0.6859504132231405
uniform,5,2.8284270763397217,0.8181818181818182
uniform,2,21.63330841064453,1.0
uniform,2,44.94440841674805,1.0
uniform,2,17.20465087890625,1.0
uniform,5,2.0,0.7603305785123967
uniform,5,5.0,0.9586776859504132
uniform,2,15.620499610900879,1.0
uniform,2,1.0,0.768595041322314
uniform,5,7.6157732009887695,1.0
uniform,5,1.4142135381698608,0.4793388429752066
uniform,5,1.4142135381698608,0.6198347107438017
uniform,0,47.0,1.0
uniform,0,10.0,1.0
uniform,0,38.832977294921875,1.0
uniform,0,27.0,1.0
uniform,0,31.30495262145996,1.0
uniform,0,39.81205749511719,1.0
uniform,0,4.242640495300293,0.9173553719008265
uniform,0,34.885528564453125,1.0
uniform,0,3.605551242828369,0.9090909090909091
uniform,2,15.81138801574707,1.0
uniform,1,0.0,0.5289256198347108
uniform,1,2.2360680103302,0.6859504132231405
uniform,0,9.433980941772461,1.0
uniform,1,0.0,0.5
uniform,1,0.0,0.5252525252525253
uniform,1,4.123105525970459,0.875
uniform,1,3.1622776985168457,0.8181818181818182
uniform,1,4.4721360206604,0.9090909090909091
uniform,1,5.385164737701416,0.948051948051948
uniform,2,1.0,0.5324675324675324
uniform,1,4.242640495300293,0.8787878787878788
uniform,1,1.0,0.3181818181818182
boundary,3,4.4721360206604,0.9292929292929293
boundary,3,3.1622776985168457,0.8545454545454545
boundary,3,2.8284270763397217,0.8090909090909091
boundary,4,10.29563045501709,1.0
boundary,4,1.4142135381698608,0.7107438016528925
boundary,3,0.0,0.5785123966942148
boundary,4,1.0,0.6033057851239669
boundary,2,2.2360680103302,0.7933884297520661
boundary,4,0.0,0.5785123966942148
boundary,3,9.486832618713379,1.0
boundary,3,8.5440034866333,1.0
boundary,2,6.324555397033691,0.9917355371900827
boundary,3,5.099019527435303,0.9917355371900827
boundary,3,1.0,0.6363636363636364
boundary,5,1.0,0.6611570247933884
boundary,4,8.9442720413208,1.0
boundary,4,7.071067810058594,1.0
boundary,3,1.0,0.6611570247933884
boundary,4,1.4142135381698608,0.5702479338842975
boundary,5,0.0,0.5206611570247934
boundary,0,1.4142135381698608,0.6198347107438017
boundary,3,2.2360680103302,0.7768595041322314
boundary,4,3.605551242828369,0.8677685950413223
boundary,5,0.0,0.5785123966942148
boundary,2,5.0,0.9504132231404959
boundary,4,0.0,0.49586776859504134
boundary,4,1.0,0.6767676767676768
boundary,5,5.656854152679443,0.9586776859504132
boundary,5,2.8284270763397217,0.8429752066115702
boundary,2,13.601470947265625,1.0
boundary,5,1.0,0.628099173553719
boundary,5,1.4142135381698608,0.71900826446281
boundary,2,2.8284270763397217,0.8512396694214877
boundary,5,3.605551242828369,0.8760330578512396
boundary,0,14.764822959899902,1.0
boundary,5,0.0,0.6033057851239669
boundary,2,2.8284270763397217,0.8264462809917356
boundary,5,0.0,0.5454545454545454
boundary,0,5.830951690673828,0.9917355371900827
boundary,2,0.0,0.3884297520661157
boundary,0,6.082762718200684,1.0
boundary,0,25.495098114013672,1.0
boundary,2,1.0,0.6694214876033058
boundary,0,5.099019527435303,1.0
boundary,0,25.05992889404297,1.0
boundary,2,4.4721360206604,0.9586776859504132
boundary,0,2.0,0.7272727272727273
boundary,2,16.552946090698242,1.0
boundary,1,1.0,0.4628099173553719
boundary,0,1.0,0.5727272727272728
boundary,1,1.0,0.6161616161616161
boundary,1,0.0,0.48484848484848486
boundary,0,11.401754379272461,1.0
boundary,1,0.0,0.4659090909090909
boundary,1,1.4142135381698608,0.6477272727272727
boundary,1,2.0,0.6103896103896104
boundary,1,0.0,0.3484848484848485
boundary,1,2.8284270763397217,0.7121212121212122
boundary,1,1.0,0.3181818181818182
boundary,1,0.0,0.24242424242424243
interior,3,21.840330123901367,1.0
interior,3,22.135944366455078,1.0
interior,3,20.615528106689453,1.0
interior,3,9.219544410705566,1.0
interior,2,52.201534271240234,1.0
interior,3,19.416488647460938,1.0
interior,2,51.03919982910156,1.0
interior,3,18.248287200927734,1.0
interior,3,15.132745742797852,1.0
interior,2,31.95309066772461,1.0
interior,4,10.630146026611328,1.0
interior,4,8.062257766723633,1.0
interior,4,2.8284270763397217,0.8512396694214877
interior,4,16.401220321655273,1.0
interior,4,14.764822959899902,1.0
interior,3,9.486832618713379,1.0
interior,4,14.21267032623291,1.0
interior,3,3.1622776985168457,0.8677685950413223
interior,2,40.607879638671875,1.0
interior,4,13.601470947265625,1.0
interior,2,36.359317779541016,1.0
interior,4,12.0,1.0
interior,4,11.661903381347656,1.0
interior,4,6.4031243324279785,1.0
interior,3,0.0,0.4628099173553719
interior,2,55.94640350341797,1.0
interior,5,5.385164737701416,0.9669421487603306
interior,2,22.803508758544922,1.0
interior,2,50.21951675415039,1.0
interior,2,47.434165954589844,1.0
interior,5,4.242640495300293,0.9338842975206612
interior,5,3.605551242828369,0.8842975206611571
interior,2,60.0,1.0
interior,5,2.2360680103302,0.7933884297520661
interior,5,4.123105525970459,0.9090909090909091
interior,5,3.605551242828369,0.9008264462809917
interior,5,3.605551242828369,0.8925619834710744
interior,5,2.2360680103302,0.8016528925619835
interior,5,4.242640495300293,0.9338842975206612
interior,5,4.242640495300293,0.9256198347107438
interior,0,45.486263275146484,1.0
interior,0,58.0,1.0
interior,0,38.0,1.0
interior,0,47.423622131347656,1.0
interior,0,34.48188018798828,1.0
interior,0,41.59326934814453,1.0
interior,0,46.57252502441406,1.0
interior,0,58.18934631347656,1.0
interior,0,2.2360680103302,0.7933884297520661
interior,1,1.0,0.5537190082644629
interior,1,3.1622776985168457,0.7909090909090909
interior,1,2.2360680103302,0.7454545454545455
interior,1,2.8284270763397217,0.7676767676767676
interior,0,32.140316009521484,1.0
interior,1,5.0,0.9204545454545454
interior,1,2.8284270763397217,0.7613636363636364
interior,1,5.385164737701416,0.948051948051948
interior,1,5.830951690673828,0.9848484848484849
interior,1,6.4031243324279785,1.0
interior,1,5.830951690673828,0.9848484848484849
uniform,3,18.681541442871094,1.0
uniform,2,43.0,1.0
uniform,4,2.0,0.9090909090909091
uniform,5,3.1622776985168457,0.961038961038961
uniform,3,21.954498291015625,1.0
uniform,4,12.369317054748535,1.0
uniform,3,11.180339813232422,1.0
uniform,3,3.605551242828369,0.8842975206611571
uniform,5,1.0,0.5950413223140496
uniform,4,6.4031243324279785,0.9917355371900827
uniform,4,11.661903381347656,1.0
uniform,5,2.8284270763397217,0.8264462809917356
uniform,3,8.602325439453125,1.0
uniform,3,6.082762718200684,1.0
uniform,4,15.264337539672852,1.0
uniform,3,8.5440034866333,1.0
uniform,4,12.727922439575195,1.0
uniform,3,2.2360680103302,0.7933884297520661
uniform,4,13.03840446472168,1.0
uniform,3,5.830951690673828,1.0
uniform,3,2.2360680103302,0.7768595041322314
uniform,4,1.0,0.6611570247933884
uniform,4,1.0,0.6767676767676768
uniform,4,0.0,0.5206611570247934
uniform,2,17.0,1.0
uniform,2,41.04875183105469,1.0
uniform,5,1.4142135381698608,0.6942148760330579
uniform,5,3.605551242828369,0.9008264462809917
uniform,5,1.0,0.5950413223140496
uniform,2,49.92995071411133,1.0
uniform,2,59.36328887939453,1.0
uniform,5,4.242640495300293,0.9338842975206612
uniform,5,0.0,0.5785123966942148
uniform,0,23.600847244262695,1.0
uniform,5,5.0,0.9504132231404959
uniform,5,3.1622776985168457,0.8429752066115702
uniform,0,16.970561981201172,1.0
uniform,0,25.495098114013672,1.0
uniform,0,46.86149978637695,1.0
uniform,0,44.92215347290039,1.0
uniform,0,40.24922180175781,1.0
uniform,0,21.954498291015625,1.0
uniform,2,2.2360680103302,0.7768595041322314
uniform,0,6.324555397033691,1.0
uniform,2,23.600847244262695,1.0
uniform,0,30.4138126373291,1.0
uniform,2,9.899495124816895,1.0
uniform,0,18.973665237426758,1.0
uniform,2,3.1622776985168457,0.859504132231405
uniform,1,0.0,0.5206611570247934
uniform,1,2.2360680103302,0.71900826446281
uniform,1,0.0,0.5252525252525253
uniform,1,3.605551242828369,0.8484848484848485
uniform,1,0.0,0.40404040404040403
uniform,1,1.4142135381698608,0.6477272727272727
uniform,1,3.1622776985168457,0.8181818181818182
uniform,1,1.4142135381698608,0.5194805194805194
uniform,1,0.0,0.2727272727272727
uniform,1,4.242640495300293,0.8787878787878788
uniform,2,1.4142135381698608,0.4696969696969697
boundary,5,0.0,0.625
boundary,3,15.81138801574707,1.0
boundary,4,10.0,1.0
boundary,5,0.0,0.5371900826446281
boundary,3,2.8284270763397217,0.8264462809917356
boundary,3,1.0,0.6694214876033058
boundary,2,5.0,0.9586776859504132
boundary,3,2.2360680103302,0.7933884297520661
boundary,4,3.605551242828369,0.8760330578512396
boundary,4,0.0,0.5537190082644629
boundary,5,1.0,0.628099173553719
boundary,4,12.041594505310059,1.0
boundary,4,15.29705810546875,1.0
boundary,3,7.6157732009887695,1.0
boundary,3,0.0,0.5206611570247934
boundary,3,6.4031243324279785,1.0
boundary,5,1.0,0.6115702479338843
boundary,4,3.605551242828369,0.8264462809917356
boundary,3,1.0,0.6776859504132231
boundary,3,4.0,0.9173553719008265
boundary,4,3.605551242828369,0.8677685950413223
boundary,3,2.0,0.7355371900826446
boundary,4,7.071067810058594,1.0
boundary,4,1.4142135381698608,0.6859504132231405
boundary,4,3.605551242828369,0.8760330578512396
boundary,2,50.21951675415039,1.0
boundary,2,19.209373474121094,1.0
boundary,2,14.866068840026855,1.0
boundary,5,0.0,0.5785123966942148
boundary,2,7.071067810058594,1.0
boundary,5,0.0,0.5206611570247934
boundary,5,0.0,0.5867768595041323
boundary,2,2.8284270763397217,0.8429752066115702
boundary,5,3.605551242828369,0.8925619834710744
boundary,0,12.083045959472656,1.0
boundary,5,3.605551242828369,0.8842975206611571
boundary,5,3.605551242828369,0.9008264462809917
boundary,0,26.4007568359375,1.0
boundary,0,9.433980941772461,1.0
boundary,0,33.541019439697266,1.0
boundary,0,25.079872131347656,1.0
boundary,0,44.40720748901367,1.0
boundary,0,13.0,1.0
boundary,0,0.0,0.5785123966942148
boundary,0,22.360679626464844,1.0
boundary,2,2.2360680103302,0.6818181818181818
boundary,2,10.29563045501709,1.0
boundary,0,28.319604873657227,1.0
boundary,2,1.4142135381698608,0.7107438016528925
boundary,1,0.0,0.3305785123966942
boundary,1,1.0,0.5867768595041323
boundary,1,1.4142135381698608,0.6446280991735537
boundary,1,2.0,0.7107438016528925
boundary,1,0.0,0.5
boundary,1,0.0,0.5252525252525253
boundary,1,0.0,0.48484848484848486
boundary,2,16.76305389404297,1.0
boundary,1,1.0,0.5454545454545454
boundary,1,0.0,0.35064935064935066
boundary,1,1.4142135381698608,0.5303030303030303
interior,3,20.615528106689453,1.0
interior,3,24.73863410949707,1.0
interior,3,10.630146026611328,1.0
interior,4,10.198039054870605,1.0
interior,3,15.29705810546875,1.0
interior,3,15.524174690246582,1.0
interior,3,10.0,1.0
interior,3,13.152946472167969,1.0
interior,3,4.4721360206604,0.9421487603305785
interior,4,13.892443656921387,1.0
interior,4,14.422204971313477,1.0
interior,3,8.062257766723633,1.0
interior,4,8.9442720413208,1.0
interior,4,7.071067810058594,1.0
interior,3,9.486832618713379,1.0
interior,2,23.34523582458496,1.0
interior,4,15.29705810546875,1.0
interior,4,15.132745742797852,1.0
interior,4,12.649110794067383,1.0
interior,5,5.0,0.9586776859504132
interior,4,8.062257766723633,1.0
interior,4,7.8102498054504395,1.0
interior,5,5.0,0.9586776859504132
interior,2,49.67897033691406,1.0
interior,2,63.24555206298828,1.0
interior,2,56.85068130493164,1.0
interior,2,33.42155075073242,1.0
interior,2,29.681644439697266,1.0
interior,2,27.20294189453125,1.0
interior,2,25.238859176635742,1.0
interior,5,3.605551242828369,0.8842975206611571
interior,5,9.05538558959961,1.0
interior,5,6.4031243324279785,1.0
interior,5,6.7082037925720215,1.0
interior,5,8.602325439453125,1.0
interior,5,7.8102498054504395,1.0
interior,5,5.656854152679443,0.9834710743801653
interior,5,7.6157732009887695,1.0
interior,0,15.81138801574707,1.0
interior,0,44.283180236816406,1.0
interior,0,53.22593307495117,1.0
interior,0,44.94440841674805,1.0
interior,0,35.0,1.0
interior,0,57.706153869628906,1.0
interior,0,52.69725036621094,1.0
interior,0,62.96824645996094,1.0
interior,2,27.892650604248047,1.0
interior,0,56.080299377441406,1.0
interior,0,18.027755737304688,1.0
interior,2,35.735137939453125,1.0
interior,1,0.0,0.49586776859504134
interior,1,2.2360680103302,0.6198347107438017
interior,1,1.4142135381698608,0.6454545454545455
interior,1,1.0,0.5636363636363636
interior,1,5.0,0.9090909090909091
interior,1,4.242640495300293,0.9090909090909091
interior,1,3.605551242828369,0.8441558441558441
interior,1,5.656854152679443,0.961038961038961
interior,1,1.4142135381698608,0.5303030303030303
interior,1,3.1622776985168457,0.7575757575757576
uniform,3,12.529964447021484,1.0
uniform,4,1.0,0.7272727272727273
uniform,3,15.264337539672852,1.0
uniform,3,7.6157732009887695,1.0
uniform,4,5.0,0.9504132231404959
uniform,4,5.656854152679443,0.9752066115702479
uniform,4,13.0,1.0
uniform,0,6.4031243324279785,0.9917355371900827
uniform,3,1.4142135381698608,0.6942148760330579
uniform,4,5.656854152679443,0.9834710743801653
uniform,3,8.0,1.0
uniform,3,9.219544410705566,1.0
uniform,4,7.071067810058594,1.0
uniform,3,10.440306663513184,1.0
uniform,3,4.4721360206604,0.9586776859504132
uniform,3,4.242640495300293,0.9338842975206612
uniform,4,9.899495124816895,1.0
uniform,4,2.2360680103302,0.7851239669421488
uniform,4,9.433980941772461,1.0
uniform,3,0.0,0.5537190082644629
uniform,4,5.830951690673828,0.9917355371900827
uniform,2,3.1622776985168457,0.8760330578512396
uniform,2,21.260292053222656,1.0
uniform,0,0.0,0.5454545454545454
uniform,2,38.832977294921875,1.0
uniform,5,4.123105525970459,0.9173553719008265
uniform,2,14.764822959899902,1.0
uniform,5,2.8284270763397217,0.8429752066115702
uniform,5,2.2360680103302,0.7933884297520661
uniform,5,1.4142135381698608,0.71900826446281
uniform,2,18.027755737304688,1.0
uniform,2,33.2866325378418,1.0
uniform,2,20.248456954956055,1.0
uniform,5,1.0,0.6528925619834711
uniform,2,3.1622776985168457,0.8677685950413223
uniform,2,8.062257766723633,1.0
uniform,5,7.0,1.0
uniform,5,5.0,0.9256198347107438
uniform,0,11.180339813232422,1.0
uniform,5,4.123105525970459,0.9090909090909091
uniform,5,5.0,0.9669421487603306
uniform,5,2.2360680103302,0.8016528925619835
uniform,0,14.317821502685547,1.0
uniform,0,52.77309799194336,1.0
uniform,0,21.0,1.0
uniform,0,40.0,1.0
uniform,2,24.041629791259766,1.0
uniform,0,5.830951690673828,1.0
uniform,1,1.4142135381698608,0.5041322314049587
uniform,1,0.0,0.5289256198347108
uniform,1,1.0,0.6198347107438017
uniform,1,1.4142135381698608,0.7
uniform,1,4.123105525970459,0.8585858585858586
uniform,1,1.0,0.5555555555555556
uniform,1,0.0,0.4025974025974026
uniform,1,3.605551242828369,0.8441558441558441
uniform,1,1.4142135381698608,0.5194805194805194
uniform,0,6.7082037925720215,1.0
uniform,1,3.605551242828369,0.8181818181818182
uniform,0,1.0,0.9090909090909091
boundary,3,1.0,0.5324675324675324
boundary,3,8.9442720413208,1.0
boundary,4,4.242640495300293,0.9454545454545454
boundary,4,6.4031243324279785,1.0
boundary,3,2.8284270763397217,0.8264462809917356
boundary,3,0.0,0.5041322314049587
boundary,3,2.0,0.7520661157024794
boundary,2,5.830951690673828,0.9917355371900827
boundary,3,3.0,0.8099173553719008
boundary,4,6.7082037925720215,1.0
boundary,3,8.062257766723633,1.0
boundary,3,1.0,0.6528925619834711
boundary,3,0.0,0.5206611570247934
boundary,4,5.656854152679443,0.9834710743801653
boundary,4,0.0,0.5702479338842975
boundary,4,0.0,0.5867768595041323
boundary,3,0.0,0.4628099173553719
boundary,4,0.0,0.4628099173553719
boundary,4,2.0,0.7520661157024794
boundary,4,1.0,0.5041322314049587
boundary,4,0.0,0.4
boundary,5,1.4142135381698608,0.7024793388429752
boundary,5,1.4142135381698608,0.7272727272727273
boundary,2,36.8917350769043,1.0
boundary,2,10.816654205322266,1.0
boundary,5,3.605551242828369,0.8842975206611571
boundary,5,2.2360680103302,0.7933884297520661
boundary,2,24.83948516845703,1.0
boundary,2,38.01315689086914,1.0
boundary,5,1.0,0.6611570247933884
boundary,5,1.4142135381698608,0.7272727272727273
boundary,5,0.0,0.5289256198347108
boundary,2,0.0,0.512396694214876
boundary,0,9.848857879638672,1.0
boundary,2,9.219544410705566,1.0
boundary,2,1.4142135381698608,0.6776859504132231
boundary,5,2.2360680103302,0.8099173553719008
boundary,5,1.0,0.6694214876033058
boundary,5,0.0,0.4793388429752066
boundary,0,0.0,0.5454545454545454
boundary,0,35.34119415283203,1.0
boundary,0,26.019224166870117,1.0
boundary,0,35.902645111083984,1.0
boundary,2,2.8284270763397217,0.8347107438016529
boundary,2,1.0,0.7402597402597403
boundary,0,0.0,0.5454545454545454
boundary,0,4.4721360206604,0.9586776859504132
boundary,0,12.529964447021484,1.0
boundary,0,12.529964447021484,1.0
boundary,1,1.0,0.4132231404958678
boundary,1,0.0,0.4132231404958678
boundary,1,0.0,0.5289256198347108
boundary,1,2.2360680103302,0.6198347107438017
boundary,1,0.0,0.4909090909090909
boundary,1,2.8284270763397217,0.7545454545454545
boundary,1,1.4142135381698608,0.7
boundary,1,0.0,0.35064935064935066
boundary,1,0.0,0.3484848484848485
boundary,1,0.0,0.24242424242424243
boundary,0,9.0,1.0
interior,3,19.646883010864258,1.0
interior,5,5.0,1.0
interior,3,3.605551242828369,0.8051948051948052
interior,3,21.189620971679688,1.0
interior,3,23.76972770690918,1.0
interior,3,3.605551242828369,0.8636363636363636
interior,3,14.422204971313477,1.0
interior,3,15.81138801574707,1.0
interior,2,57.14017868041992,1.0
interior,4,9.848857879638672,1.0
interior,3,14.560219764709473,1.0
interior,3,18.867961883544922,1.0
interior,4,7.071067810058594,1.0
interior,3,10.198039054870605,1.0
interior,4,16.124515533447266,1.0
interior,4,14.317821502685547,1.0
interior,4,12.529964447021484,1.0
interior,4,13.416407585144043,1.0
interior,4,10.770329475402832,1.0
interior,4,11.180339813232422,1.0
interior,4,4.4721360206604,0.9421487603305785
interior,5,4.4721360206604,0.9421487603305785
interior,4,5.385164737701416,0.9834710743801653
interior,2,43.84062194824219,1.0
interior,2,29.4108829498291,1.0
interior,2,49.39635467529297,1.0
interior,2,60.464866638183594,1.0
interior,5,4.242640495300293,0.9338842975206612
interior,5,4.4721360206604,0.9421487603305785
interior,2,55.217750549316406,1.0
interior,2,56.035701751708984,1.0
interior,5,4.4721360206604,0.9421487603305785
interior,2,40.607879638671875,1.0
interior,5,4.123105525970459,0.9173553719008265
interior,2,25.553865432739258,1.0
interior,2,2.2360680103302,0.7851239669421488
interior,5,7.0,1.0
interior,5,7.6157732009887695,1.0
interior,5,9.899495124816895,1.0
interior,5,10.630146026611328,1.0
interior,0,48.010414123535156,1.0
interior,0,52.32590103149414,1.0
interior,0,56.35601043701172,1.0
interior,0,34.66987228393555,1.0
interior,0,45.17742919921875,1.0
interior,0,31.764760971069336,1.0
interior,0,56.35601043701172,1.0
interior,0,57.706153869628906,1.0
interior,0,56.080299377441406,1.0
interior,0,24.166091918945312,1.0
interior,1,1.4142135381698608,0.6446280991735537
interior,1,2.8284270763397217,0.7107438016528925
interior,1,1.4142135381698608,0.6262626262626263
interior,1,5.0,0.9204545454545454
interior,1,4.242640495300293,0.9090909090909091
interior,1,5.656854152679443,0.961038961038961
interior,1,5.0,0.948051948051948
interior,1,5.830951690673828,0.9848484848484849
interior,1,6.4031243324279785,1.0
interior,1,5.0,0.9242424242424242
uniform,3,5.656854152679443,0.9545454545454546
uniform,4,7.0,1.0
uniform,3,21.63330841064453,1.0
uniform,3,15.81138801574707,1.0
uniform,4,9.848857879638672,1.0
uniform,4,6.324555397033691,0.9917355371900827
uniform,3,11.401754379272461,1.0
uniform,4,11.661903381347656,1.0
uniform,3,5.0,0.9504132231404959
uniform,3,1.4142135381698608,0.7024793388429752
uniform,4,10.29563045501709,1.0
uniform,3,0.0,0.512396694214876
uniform,3,2.0,0.768595041322314
uniform,4,11.661903381347656,1.0
uniform,3,1.4142135381698608,0.71900826446281
uniform,0,4.242640495300293,0.9090909090909091
uniform,4,9.0,1.0
uniform,3,1.4142135381698608,0.7024793388429752
uniform,4,7.071067810058594,1.0
uniform,4,7.280109882354736,1.0
uniform,4,7.211102485656738,1.0
uniform,5,2.0,0.7603305785123967
uniform,2,20.124610900878906,1.0
uniform,5,5.385164737701416,0.9669421487603306
uniform,2,32.0,1.0
uniform,2,33.83784866333008,1.0
uniform,5,1.4142135381698608,0.7272727272727273
uniform,5,5.656854152679443,0.9586776859504132
uniform,2,35.46829605102539,1.0
uniform,2,47.434165954589844,1.0
uniform,5,3.1622776985168457,0.859504132231405
uniform,2,13.892443656921387,1.0
uniform,5,2.8284270763397217,0.8347107438016529
uniform,5,2.2360680103302,0.7933884297520661
uniform,2,6.324555397033691,0.9917355371900827
uniform,2,9.433980941772461,1.0
uniform,0,3.605551242828369,0.9008264462809917
uniform,5,1.0,0.5289256198347108
uniform,5,7.211102485656738,1.0
uniform,5,2.8284270763397217,0.7603305785123967
uniform,0,28.017850875854492,1.0
uniform,2,4.242640495300293,0.9338842975206612
uniform,2,4.0,0.9008264462809917
uniform,0,45.79301071166992,1.0
uniform,0,37.121421813964844,1.0
uniform,0,46.173583984375,1.0
uniform,0,22.203603744506836,1.0
uniform,0,49.648765563964844,1.0
uniform,0,27.73084831237793,1.0
uniform,0,38.897300720214844,1.0
uniform,1,0.0,0.3305785123966942
uniform,1,1.4142135381698608,0.5289256198347108
uniform,1,1.4142135381698608,0.628099173553719
uniform,1,1.4142135381698608,0.7
uniform,1,0.0,0.5
uniform,1,2.0,0.696969696969697
uniform,1,2.2360680103302,0.7575757575757576
uniform,1,0.0,0.48484848484848486
uniform,1,5.0,0.948051948051948
uniform,1,2.2360680103302,0.6883116883116883
boundary,3,5.656854152679443,0.974025974025974
boundary,3,4.123105525970459,0.8701298701298701
boundary,3,0.0,0.40404040404040403
boundary,3,3.1622776985168457,0.8545454545454545
boundary,3,0.0,0.512396694214876
boundary,4,4.4721360206604,0.9421487603305785
boundary,3,8.9442720413208,1.0
boundary,5,0.0,0.5289256198347108
boundary,4,0.0,0.512396694214876
boundary,4,2.2360680103302,0.768595041322314
boundary,4,5.830951690673828,0.9917355371900827
boundary,3,5.0,0.9834710743801653
boundary,3,1.4142135381698608,0.6528925619834711
boundary,4,5.385164737701416,0.9752066115702479
boundary,4,2.2360680103302,0.7355371900826446
boundary,3,1.4142135381698608,0.6859504132231405
boundary,3,1.0,0.5950413223140496
boundary,4,10.049875259399414,1.0
boundary,4,4.242640495300293,0.9338842975206612
boundary,5,1.0,0.6694214876033058
boundary,4,1.4142135381698608,0.7024793388429752
boundary,4,0.0,0.39669421487603307
boundary,0,1.0,0.7520661157024794
boundary,5,3.1622776985168457,0.8677685950413223
boundary,5,2.8284270763397217,0.8347107438016529
boundary,5,1.0,0.6198347107438017
boundary,5,0.0,0.5041322314049587
boundary,5,4.4721360206604,0.9421487603305785
boundary,2,7.8102498054504395,1.0
boundary,2,9.848857879638672,1.0
boundary,2,8.9442720413208,1.0
boundary,2,3.1622776985168457,0.8909090909090909
boundary,2,18.867961883544922,1.0
boundary,0,2.0,0.743801652892562
boundary,0,11.401754379272461,1.0
boundary,2,3.605551242828369,0.9008264462809917
boundary,2,4.4721360206604,0.9586776859504132
boundary,5,1.4142135381698608,0.7272727272727273
boundary,5,0.0,0.5785123966942148
boundary,5,1.0,0.6198347107438017
boundary,0,1.0,0.6198347107438017
boundary,0,25.553865432739258,1.0
boundary,0,15.0,1.0
boundary,2,4.0,0.9090909090909091
boundary,2,33.0,1.0
boundary,0,1.0,0.6611570247933884
boundary,0,1.0,0.6694214876033058
boundary,2,21.954498291015625,1.0
boundary,1,0.0,0.49586776859504134
boundary,1,1.0,0.5867768595041323
boundary,0,5.830951690673828,0.9917355371900827
boundary,1,3.605551242828369,0.7818181818181819
boundary,1,0.0,0.5252525252525253
boundary,1,4.242640495300293,0.9090909090909091
boundary,1,0.0,0.375
boundary,1,0.0,0.2727272727272727
boundary,1,1.4142135381698608,0.5303030303030303
boundary,1,2.8284270763397217,0.6818181818181818
boundary,1,0.0,0.24242424242424243
boundary,0,21.470911026000977,1.0
interior,3,18.681541442871094,1.0
interior,4,12.0,1.0
interior,3,22.472204208374023,1.0
interior,2,9.433980941772461,1.0
interior,3,17.72004508972168,1.0
interior,4,1.4142135381698608,0.8068181818181818
interior,3,18.027755737304688,1.0
interior,3,19.72308349609375,1.0
interior,5,0.0,0.5371900826446281
interior,3,14.317821502685547,1.0
interior,4,13.601470947265625,1.0
interior,4,14.422204971313477,1.0
interior,3,15.81138801574707,1.0
interior,3,12.806248664855957,1.0
interior,4,12.041594505310059,1.0
interior,3,9.848857879638672,1.0
interior,4,9.899495124816895,1.0
interior,4,15.264337539672852,1.0
interior,4,8.485280990600586,1.0
interior,3,1.0,0.6611570247933884
interior,4,11.661903381347656,1.0
interior,2,13.601470947265625,1.0
interior,4,4.4721360206604,0.9504132231404959
interior,2,23.853721618652344,1.0
interior,5,5.656854152679443,0.9586776859504132
interior,2,15.29705810546875,1.0
interior,5,4.123105525970459,0.9173553719008265
interior,5,4.242640495300293,0.9338842975206612
interior,2,1.4142135381698608,0.7355371900826446
interior,5,5.0,0.9586776859504132
interior,2,25.238859176635742,1.0
interior,2,21.095022201538086,1.0
interior,2,41.617305755615234,1.0
interior,5,5.385164737701416,0.9586776859504132
interior,0,52.430908203125,1.0
interior,5,6.082762718200684,1.0
interior,5,5.0,0.9586776859504132
interior,5,8.062257766723633,1.0
interior,5,6.7082037925720215,1.0
interior,0,36.0,1.0
interior,0,51.244510650634766,1.0
interior,0,53.141319274902344,1.0
interior,0,52.201534271240234,1.0
interior,0,55.009090423583984,1.0
interior,0,49.497474670410156,1.0
interior,0,31.764760971069336,1.0
interior,0,37.58989334106445,1.0
interior,2,31.0,1.0
interior,2,14.142135620117188,1.0
interior,0,38.20994567871094,1.0
interior,1,2.0,0.5950413223140496
interior,1,3.1622776985168457,0.7909090909090909
interior,1,4.242640495300293,0.8484848484848485
interior,1,1.4142135381698608,0.6262626262626263
interior,1,4.4721360206604,0.9090909090909091
interior,1,5.385164737701416,0.948051948051948
interior,1,4.123105525970459,0.8701298701298701
interior,1,2.8284270763397217,0.7121212121212122
interior,1,6.4031243324279785,1.0
interior,1,5.385164737701416,0.9545454545454546
uniform,2,19.235383987426758,1.0
uniform,0,14.866068840026855,1.0
uniform,3,1.0,0.6776859504132231
uniform,2,45.96738052368164,1.0
uniform,3,12.206555366516113,1.0
uniform,0,15.524174690246582,1.0
uniform,3,21.63330841064453,1.0
uniform,0,16.552946090698242,1.0
uniform,0,11.180339813232422,1.0
uniform,0,15.524174690246582,1.0
uniform,2,1.4142135381698608,0.6859504132231405
uniform,0,24.698177337646484,1.0
uniform,0,19.235383987426758,1.0
uniform,3,16.124515533447266,1.0
uniform,0,21.470911026000977,1.0
uniform,0,23.706539154052734,1.0
uniform,0,5.385164737701416,0.9834710743801653
uniform,2,46.81879806518555,1.0
uniform,3,65.11528015136719,1.0
uniform,3,68.88395690917969,1.0
uniform,2,5.385164737701416,0.9752066115702479
uniform,2,67.35725402832031,1.0
uniform,2,58.03447341918945,1.0
uniform,2,76.68767547607422,1.0
uniform,3,40.70626449584961,1.0
uniform,2,96.33275604248047,1.0
uniform,3,2.2360680103302,0.7768595041322314
uniform,2,100.60317993164062,1.0
uniform,3,100.40418243408203,1.0
uniform,3,73.97972869873047,1.0
boundary,3,15.264337539672852,1.0
boundary,0,3.605551242828369,0.9504132231404959
boundary,0,10.049875259399414,1.0
boundary,0,3.0,0.8512396694214877
boundary,0,0.0,0.5619834710743802
boundary,0,5.830951690673828,0.9917355371900827
boundary,2,6.7082037925720215,1.0
boundary,3,10.630146026611328,1.0
boundary,0,16.76305389404297,1.0
boundary,3,10.630146026611328,1.0
boundary,2,8.9442720413208,1.0
boundary,0,26.4007568359375,1.0
boundary,3,33.12099075317383,1.0
boundary,0,1.0,0.6776859504132231
boundary,0,8.246211051940918,1.0
boundary,0,1.0,0.5619834710743802
boundary,2,5.0,0.9586776859504132
boundary,2,7.6157732009887695,1.0
boundary,2,58.00862121582031,1.0
boundary,3,3.605551242828369,0.8925619834710744
boundary,2,4.123105525970459,0.9173553719008265
boundary,2,1.0,0.5785123966942148
boundary,3,12.806248664855957,1.0
boundary,3,0.0,0.5867768595041323
boundary,2,25.01999282836914,1.0
boundary,2,9.05538558959961,1.0
boundary,3,13.601470947265625,1.0
boundary,2,62.62587356567383,1.0
boundary,3,12.083045959472656,1.0
boundary,3,31.016124725341797,1.0
interior,0,12.369317054748535,1.0
interior,0,23.409399032592773,1.0
interior,2,50.32891845703125,1.0
interior,0,20.124610900878906,1.0
interior,0,21.02379608154297,1.0
interior,0,25.079872131347656,1.0
interior,0,24.166091918945312,1.0
interior,3,13.03840446472168,1.0
interior,0,23.853721618652344,1.0
interior,0,22.022714614868164,1.0
interior,3,7.071067810058594,1.0
interior,0,33.105892181396484,1.0
interior,0,0.0,0.5041322314049587
interior,2,55.4707145690918,1.0
interior,2,73.87828063964844,1.0
interior,2,54.81787872314453,1.0
interior,3,95.34149169921875,1.0
interior,3,105.54619598388672,1.0
interior,3,109.07795715332031,1.0
interior,3,114.58621215820312,1.0
interior,3,67.20863342285156,1.0
interior,3,128.12884521484375,1.0
interior,3,131.54847717285156,1.0
interior,2,131.1373291015625,1.0
interior,2,123.4544448852539,1.0
interior,2,138.8272247314453,1.0
interior,2,110.30865478515625,1.0
interior,3,114.0,1.0
interior,2,143.89231872558594,1.0
interior,2,143.96180725097656,1.0
uniform,0,5.0,0.961038961038961
uniform,0,4.4721360206604,0.9431818181818182
uniform,0,11.313708305358887,1.0
uniform,0,1.4142135381698608,0.6942148760330579
uniform,2,24.83948516845703,1.0
uniform,0,23.76972770690918,1.0
uniform,3,17.804492950439453,1.0
uniform,0,27.892650604248047,1.0
uniform,0,17.464248657226562,1.0
uniform,3,21.931713104248047,1.0
uniform,0,26.570659637451172,1.0
uniform,2,46.615447998046875,1.0
uniform,0,7.211102485656738,1.0
uniform,2,6.324555397033691,1.0
uniform,0,0.0,0.5619834710743802
uniform,3,16.124515533447266,1.0
uniform,3,11.661903381347656,1.0
uniform,2,56.36488342285156,1.0
uniform,2,6.4031243324279785,1.0
uniform,3,28.635643005371094,1.0
uniform,2,63.51377868652344,1.0
uniform,2,1.4142135381698608,0.7024793388429752
uniform,3,104.40306854248047,1.0
uniform,3,22.203603744506836,1.0
uniform,2,4.242640495300293,0.9338842975206612
uniform,3,97.75479888916016,1.0
uniform,3,102.08329772949219,1.0
uniform,3,91.92388153076172,1.0
uniform,2,92.8493423461914,1.0
uniform,2,135.55810546875,1.0
boundary,0,4.0,0.9090909090909091
boundary,0,7.071067810058594,1.0
boundary,2,8.5440034866333,1.0
boundary,2,12.041594505310059,1.0
boundary,0,5.0,1.0
boundary,3,20.248456954956055,1.0
boundary,0,0.0,0.5289256198347108
boundary,2,2.0,0.743801652892562
boundary,3,3.605551242828369,0.9008264462809917
boundary,3,8.9442720413208,1.0
boundary,3,10.29563045501709,1.0
boundary,0,4.123105525970459,0.9338842975206612
boundary,2,1.0,0.6446280991735537
boundary,0,11.180339813232422,1.0
boundary,0,1.0,0.6363636363636364
boundary,0,7.280109882354736,1.0
boundary,0,12.649110794067383,1.0
boundary,2,38.07886505126953,1.0
boundary,3,26.305892944335938,1.0
boundary,0,2.0,0.7272727272727273
boundary,3,19.10497283935547,1.0
boundary,2,15.29705810546875,1.0
boundary,3,15.231546401977539,1.0
boundary,2,7.211102485656738,1.0
boundary,3,44.55333709716797,1.0
boundary,3,3.605551242828369,0.8925619834710744
boundary,2,11.180339813232422,1.0
boundary,2,39.924930572509766,1.0
boundary,2,8.5440034866333,1.0
boundary,3,30.01666259765625,1.0
interior,0,26.832815170288086,1.0
interior,0,25.05992889404297,1.0
interior,0,21.095022201538086,1.0
interior,0,20.39607810974121,1.0
interior,0,5.830951690673828,0.9917355371900827
interior,0,28.635643005371094,1.0
interior,0,37.121421813964844,1.0
interior,0,27.312999725341797,1.0
interior,0,24.351591110229492,1.0
interior,3,14.866068840026855,1.0
interior,0,8.062257766723633,1.0
interior,3,74.09453582763672,1.0
interior,3,21.954498291015625,1.0
interior,3,88.63971710205078,1.0
interior,3,65.76473236083984,1.0
interior,2,42.19004440307617,1.0
interior,2,51.865211486816406,1.0
interior,2,63.348243713378906,1.0
interior,2,99.29753112792969,1.0
interior,2,15.231546401977539,1.0
interior,2,96.10411071777344,1.0
interior,3,104.44615936279297,1.0
interior,2,128.06248474121094,1.0
interior,3,111.51681518554688,1.0
interior,3,128.28094482421875,1.0
interior,3,130.86251831054688,1.0
interior,2,139.7783966064453,1.0
interior,3,130.0,1.0
interior,2,129.44883728027344,1.0
interior,2,100.6578369140625,1.0
uniform,0,22.360679626464844,1.0
uniform,2,9.219544410705566,1.0
uniform,3,10.29563045501709,1.0
uniform,0,18.681541442871094,1.0
uniform,3,10.770329475402832,1.0
uniform,2,51.855567932128906,1.0
uniform,0,25.079872131347656,1.0
uniform,0,22.803508758544922,1.0
uniform,0,11.661903381347656,1.0
uniform,2,37.161808013916016,1.0
uniform,3,8.9442720413208,1.0
uniform,2,54.4058837890625,1.0
uniform,0,33.0,1.0
uniform,0,4.123105525970459,0.9421487603305785
uniform,0,14.866068840026855,1.0
uniform,0,33.241539001464844,1.0
uniform,2,9.0,1.0
uniform,0,26.832815170288086,1.0
uniform,2,58.694122314453125,1.0
uniform,2,61.6846809387207,1.0
uniform,3,17.029386520385742,1.0
uniform,2,5.0,0.9752066115702479
uniform,2,36.8917350769043,1.0
uniform,2,15.81138801574707,1.0
uniform,3,75.95393371582031,1.0
uniform,3,47.01063537597656,1.0
uniform,3,14.422204971313477,1.0
uniform,3,75.92759704589844,1.0
uniform,3,105.67875671386719,1.0
uniform,3,120.93386840820312,1.0
boundary,2,40.4474983215332,1.0
boundary,0,0.0,0.5785123966942148
boundary,2,8.485280990600586,1.0
boundary,3,7.211102485656738,1.0
boundary,2,10.440306663513184,1.0
boundary,2,4.4721360206604,0.9504132231404959
boundary,2,49.39635467529297,1.0
boundary,0,4.242640495300293,0.9636363636363636
boundary,0,12.041594505310059,1.0
boundary,2,8.062257766723633,1.0
boundary,0,3.1622776985168457,0.8842975206611571
boundary,0,1.4142135381698608,0.7024793388429752
boundary,3,5.0,0.9586776859504132
boundary,2,14.764822959899902,1.0
boundary,0,2.2360680103302,0.8016528925619835
boundary,0,8.9442720413208,1.0
boundary,3,24.75883674621582,1.0
boundary,2,4.242640495300293,0.9173553719008265
boundary,0,8.062257766723633,1.0
boundary,0,2.8284270763397217,0.8347107438016529
boundary,3,19.84943389892578,1.0
boundary,2,16.401220321655273,1.0
boundary,0,1.0,0.5909090909090909
boundary,3,1.0,0.6033057851239669
boundary,2,40.360870361328125,1.0
boundary,3,18.867961883544922,1.0
boundary,3,29.4108829498291,1.0
boundary,3,9.433980941772461,1.0
boundary,3,11.180339813232422,1.0
boundary,3,55.56977462768555,1.0
interior,0,12.806248664855957,1.0
interior,0,8.5440034866333,1.0
interior,0,20.59126091003418,1.0
interior,2,31.400636672973633,1.0
interior,0,10.816654205322266,1.0
interior,0,22.803508758544922,1.0
interior,0,26.07680892944336,1.0
interior,0,29.068883895874023,1.0
interior,0,22.135944366455078,1.0
interior,0,31.38471031188965,1.0
interior,3,9.848857879638672,1.0
interior,0,7.071067810058594,1.0
interior,2,53.851646423339844,1.0
interior,2,44.777225494384766,1.0
interior,3,95.08417510986328,1.0
interior,2,61.52235412597656,1.0
interior,3,59.46427536010742,1.0
interior,3,89.44271850585938,1.0
interior,2,93.64827728271484,1.0
interior,2,93.26306915283203,1.0
interior,3,44.55333709716797,1.0
interior,3,121.79490661621094,1.0
interior,2,118.08895111083984,1.0
interior,2,94.83142852783203,1.0
interior,2,122.78436279296875,1.0
interior,2,83.00602722167969,1.0
interior,3,22.803508758544922,1.0
interior,3,109.22454071044922,1.0
interior,3,120.41594696044922,1.0
interior,3,126.03570556640625,1.0
uniform,0,3.0,0.9504132231404959
uniform,0,13.0,1.0
uniform,0,7.6157732009887695,1.0
uniform,0,8.9442720413208,1.0
uniform,0,20.880613327026367,1.0
uniform,2,52.32590103149414,1.0
uniform,2,46.615447998046875,1.0
uniform,2,55.90169906616211,1.0
uniform,3,2.8284270763397217,0.8099173553719008
uniform,2,0.0,0.5785123966942148
uniform,0,34.78505325317383,1.0
uniform,0,31.016124725341797,1.0
uniform,3,17.0,1.0
uniform,0,16.76305389404297,1.0
uniform,3,9.0,1.0
uniform,0,6.324555397033691,1.0
uniform,0,7.6157732009887695,1.0
uniform,3,29.068883895874023,1.0
uniform,3,1.0,0.6694214876033058
uniform,3,24.083189010620117,1.0
uniform,2,35.84689712524414,1.0
uniform,3,45.80392837524414,1.0
uniform,2,3.605551242828369,0.9090909090909091
uniform,3,58.46366500854492,1.0
uniform,2,16.552946090698242,1.0
uniform,3,67.60177612304688,1.0
uniform,2,2.0,0.7272727272727273
uniform,3,138.9244384765625,1.0
uniform,2,50.695167541503906,1.0
uniform,2,37.161808013916016,1.0
boundary,0,7.071067810058594,1.0
boundary,0,4.4721360206604,0.9504132231404959
boundary,3,14.764822959899902,1.0
boundary,0,2.2360680103302,0.9090909090909091
boundary,0,2.0,0.7520661157024794
boundary,3,6.4031243324279785,0.9917355371900827
boundary,2,14.764822959899902,1.0
boundary,0,20.124610900878906,1.0
boundary,0,3.605551242828369,0.8925619834710744
boundary,2,9.0,1.0
boundary,3,13.892443656921387,1.0
boundary,2,1.4142135381698608,0.71900826446281
boundary,0,31.016124725341797,1.0
boundary,2,9.0,1.0
boundary,2,3.0,0.8512396694214877
boundary,0,3.1622776985168457,0.8842975206611571
boundary,3,20.880613327026367,1.0
boundary,3,45.17742919921875,1.0
boundary,0,17.0880069732666,1.0
boundary,0,1.4142135381698608,0.6446280991735537
boundary,3,5.0,0.9586776859504132
boundary,3,10.29563045501709,1.0
boundary,2,26.4007568359375,1.0
boundary,3,1.0,0.6776859504132231
boundary,2,5.385164737701416,0.9834710743801653
boundary,3,7.211102485656738,1.0
boundary,2,28.600698471069336,1.0
boundary,3,58.5918083190918,1.0
boundary,2,19.416488647460938,1.0
boundary,2,5.385164737701416,0.9917355371900827
interior,0,20.02498435974121,1.0
interior,0,8.9442720413208,1.0
interior,0,23.706539154052734,1.0
interior,0,30.4138126373291,1.0
interior,0,35.0142822265625,1.0
interior,0,37.0,1.0
interior,0,17.0880069732666,1.0
interior,0,28.635643005371094,1.0
interior,0,34.1760139465332,1.0
interior,3,9.848857879638672,1.0
interior,0,30.675724029541016,1.0
interior,3,27.294687271118164,1.0
interior,2,65.7419204711914,1.0
interior,2,58.52349853515625,1.0
interior,3,55.03635025024414,1.0
interior,3,77.88452911376953,1.0
interior,3,80.65357971191406,1.0
interior,2,92.54188537597656,1.0
interior,3,84.59905242919922,1.0
interior,3,116.46887969970703,1.0
interior,3,109.07795715332031,1.0
interior,2,116.43023681640625,1.0
interior,3,83.23461151123047,1.0
interior,2,114.01753997802734,1.0
interior,2,134.0,1.0
interior,2,121.43310546875,1.0
interior,3,118.00423431396484,1.0
interior,2,141.03900146484375,1.0
interior,2,132.40090942382812,1.0
interior,2,70.93659210205078,1.0
uniform,0,13.416407585144043,1.0
uniform,2,29.4108829498291,1.0
uniform,2,1.4142135381698608,0.6942148760330579
uniform,3,18.357559204101562,1.0
uniform,2,28.635643005371094,1.0
uniform,0,16.124515533447266,1.0
uniform,0,3.0,0.8512396694214877
uniform,0,5.099019527435303,0.9834710743801653
uniform,0,0.0,0.5785123966942148
uniform,0,24.59674835205078,1.0
uniform,0,1.0,0.6611570247933884
uniform,0,7.280109882354736,1.0
uniform,0,11.180339813232422,1.0
uniform,0,0.0,0.34710743801652894
uniform,2,6.7082037925720215,1.0
uniform,2,46.87216567993164,1.0
uniform,3,54.0,1.0
uniform,2,8.485280990600586,1.0
uniform,3,21.63330841064453,1.0
uniform,3,75.70997619628906,1.0
uniform,2,27.20294189453125,1.0
uniform,2,88.60022735595703,1.0
uniform,2,38.07886505126953,1.0
uniform,3,25.238859176635742,1.0
uniform,3,15.524174690246582,1.0
uniform,3,116.81181335449219,1.0
uniform,3,122.44998931884766,1.0
uniform,3,68.24954223632812,1.0
uniform,3,35.84689712524414,1.0
uniform,2,68.15423583984375,1.0
boundary,2,11.704699516296387,1.0
boundary,0,2.0,0.7768595041322314
boundary,3,7.211102485656738,1.0
boundary,0,5.385164737701416,0.9834710743801653
boundary,3,19.209373474121094,1.0
boundary,2,21.63330841064453,1.0
boundary,3,1.4142135381698608,0.7272727272727273
boundary,3,19.209373474121094,1.0
boundary,0,18.788293838500977,1.0
boundary,0,16.492422103881836,1.0
boundary,0,23.706539154052734,1.0
boundary,0,0.0,0.5041322314049587
boundary,2,55.46169662475586,1.0
boundary,2,0.0,0.5619834710743802
boundary,2,51.62363815307617,1.0
boundary,3,6.324555397033691,1.0
boundary,0,10.198039054870605,1.0
boundary,0,0.0,0.5867768595041323
boundary,2,3.605551242828369,0.8760330578512396
boundary,2,46.0,1.0
boundary,2,24.0,1.0
boundary,0,0.0,0.5785123966942148
boundary,0,2.0,0.7474747474747475
boundary,3,0.0,0.512396694214876
boundary,2,13.152946472167969,1.0
boundary,3,13.892443656921387,1.0
boundary,3,8.9442720413208,1.0
boundary,2,1.0,0.6115702479338843
boundary,3,85.84288024902344,1.0
boundary,3,30.265491485595703,1.0
interior,0,25.495098114013672,1.0
interior,3,6.4031243324279785,0.9917355371900827
interior,0,22.627416610717773,1.0
interior,0,22.803508758544922,1.0
interior,0,32.015621185302734,1.0
interior,0,16.492422103881836,1.0
interior,0,14.317821502685547,1.0
interior,0,34.885528564453125,1.0
interior,0,24.698177337646484,1.0
interior,2,50.15974426269531,1.0
interior,0,26.925823211669922,1.0
interior,0,17.464248657226562,1.0
interior,2,1.0,0.6033057851239669
interior,3,72.23572540283203,1.0
interior,2,72.20111083984375,1.0
interior,3,101.27191162109375,1.0
interior,3,94.9210205078125,1.0
interior,3,89.0,1.0
interior,3,79.25907135009766,1.0
interior,2,105.0,1.0
interior,2,66.18912506103516,1.0
interior,3,116.6190414428711,1.0
interior,2,90.52071380615234,1.0
interior,3,124.34226989746094,1.0
interior,2,121.75385284423828,1.0
interior,2,137.36083984375,1.0
interior,2,134.08206176757812,1.0
interior,3,141.0,1.0
interior,2,113.46365356445312,1.0
interior,3,128.00390625,1.0
uniform,0,55.03635025024414,1.0
uniform,2,13.892443656921387,1.0
uniform,0,87.3670425415039,1.0
uniform,0,104.8093490600586,1.0
uniform,0,15.524174690246582,1.0
uniform,3,37.10795211791992,1.0
uniform,3,28.635643005371094,1.0
uniform,3,28.0,1.0
uniform,3,28.284271240234375,1.0
uniform,0,58.215118408203125,1.0
uniform,0,34.2344856262207,1.0
uniform,3,20.124610900878906,1.0
uniform,3,15.264337539672852,1.0
uniform,3,36.055511474609375,1.0
uniform,0,0.0,0.5289256198347108
uniform,2,4.123105525970459,0.9173553719008265
uniform,0,44.271888732910156,1.0
uniform,3,20.615528106689453,1.0
uniform,0,32.280025482177734,1.0
uniform,3,9.0,1.0
uniform,0,1.0,0.6115702479338843
uniform,1,19.235383987426758,1.0
uniform,2,55.44366455078125,1.0
uniform,3,5.656854152679443,0.9752066115702479
uniform,1,18.973665237426758,1.0
uniform,2,72.24956512451172,1.0
uniform,1,26.07680892944336,1.0
uniform,2,25.961509704589844,1.0
uniform,2,21.189620971679688,1.0
uniform,1,57.384666442871094,1.0
uniform,2,68.88395690917969,1.0
uniform,2,31.400636672973633,1.0
uniform,2,26.305892944335938,1.0
uniform,2,13.0,1.0
uniform,1,106.56922912597656,1.0
uniform,1,89.1852035522461,1.0
uniform,1,15.81138801574707,1.0
uniform,1,8.9442720413208,1.0
uniform,1,143.0034942626953,1.0
uniform,1,56.7274169921875,1.0
boundary,3,8.5440034866333,1.0
boundary,0,55.081756591796875,1.0
boundary,3,18.788293838500977,1.0
boundary,0,28.07133674621582,1.0
boundary,2,19.697715759277344,1.0
boundary,3,20.099750518798828,1.0
boundary,3,20.124610900878906,1.0
boundary,2,3.605551242828369,0.9090909090909091
boundary,2,15.0,1.0
boundary,0,38.01315689086914,1.0
boundary,2,18.027755737304688,1.0
boundary,0,40.26164245605469,1.0
boundary,2,7.6157732009887695,1.0
boundary,3,14.03566837310791,1.0
boundary,3,12.083045959472656,1.0
boundary,3,20.59126091003418,1.0
boundary,0,16.278820037841797,1.0
boundary,3,1.0,0.6033057851239669
boundary,0,12.083045959472656,1.0
boundary,0,11.180339813232422,1.0
boundary,0,1.4142135381698608,0.6859504132231405
boundary,0,0.0,0.5785123966942148
boundary,0,1.0,0.6611570247933884
boundary,2,8.9442720413208,1.0
boundary,1,13.0,1.0
boundary,1,13.0,1.0
boundary,3,0.0,0.5206611570247934
boundary,1,12.649110794067383,1.0
boundary,3,6.324555397033691,0.9917355371900827
boundary,1,10.770329475402832,1.0
boundary,1,37.48332977294922,1.0
boundary,2,49.24428939819336,1.0
boundary,1,18.681541442871094,1.0
boundary,2,18.248287200927734,1.0
boundary,2,26.570659637451172,1.0
boundary,1,12.083045959472656,1.0
boundary,2,5.385164737701416,1.0
boundary,1,10.440306663513184,1.0
boundary,1,26.305892944335938,1.0
boundary,1,152.06906127929688,1.0
interior,3,45.27692413330078,1.0
interior,0,101.31633758544922,1.0
interior,3,25.63201141357422,1.0
interior,0,92.9139404296875,1.0
interior,3,40.16217041015625,1.0
interior,3,18.681541442871094,1.0
interior,0,101.71037292480469,1.0
interior,0,68.06614685058594,1.0
interior,3,38.897300720214844,1.0
interior,0,69.35416412353516,1.0
interior,0,86.20904541015625,1.0
interior,0,94.64142608642578,1.0
interior,0,92.04889678955078,1.0
interior,3,25.238859176635742,1.0
interior,3,23.323806762695312,1.0
interior,3,36.0,1.0
interior,0,54.81787872314453,1.0
interior,0,35.735137939453125,1.0
interior,3,18.384777069091797,1.0
interior,3,2.8284270763397217,0.8512396694214877
interior,2,2.8284270763397217,0.8347107438016529
interior,2,30.870698928833008,1.0
interior,2,82.60750579833984,1.0
interior,2,84.0,1.0
interior,2,78.0,1.0
interior,2,63.5688591003418,1.0
interior,2,72.03471374511719,1.0
interior,2,67.6830825805664,1.0
interior,1,96.4624252319336,1.0
interior,2,24.1867733001709,1.0
interior,2,11.045360565185547,1.0
interior,1,115.9482650756836,1.0
interior,1,90.44335174560547,1.0
interior,1,149.16433715820312,1.0
interior,1,24.698177337646484,1.0
interior,1,112.92918395996094,1.0
interior,1,153.5871124267578,1.0
interior,1,146.8400421142578,1.0
interior,1,145.4991455078125,1.0
interior,1,55.17245864868164,1.0
uniform,0,51.244510650634766,1.0
uniform,2,27.312999725341797,1.0
uniform,3,2.0,0.7107438016528925
uniform,3,3.1622776985168457,0.859504132231405
uniform,3,13.416407585144043,1.0
uniform,3,16.970561981201172,1.0
uniform,3,36.715118408203125,1.0
uniform,0,63.50590515136719,1.0
uniform,0,62.28964614868164,1.0
uniform,3,5.0,1.0
uniform,0,91.66242218017578,1.0
uniform,0,6.0,1.0
uniform,3,17.20465087890625,1.0
uniform,2,2.2360680103302,0.7768595041322314
uniform,0,59.66573715209961,1.0
uniform,0,47.75981521606445,1.0
uniform,3,21.189620971679688,1.0
uniform,3,2.2360680103302,0.7851239669421488
uniform,0,31.016124725341797,1.0
uniform,2,26.925823211669922,1.0
uniform,3,2.2360680103302,0.7768595041322314
uniform,0,5.385164737701416,0.9917355371900827
uniform,0,1.0,0.628099173553719
uniform,1,13.0,1.0
uniform,2,73.24616241455078,1.0
uniform,2,76.10519409179688,1.0
uniform,1,13.34166431427002,1.0
uniform,1,24.351591110229492,1.0
uniform,2,44.59820556640625,1.0
uniform,2,83.54639434814453,1.0
uniform,2,63.24555206298828,1.0
uniform,2,32.893768310546875,1.0
uniform,1,76.24303436279297,1.0
uniform,2,6.324555397033691,1.0
uniform,1,103.58088684082031,1.0
uniform,1,140.2462158203125,1.0
uniform,1,107.2800064086914,1.0
uniform,1,146.08558654785156,1.0
uniform,1,162.1881561279297,1.0
uniform,1,163.4411163330078,1.0
boundary,2,1.4142135381698608,0.7024793388429752
boundary,3,43.65776062011719,1.0
boundary,3,4.0,0.9090909090909091
boundary,0,18.0,1.0
boundary,2,13.0,1.0
boundary,2,19.697715759277344,1.0
boundary,0,25.01999282836914,1.0
boundary,3,6.4031243324279785,0.9917355371900827
boundary,3,17.11724281311035,1.0
boundary,2,2.8284270763397217,0.8512396694214877
boundary,3,19.416488647460938,1.0
boundary,0,2.2360680103302,0.7933884297520661
boundary,3,5.830951690673828,1.0
boundary,3,15.524174690246582,1.0
boundary,3,0.0,0.5289256198347108
boundary,2,10.440306663513184,1.0
boundary,0,23.0867919921875,1.0
boundary,2,25.238859176635742,1.0
boundary,0,33.734256744384766,1.0
boundary,3,0.0,0.5785123966942148
boundary,0,14.142135620117188,1.0
boundary,0,1.0,0.628099173553719
boundary,0,3.1622776985168457,0.8842975206611571
boundary,0,16.155494689941406,1.0
boundary,0,7.280109882354736,1.0
boundary,1,0.0,0.5371900826446281
boundary,3,7.280109882354736,1.0
boundary,2,61.32699203491211,1.0
boundary,2,14.866068840026855,1.0
boundary,1,35.693138122558594,1.0
boundary,1,27.20294189453125,1.0
boundary,2,22.803508758544922,1.0
boundary,1,5.385164737701416,0.9917355371900827
boundary,1,104.54663848876953,1.0
boundary,1,25.961509704589844,1.0
boundary,2,12.369317054748535,1.0
boundary,1,16.278820037841797,1.0
boundary,1,11.704699516296387,1.0
boundary,1,31.016124725341797,1.0
boundary,1,41.9761848449707,1.0
interior,3,19.0,1.0
interior,0,105.07616424560547,1.0
interior,0,98.15293884277344,1.0
interior,0,76.94153594970703,1.0
interior,3,35.84689712524414,1.0
interior,3,10.29563045501709,1.0
interior,0,100.7174301147461,1.0
interior,0,95.75489807128906,1.0
interior,3,35.11410140991211,1.0
interior,3,15.65247631072998,1.0
interior,3,29.0,1.0
interior,3,24.041629791259766,1.0
interior,0,77.79460144042969,1.0
interior,0,72.80110168457031,1.0
interior,0,65.45991516113281,1.0
interior,0,4.0,0.9173553719008265
interior,0,55.6596794128418,1.0
interior,3,14.21267032623291,1.0
interior,3,22.472204208374023,1.0
interior,2,31.62277603149414,1.0
interior,3,16.492422103881836,1.0
interior,2,44.271888732910156,1.0
interior,2,69.1158447265625,1.0
interior,2,74.02702331542969,1.0
interior,2,77.02597045898438,1.0
interior,2,47.85394287109375,1.0
interior,2,84.34452819824219,1.0
interior,2,68.3081283569336,1.0
interior,1,54.81787872314453,1.0
interior,2,58.85575485229492,1.0
interior,2,43.65776062011719,1.0
interior,1,103.74005889892578,1.0
interior,1,109.88175201416016,1.0
interior,1,127.78105926513672,1.0
interior,1,129.54150390625,1.0
interior,1,17.8885440826416,1.0
interior,1,136.12493896484375,1.0
interior,1,53.600372314453125,1.0
interior,1,160.31219482421875,1.0
interior,1,165.9397430419922,1.0
uniform,0,73.17103576660156,1.0
uniform,2,26.0,1.0
uniform,3,29.529645919799805,1.0
uniform,0,12.649110794067383,1.0
uniform,0,49.09175109863281,1.0
uniform,3,6.082762718200684,1.0
uniform,3,1.0,0.6033057851239669
uniform,0,54.0,1.0
uniform,3,30.463092803955078,1.0
uniform,2,9.219544410705566,1.0
uniform,3,1.4142135381698608,0.6859504132231405
uniform,3,3.605551242828369,0.8925619834710744
uniform,3,8.246211051940918,1.0
uniform,0,34.1760139465332,1.0
uniform,3,1.0,0.5950413223140496
uniform,0,35.902645111083984,1.0
uniform,0,5.0,0.9752066115702479
uniform,0,11.704699516296387,1.0
uniform,1,9.848857879638672,1.0
uniform,0,0.0,0.5454545454545454
uniform,3,14.560219764709473,1.0
uniform,2,25.942243576049805,1.0
uniform,0,0.0,0.45454545454545453
uniform,3,2.0,0.7520661157024794
uniform,1,5.385164737701416,1.0
uniform,1,17.464248657226562,1.0
uniform,2,30.870698928833008,1.0
uniform,1,0.0,0.49586776859504134
uniform,1,31.016124725341797,1.0
uniform,1,2.8284270763397217,0.8016528925619835
uniform,1,42.95346450805664,1.0
uniform,2,27.85677719116211,1.0
uniform,1,57.567352294921875,1.0
uniform,2,12.649110794067383,1.0
uniform,2,12.649110794067383,1.0
uniform,1,69.89277648925781,1.0
uniform,1,19.646883010864258,1.0
uniform,2,7.280109882354736,1.0
uniform,2,18.439088821411133,1.0
uniform,2,11.704699516296387,1.0
boundary,3,18.0,1.0
boundary,0,25.01999282836914,1.0
boundary,3,18.357559204101562,1.0
boundary,2,15.0,1.0
boundary,0,40.4474983215332,1.0
boundary,3,4.0,0.9008264462809917
boundary,2,9.433980941772461,1.0
boundary,2,0.0,0.5289256198347108
boundary,3,0.0,0.5867768595041323
boundary,0,1.0,0.6694214876033058
boundary,3,5.0,0.9669421487603306
boundary,0,16.278820037841797,1.0
boundary,3,3.0,0.859504132231405
boundary,0,37.48332977294922,1.0
boundary,2,0.0,0.5867768595041323
boundary,3,3.0,0.8181818181818182
boundary,3,0.0,0.5289256198347108
boundary,3,16.76305389404297,1.0
boundary,0,45.54119110107422,1.0
boundary,2,17.464248657226562,1.0
boundary,0,17.464248657226562,1.0
boundary,0,3.0,0.8347107438016529
boundary,0,10.770329475402832,1.0
boundary,3,15.29705810546875,1.0
boundary,0,5.830951690673828,1.0
boundary,2,5.385164737701416,1.0
boundary,1,24.515300750732422,1.0
boundary,2,79.0,1.0
boundary,1,31.240999221801758,1.0
boundary,1,45.96738052368164,1.0
boundary,2,27.658634185791016,1.0
boundary,2,12.369317054748535,1.0
boundary,1,37.85498809814453,1.0
boundary,1,7.071067810058594,1.0
boundary,2,5.0,0.9752066115702479
boundary,1,1.0,0.6528925619834711
boundary,1,28.160255432128906,1.0
boundary,1,11.0,1.0
boundary,1,18.11077117919922,1.0
boundary,1,61.22091293334961,1.0
interior,0,105.07616424560547,1.0
interior,0,100.4987564086914,1.0
interior,3,25.298221588134766,1.0
interior,0,108.0462875366211,1.0
interior,2,13.416407585144043,1.0
interior,0,92.6552734375,1.0
interior,3,43.32435989379883,1.0
interior,2,26.4007568359375,1.0
interior,3,40.31128692626953,1.0
interior,0,105.57461547851562,1.0
interior,0,98.32598876953125,1.0
interior,3,25.179357528686523,1.0
interior,3,31.14482307434082,1.0
interior,3,28.635643005371094,1.0
interior,3,22.671567916870117,1.0
interior,0,92.89241027832031,1.0
interior,3,33.13608169555664,1.0
interior,3,24.166091918945312,1.0
interior,0,82.02438354492188,1.0
interior,0,65.0,1.0
interior,0,38.470767974853516,1.0
interior,3,25.942243576049805,1.0
interior,2,35.693138122558594,1.0
interior,1,34.20526123046875,1.0
interior,2,75.31268310546875,1.0
interior,2,79.00633239746094,1.0
interior,2,75.89466094970703,1.0
interior,2,73.16419982910156,1.0
interior,2,61.35144805908203,1.0
interior,2,55.73149871826172,1.0
interior,2,25.961509704589844,1.0
interior,1,81.90848541259766,1.0
interior,1,76.15773010253906,1.0
interior,1,127.34598541259766,1.0
interior,1,141.76036071777344,1.0
interior,1,159.87808227539062,1.0
interior,1,137.0875701904297,1.0
interior,1,117.95338439941406,1.0
interior,1,154.53802490234375,1.0
interior,1,48.27007293701172,1.0
uniform,3,4.0,0.9848484848484849
uniform,3,35.12833786010742,1.0
uniform,0,43.5660400390625,1.0
uniform,0,99.60923767089844,1.0
uniform,3,31.827661514282227,1.0
uniform,3,17.0,1.0
uniform,0,100.4987564086914,1.0
uniform,0,98.37174224853516,1.0
uniform,0,84.59314727783203,1.0
uniform,3,15.65247631072998,1.0
uniform,2,3.605551242828369,0.8925619834710744
uniform,3,28.792360305786133,1.0
uniform,3,2.0,0.7603305785123967
uniform,3,23.53720474243164,1.0
uniform,2,5.0,0.9504132231404959
uniform,0,14.866068840026855,1.0
uniform,0,45.221675872802734,1.0
uniform,2,10.198039054870605,1.0
uniform,0,12.041594505310059,1.0
uniform,3,19.697715759277344,1.0
uniform,2,13.34166431427002,1.0
uniform,2,30.870698928833008,1.0
uniform,1,1.4142135381698608,0.7024793388429752
uniform,0,19.92485809326172,1.0
uniform,0,3.1622776985168457,0.8677685950413223
uniform,2,11.180339813232422,1.0
uniform,2,29.546573638916016,1.0
uniform,2,56.14267349243164,1.0
uniform,3,12.041594505310059,1.0
uniform,2,26.476404190063477,1.0
uniform,1,78.16009521484375,1.0
uniform,2,15.132745742797852,1.0
uniform,1,116.96580505371094,1.0
uniform,1,31.320919036865234,1.0
uniform,1,54.81787872314453,1.0
uniform,1,6.082762718200684,1.0
uniform,1,6.7082037925720215,1.0
uniform,1,56.32051086425781,1.0
uniform,1,40.804412841796875,1.0
uniform,1,104.177734375,1.0
boundary,3,0.0,0.5206611570247934
boundary,2,14.0,1.0
boundary,3,24.698177337646484,1.0
boundary,3,21.470911026000977,1.0
boundary,3,10.770329475402832,1.0
boundary,3,11.401754379272461,1.0
boundary,3,7.0,1.0
boundary,3,7.6157732009887695,1.0
boundary,0,20.880613327026367,1.0
boundary,3,7.0,1.0
boundary,0,65.25334930419922,1.0
boundary,0,15.132745742797852,1.0
boundary,0,2.0,0.743801652892562
boundary,2,20.39607810974121,1.0
boundary,0,51.92301940917969,1.0
boundary,0,28.792360305786133,1.0
boundary,2,31.62277603149414,1.0
boundary,0,14.142135620117188,1.0
boundary,0,32.572994232177734,1.0
boundary,0,2.0,0.7272727272727273
boundary,0,31.62277603149414,1.0
boundary,2,36.22154235839844,1.0
boundary,2,23.0,1.0
boundary,1,6.0,1.0
boundary,2,26.172504425048828,1.0
boundary,3,0.0,0.5206611570247934
boundary,1,1.0,0.6611570247933884
boundary,3,9.05538558959961,1.0
boundary,1,12.041594505310059,1.0
boundary,2,22.135944366455078,1.0
boundary,1,14.560219764709473,1.0
boundary,1,21.931713104248047,1.0
boundary,2,27.513633728027344,1.0
boundary,1,78.43468475341797,1.0
boundary,2,4.0,0.9595959595959596
boundary,1,0.0,0.5619834710743802
boundary,2,1.0,0.6363636363636364
boundary,1,6.7082037925720215,1.0
boundary,1,96.5660400390625,1.0
boundary,1,98.23441314697266,1.0
interior,0,19.92485809326172,1.0
interior,0,75.95393371582031,1.0
interior,0,47.04253387451172,1.0
interior,3,25.0,1.0
interior,3,16.124515533447266,1.0
interior,3,37.57658767700195,1.0
interior,3,31.890438079833984,1.0
interior,3,37.48332977294922,1.0
interior,3,26.476404190063477,1.0
interior,0,76.02631378173828,1.0
interior,0,42.04759216308594,1.0
interior,3,20.0,1.0
interior,3,25.079872131347656,1.0
interior,0,81.32035064697266,1.0
interior,0,68.0,1.0
interior,0,76.843994140625,1.0
interior,0,64.0,1.0
interior,0,60.406951904296875,1.0
interior,3,8.9442720413208,1.0
interior,3,15.29705810546875,1.0
interior,2,58.24087905883789,1.0
interior,2,67.0,1.0
interior,2,60.41522979736328,1.0
interior,2,71.0633544921875,1.0
interior,2,83.48652648925781,1.0
interior,2,84.07734680175781,1.0
interior,2,66.0984115600586,1.0
interior,2,79.42921447753906,1.0
interior,1,37.0,1.0
interior,2,71.38627624511719,1.0
interior,2,59.13543701171875,1.0
interior,1,62.93647766113281,1.0
interior,1,93.68030548095703,1.0
interior,1,63.24555206298828,1.0
interior,1,104.8093490600586,1.0
interior,1,115.9482650756836,1.0
interior,1,60.63827133178711,1.0
interior,1,142.44297790527344,1.0
interior,1,80.08120727539062,1.0
interior,1,94.86833190917969,1.0
uniform,0,19.646883010864258,1.0
uniform,0,8.0,1.0
uniform,0,35.902645111083984,1.0
uniform,0,4.0,0.9338842975206612
uniform,3,29.546573638916016,1.0
uniform,0,58.03447341918945,1.0
uniform,3,12.529964447021484,1.0
uniform,3,36.715118408203125,1.0
uniform,2,2.0,0.7272727272727273
uniform,3,6.082762718200684,1.0
uniform,3,8.246211051940918,1.0
uniform,2,10.29563045501709,1.0
uniform,3,22.825424194335938,1.0
uniform,0,79.8122787475586,1.0
uniform,3,36.055511474609375,1.0
uniform,3,9.433980941772461,1.0
uniform,3,0.0,0.5454545454545454
uniform,0,38.832977294921875,1.0
uniform,2,15.65247631072998,1.0
uniform,0,27.892650604248047,1.0
uniform,1,4.4721360206604,0.9586776859504132
uniform,0,6.7082037925720215,1.0
uniform,2,50.0,1.0
uniform,2,6.7082037925720215,1.0
uniform,2,52.08646774291992,1.0
uniform,0,5.0,0.9752066115702479
uniform,2,57.775428771972656,1.0
uniform,2,28.635643005371094,1.0
uniform,3,2.8284270763397217,0.8181818181818182
uniform,1,25.45584487915039,1.0
uniform,2,9.486832618713379,1.0
uniform,1,5.0,0.9752066115702479
uniform,2,6.7082037925720215,1.0
uniform,1,108.811767578125,1.0
uniform,1,0.0,0.5785123966942148
uniform,1,101.19288635253906,1.0
uniform,1,142.72000122070312,1.0
uniform,1,155.01290893554688,1.0
uniform,1,38.470767974853516,1.0
uniform,1,48.27007293701172,1.0
boundary,2,25.942243576049805,1.0
boundary,3,5.830951690673828,0.9917355371900827
boundary,2,15.231546401977539,1.0
boundary,2,10.0,1.0
boundary,0,21.0,1.0
boundary,3,7.0,1.0
boundary,0,0.0,0.5041322314049587
boundary,3,5.0,0.9669421487603306
boundary,2,0.0,0.5454545454545454
boundary,3,4.123105525970459,0.9173553719008265
boundary,0,45.880279541015625,1.0
boundary,3,0.0,0.5289256198347108
boundary,0,26.172504425048828,1.0
boundary,3,9.848857879638672,1.0
boundary,0,0.0,0.5867768595041323
boundary,0,12.041594505310059,1.0
boundary,2,32.202484130859375,1.0
boundary,3,2.0,0.8181818181818182
boundary,3,11.704699516296387,1.0
boundary,3,0.0,0.628099173553719
boundary,0,19.92485809326172,1.0
boundary,0,4.0,0.8677685950413223
boundary,3,10.770329475402832,1.0
boundary,0,8.246211051940918,1.0
boundary,0,2.2360680103302,0.7851239669421488
boundary,2,20.2237491607666,1.0
boundary,2,30.265491485595703,1.0
boundary,1,34.78505325317383,1.0
boundary,1,38.897300720214844,1.0
boundary,1,5.099019527435303,0.9834710743801653
boundary,1,26.925823211669922,1.0
boundary,2,34.71310806274414,1.0
boundary,1,9.219544410705566,1.0
boundary,1,34.1760139465332,1.0
boundary,2,12.0,1.0
boundary,1,26.68332862854004,1.0
boundary,2,10.440306663513184,1.0
boundary,1,45.54119110107422,1.0
boundary,1,14.142135620117188,1.0
boundary,1,6.7082037925720215,1.0
interior,0,103.23758697509766,1.0
interior,3,39.0128173828125,1.0
interior,0,101.11874389648438,1.0
interior,0,90.79647827148438,1.0
interior,0,67.06713104248047,1.0
interior,0,94.42987060546875,1.0
interior,3,41.773197174072266,1.0
interior,3,41.0,1.0
interior,3,35.0142822265625,1.0
interior,0,52.611785888671875,1.0
interior,3,31.764760971069336,1.0
interior,3,10.770329475402832,1.0
interior,0,87.09190368652344,1.0
interior,3,20.808652877807617,1.0
interior,3,23.409399032592773,1.0
interior,0,70.60453033447266,1.0
interior,0,43.931766510009766,1.0
interior,3,19.416488647460938,1.0
interior,3,18.11077117919922,1.0
interior,0,51.54609680175781,1.0
interior,2,40.01249694824219,1.0
interior,1,8.246211051940918,1.0
interior,2,68.96376037597656,1.0
interior,2,69.87130737304688,1.0
interior,1,24.351591110229492,1.0
interior,2,83.0,1.0
interior,2,80.49844360351562,1.0
interior,2,71.56814575195312,1.0
interior,2,15.524174690246582,1.0
interior,2,58.85575485229492,1.0
interior,2,44.14748001098633,1.0
interior,1,89.8276138305664,1.0
interior,1,79.12016296386719,1.0
interior,1,107.00466918945312,1.0
interior,2,4.0,0.9421487603305785
interior,1,111.68258666992188,1.0
interior,1,142.36923217773438,1.0
interior,1,149.26486206054688,1.0
interior,1,107.22406768798828,1.0
interior,1,121.7579574584961,1.0
uniform,0,8.485280990600586,1.0
uniform,5,11.045360565185547,1.0
uniform,5,0.0,0.5619834710743802
uniform,5,8.9442720413208,1.0
uniform,5,2.8284270763397217,0.8429752066115702
uniform,0,9.0,1.0
uniform,5,6.0,1.0
uniform,0,1.0,0.6446280991735537
uniform,5,6.082762718200684,1.0
uniform,0,5.0,0.9917355371900827
uniform,5,2.0,0.8347107438016529
uniform,5,2.0,0.7603305785123967
uniform,1,18.357559204101562,1.0
uniform,0,8.602325439453125,1.0
uniform,5,8.062257766723633,1.0
uniform,5,3.0,0.8181818181818182
uniform,1,10.770329475402832,1.0
uniform,0,12.529964447021484,1.0
uniform,0,13.34166431427002,1.0
uniform,0,7.8102498054504395,1.0
uniform,0,5.385164737701416,0.9834710743801653
uniform,0,3.605551242828369,0.8925619834710744
uniform,1,123.79418182373047,1.0
uniform,1,87.66413116455078,1.0
uniform,1,21.189620971679688,1.0
uniform,1,59.61543273925781,1.0
uniform,2,5.830951690673828,0.9917355371900827
uniform,1,49.04079818725586,1.0
uniform,1,33.52610778808594,1.0
uniform,1,38.01315689086914,1.0
uniform,1,16.492422103881836,1.0
uniform,3,2.2360680103302,0.7768595041322314
uniform,2,18.027755737304688,1.0
uniform,3,7.0,1.0
uniform,3,8.0,1.0
uniform,3,3.605551242828369,0.9008264462809917
uniform,3,5.656854152679443,0.9834710743801653
uniform,2,33.734256744384766,1.0
uniform,2,4.0,0.9421487603305785
uniform,3,16.970561981201172,1.0
uniform,2,11.401754379272461,1.0
uniform,3,25.0,1.0
uniform,2,6.7082037925720215,1.0
uniform,2,64.19501495361328,1.0
uniform,3,16.278820037841797,1.0
uniform,3,8.062257766723633,1.0
uniform,3,5.656854152679443,0.9752066115702479
uniform,2,54.120235443115234,1.0
uniform,2,29.698484420776367,1.0
uniform,2,26.68332862854004,1.0
boundary,0,1.4142135381698608,0.6942148760330579
boundary,0,13.892443656921387,1.0
boundary,5,1.0,0.6611570247933884
boundary,0,5.385164737701416,0.9917355371900827
boundary,5,3.605551242828369,0.8842975206611571
boundary,0,3.1622776985168457,0.8677685950413223
boundary,5,4.123105525970459,0.9173553719008265
boundary,5,2.0,0.7272727272727273
boundary,0,2.0,0.7272727272727273
boundary,5,1.0,0.6611570247933884
boundary,0,1.4142135381698608,0.5950413223140496
boundary,5,5.0,1.0
boundary,0,4.0,0.9090909090909091
boundary,5,6.7082037925720215,1.0
boundary,0,7.8102498054504395,1.0
boundary,5,2.0,0.7272727272727273
boundary,5,3.605551242828369,0.8925619834710744
boundary,5,0.0,0.5289256198347108
boundary,0,0.0,0.5867768595041323
boundary,0,0.0,0.5619834710743802
boundary,1,12.369317054748535,1.0
boundary,1,23.706539154052734,1.0
boundary,1,112.00446319580078,1.0
boundary,1,2.2360680103302,0.7851239669421488
boundary,2,1.4142135381698608,0.6942148760330579
boundary,1,8.246211051940918,1.0
boundary,2,1.0,0.6198347107438017
boundary,1,57.775428771972656,1.0
boundary,2,5.830951690673828,0.9917355371900827
boundary,1,14.560219764709473,1.0
boundary,2,8.246211051940918,1.0
boundary,2,3.0,0.8512396694214877
boundary,1,14.764822959899902,1.0
boundary,1,1.4142135381698608,0.7107438016528925
boundary,3,0.0,0.4628099173553719
boundary,2,0.0,0.5785123966942148
boundary,1,20.248456954956055,1.0
boundary,3,9.0,1.0
boundary,3,0.0,0.5537190082644629
boundary,2,21.0,1.0
boundary,3,3.0,0.7272727272727273
boundary,3,4.123105525970459,0.9504132231404959
boundary,2,1.0,0.6198347107438017
boundary,3,6.0,1.0
boundary,3,26.62705421447754,1.0
boundary,3,7.280109882354736,1.0
boundary,2,2.0,0.743801652892562
boundary,3,3.0,0.8347107438016529
boundary,3,2.8284270763397217,0.9659090909090909
boundary,2,0.0,0.5
interior,0,14.764822959899902,1.0
interior,0,21.0,1.0
interior,5,14.317821502685547,1.0
interior,5,16.492422103881836,1.0
interior,0,19.0,1.0
interior,0,18.0,1.0
interior,0,16.124515533447266,1.0
interior,5,16.155494689941406,1.0
interior,5,14.03566837310791,1.0
interior,5,0.0,0.5619834710743802
interior,5,12.083045959472656,1.0
interior,5,12.0,1.0
interior,5,5.830951690673828,1.0
interior,0,3.0,0.8264462809917356
interior,1,165.38742065429688,1.0
interior,5,11.401754379272461,1.0
interior,5,8.246211051940918,1.0
interior,1,54.424259185791016,1.0
interior,0,10.198039054870605,1.0
interior,0,2.8284270763397217,0.8429752066115702
interior,1,170.6018829345703,1.0
interior,0,6.4031243324279785,0.9917355371900827
interior,0,4.123105525970459,0.9338842975206612
interior,1,125.3554916381836,1.0
interior,1,179.5689239501953,1.0
interior,1,179.76930236816406,1.0
interior,1,166.14752197265625,1.0
interior,1,163.049072265625,1.0
interior,1,59.46427536010742,1.0
interior,1,34.01470184326172,1.0
interior,3,12.041594505310059,1.0
interior,2,44.0113639831543,1.0
interior,3,15.81138801574707,1.0
interior,3,7.071067810058594,1.0
interior,3,21.954498291015625,1.0
interior,3,26.4007568359375,1.0
interior,3,34.2344856262207,1.0
interior,3,32.06243896484375,1.0
interior,2,47.0,1.0
interior,3,31.62277603149414,1.0
interior,2,24.041629791259766,1.0
interior,3,17.69180679321289,1.0
interior,2,66.37017059326172,1.0
interior,2,57.55866622924805,1.0
interior,3,20.880613327026367,1.0
interior,2,46.69047164916992,1.0
interior,2,70.85901641845703,1.0
interior,2,60.20797348022461,1.0
interior,2,60.87692642211914,1.0
interior,2,50.9215087890625,1.0
uniform,0,21.21320343017578,1.0
uniform,1,71.02112579345703,1.0
uniform,0,11.0,1.0
uniform,5,8.0,1.0
uniform,5,4.4721360206604,0.9421487603305785
uniform,5,6.0,1.0
uniform,0,5.656854152679443,0.9752066115702479
uniform,1,161.89503479003906,1.0
uniform,5,0.0,0.5537190082644629
uniform,5,1.0,0.6033057851239669
uniform,5,0.0,0.5454545454545454
uniform,1,166.04818725585938,1.0
uniform,5,0.0,0.5289256198347108
uniform,5,4.123105525970459,0.9338842975206612
uniform,5,2.0,0.7272727272727273
uniform,5,2.0,0.7107438016528925
uniform,0,13.416407585144043,1.0
uniform,0,5.656854152679443,0.9752066115702479
uniform,0,2.8284270763397217,0.8760330578512396
uniform,0,4.0,0.9090909090909091
uniform,0,1.4142135381698608,0.6942148760330579
uniform,1,22.135944366455078,1.0
uniform,0,1.0,0.4628099173553719
uniform,0,0.0,0.5537190082644629
uniform,1,61.46543884277344,1.0
uniform,1,47.01063537597656,1.0
uniform,1,114.01753997802734,1.0
uniform,1,70.93659210205078,1.0
uniform,1,71.16881561279297,1.0
uniform,2,13.0,1.0
uniform,2,15.524174690246582,1.0
uniform,3,1.0,0.6363636363636364
uniform,3,6.7082037925720215,1.0
uniform,3,2.8284270763397217,0.8264462809917356
uniform,2,1.4142135381698608,0.6942148760330579
uniform,3,3.0,0.8347107438016529
uniform,1,9.433980941772461,1.0
uniform,2,34.0,1.0
uniform,3,23.0,1.0
uniform,2,4.123105525970459,0.9421487603305785
uniform,3,30.232433319091797,1.0
uniform,3,19.92485809326172,1.0
uniform,2,58.30952072143555,1.0
uniform,2,12.0,1.0
uniform,3,20.51828384399414,1.0
uniform,2,18.384777069091797,1.0
uniform,3,25.63201141357422,1.0
uniform,2,17.464248657226562,1.0
uniform,2,7.6157732009887695,1.0
uniform,3,2.2360680103302,0.961038961038961
boundary,0,0.0,0.22727272727272727
boundary,5,3.1622776985168457,0.8282828282828283
boundary,0,5.385164737701416,0.9834710743801653
boundary,0,0.0,0.512396694214876
boundary,0,3.1622776985168457,0.8842975206611571
boundary,5,4.4721360206604,0.9504132231404959
boundary,0,0.0,0.5537190082644629
boundary,0,1.0,0.6363636363636364
boundary,5,0.0,0.7024793388429752
boundary,5,1.0,0.6528925619834711
boundary,5,1.0,0.628099173553719
boundary,5,3.0,0.8181818181818182
boundary,5,4.123105525970459,0.9338842975206612
boundary,0,2.0,0.5867768595041323
boundary,5,3.605551242828369,0.9090909090909091
boundary,5,4.123105525970459,0.9173553719008265
boundary,5,0.0,0.5702479338842975
boundary,0,6.4031243324279785,0.9917355371900827
boundary,0,1.4142135381698608,0.5867768595041323
boundary,0,1.0,0.6115702479338843
boundary,1,15.231546401977539,1.0
boundary,1,48.703182220458984,1.0
boundary,1,19.313207626342773,1.0
boundary,1,46.2385139465332,1.0
boundary,1,58.46366500854492,1.0
boundary,1,60.406951904296875,1.0
boundary,1,52.39274597167969,1.0
boundary,1,31.30495262145996,1.0
boundary,3,1.0,0.628099173553719
boundary,3,2.0,0.7272727272727273
boundary,3,4.0,0.8842975206611571
boundary,1,12.369317054748535,1.0
boundary,3,8.0,1.0
boundary,3,10.0,1.0
boundary,2,10.770329475402832,1.0
boundary,3,0.0,0.5785123966942148
boundary,2,2.8284270763397217,0.8429752066115702
boundary,2,12.041594505310059,1.0
boundary,2,5.385164737701416,0.9917355371900827
boundary,2,28.635643005371094,1.0
boundary,1,0.0,0.5619834710743802
boundary,3,14.0,1.0
boundary,3,9.0,1.0
boundary,2,51.15662384033203,1.0
boundary,2,1.4142135381698608,0.6776859504132231
boundary,2,9.486832618713379,1.0
boundary,3,3.605551242828369,0.859504132231405
boundary,2,7.071067810058594,1.0
boundary,2,3.1622776985168457,0.8311688311688312
boundary,3,0.0,0.8311688311688312
interior,0,22.022714614868164,1.0
interior,5,20.099750518798828,1.0
interior,0,15.264337539672852,1.0
interior,0,20.0,1.0
interior,5,16.278820037841797,1.0
interior,5,18.248287200927734,1.0
interior,0,20.0,1.0
interior,0,15.524174690246582,1.0
interior,1,116.10771179199219,1.0
interior,5,18.681541442871094,1.0
interior,0,18.0,1.0
interior,0,17.0,1.0
interior,5,9.848857879638672,1.0
interior,5,15.81138801574707,1.0
interior,0,14.0,1.0
interior,5,13.0,1.0
interior,5,6.324555397033691,0.9917355371900827
interior,1,106.0660171508789,1.0
interior,5,0.0,0.5041322314049587
interior,1,162.6345672607422,1.0
interior,5,5.0,1.0
interior,0,10.0,1.0
interior,1,65.92420196533203,1.0
interior,0,9.848857879638672,1.0
interior,1,177.91009521484375,1.0
interior,1,138.15933227539062,1.0
interior,1,36.769554138183594,1.0
interior,1,78.0,1.0
interior,1,38.897300720214844,1.0
interior,2,25.0,1.0
interior,3,6.0,1.0
interior,1,36.67424011230469,1.0
interior,2,42.04759216308594,1.0
interior,3,22.0,1.0
interior,2,50.0,1.0
interior,2,51.244510650634766,1.0
interior,3,33.83784866333008,1.0
interior,3,33.941123962402344,1.0
interior,3,31.064449310302734,1.0
interior,3,19.79899024963379,1.0
interior,3,25.961509704589844,1.0
interior,3,25.45584487915039,1.0
interior,3,25.298221588134766,1.0
interior,2,37.656341552734375,1.0
interior,3,9.899495124816895,1.0
interior,2,62.3939094543457,1.0
interior,2,19.92485809326172,1.0
interior,2,71.80529022216797,1.0
interior,2,16.552946090698242,1.0
interior,2,69.85699462890625,1.0
uniform,0,13.34166431427002,1.0
uniform,0,19.0,1.0
uniform,0,14.764822959899902,1.0
uniform,5,11.045360565185547,1.0
uniform,5,11.0,1.0
uniform,0,11.0,1.0
uniform,0,10.0,1.0
uniform,5,1.4142135381698608,0.7272727272727273
uniform,5,5.830951690673828,1.0
uniform,5,4.4721360206604,0.9421487603305785
uniform,1,116.90166473388672,1.0
uniform,0,0.0,0.5619834710743802
uniform,5,2.0,0.7520661157024794
uniform,5,1.0,0.6363636363636364
uniform,5,2.8284270763397217,0.8264462809917356
uniform,5,1.0,0.6776859504132231
uniform,0,9.848857879638672,1.0
uniform,0,9.433980941772461,1.0
uniform,5,1.4142135381698608,0.6611570247933884
uniform,1,10.770329475402832,1.0
uniform,0,1.4142135381698608,0.7851239669421488
uniform,1,151.16217041015625,1.0
uniform,0,1.0,0.6033057851239669
uniform,1,73.73601531982422,1.0
uniform,1,41.62931823730469,1.0
uniform,1,71.86793518066406,1.0
uniform,1,62.3939094543457,1.0
uniform,2,0.0,0.4696969696969697
uniform,1,38.27531814575195,1.0
uniform,2,13.928388595581055,1.0
uniform,1,3.605551242828369,0.9090909090909091
uniform,2,29.154760360717773,1.0
uniform,3,1.0,0.6363636363636364
uniform,3,17.0,1.0
uniform,3,2.0,0.7520661157024794
uniform,2,8.9442720413208,1.0
uniform,1,16.552946090698242,1.0
uniform,3,15.81138801574707,1.0
uniform,3,11.0,1.0
uniform,3,9.486832618713379,1.0
uniform,2,31.78049659729004,1.0
uniform,3,24.698177337646484,1.0
uniform,2,30.08321762084961,1.0
uniform,2,4.123105525970459,0.9338842975206612
uniform,2,43.17406463623047,1.0
uniform,3,4.242640495300293,0.9727272727272728
uniform,2,38.62641525268555,1.0
uniform,2,40.52159881591797,1.0
uniform,3,5.0,1.0
uniform,3,3.0,0.9696969696969697
boundary,5,3.0,0.9545454545454546
boundary,0,1.4142135381698608,0.7272727272727273
boundary,5,11.045360565185547,1.0
boundary,5,1.0,0.6694214876033058
boundary,0,6.0,1.0
boundary,5,1.4142135381698608,0.7107438016528925
boundary,0,3.0,0.7933884297520661
boundary,5,0.0,0.5454545454545454
boundary,0,2.0,0.7272727272727273
boundary,0,0.0,0.5454545454545454
boundary,5,2.0,0.7272727272727273
boundary,0,2.8284270763397217,0.8016528925619835
boundary,5,1.4142135381698608,0.6942148760330579
boundary,5,0.0,0.5702479338842975
boundary,1,59.236812591552734,1.0
boundary,5,7.0,1.0
boundary,0,6.7082037925720215,1.0
boundary,5,1.0,0.6033057851239669
boundary,0,2.0,0.5537190082644629
boundary,1,8.9442720413208,1.0
boundary,0,0.0,0.5454545454545454
boundary,0,1.0,0.628099173553719
boundary,1,33.52610778808594,1.0
boundary,1,48.703182220458984,1.0
boundary,2,1.4142135381698608,0.948051948051948
boundary,1,16.124515533447266,1.0
boundary,2,0.0,0.5619834710743802
boundary,1,5.385164737701416,0.9834710743801653
boundary,2,23.76972770690918,1.0
boundary,1,5.0,0.9669421487603306
boundary,2,18.439088821411133,1.0
boundary,3,3.0,0.8099173553719008
boundary,3,9.486832618713379,1.0
boundary,3,6.4031243324279785,1.0
boundary,1,25.238859176635742,1.0
boundary,3,2.8284270763397217,0.7933884297520661
boundary,2,1.0,0.7520661157024794
boundary,2,0.0,0.5289256198347108
boundary,2,20.2237491607666,1.0
boundary,1,6.324555397033691,1.0
boundary,2,7.6157732009887695,1.0
boundary,1,7.6157732009887695,1.0
boundary,3,11.180339813232422,1.0
boundary,3,0.0,0.512396694214876
boundary,2,10.770329475402832,1.0
boundary,3,1.4142135381698608,0.6859504132231405
boundary,3,4.242640495300293,0.9173553719008265
boundary,3,5.0,0.9504132231404959
boundary,3,11.401754379272461,1.0
boundary,2,33.83784866333008,1.0
interior,0,12.041594505310059,1.0
interior,0,23.0,1.0
interior,0,22.090721130371094,1.0
interior,5,20.2237491607666,1.0
interior,5,13.601470947265625,1.0
interior,5,14.560219764709473,1.0
interior,0,16.401220321655273,1.0
interior,0,16.6433162689209,1.0
interior,5,16.155494689941406,1.0
interior,5,13.34166431427002,1.0
interior,0,9.433980941772461,1.0
interior,5,1.4142135381698608,0.7272727272727273
interior,0,11.0,1.0
interior,0,11.0,1.0
interior,0,2.0,0.743801652892562
interior,5,5.656854152679443,0.9752066115702479
interior,5,10.440306663513184,1.0
interior,1,141.43902587890625,1.0
interior,5,9.486832618713379,1.0
interior,5,8.062257766723633,1.0
interior,0,13.03840446472168,1.0
interior,1,161.55494689941406,1.0
interior,1,175.34536743164062,1.0
interior,1,102.55242919921875,1.0
interior,1,101.54801940917969,1.0
interior,1,97.30878448486328,1.0
interior,1,52.0,1.0
interior,1,113.74533081054688,1.0
interior,1,66.85057830810547,1.0
interior,1,67.779052734375,1.0
interior,2,10.630146026611328,1.0
interior,2,22.022714614868164,1.0
interior,2,31.11269760131836,1.0
interior,2,0.0,0.5619834710743802
interior,2,46.0,1.0
interior,3,28.861740112304688,1.0
interior,3,22.0,1.0
interior,2,42.10700607299805,1.0
interior,3,29.0,1.0
interior,3,31.11269760131836,1.0
interior,3,23.194826126098633,1.0
interior,3,32.0,1.0
interior,3,30.805843353271484,1.0
interior,3,18.384777069091797,1.0
interior,3,21.931713104248047,1.0
interior,3,25.0,1.0
interior,2,62.96824645996094,1.0
interior,2,55.145263671875,1.0
interior,2,13.0,1.0
interior,2,56.32051086425781,1.0
uniform,0,2.8284270763397217,0.7121212121212122
uniform,0,21.0,1.0
uniform,5,20.2237491607666,1.0
uniform,0,14.317821502685547,1.0
uniform,0,5.0,0.9669421487603306
uniform,5,2.2360680103302,0.7768595041322314
uniform,0,12.0,1.0
uniform,0,2.0,0.7768595041322314
uniform,5,5.830951690673828,0.9917355371900827
uniform,5,5.656854152679443,0.9752066115702479
uniform,5,4.0,0.8636363636363636
uniform,5,2.2360680103302,0.7768595041322314
uniform,5,3.1622776985168457,0.8677685950413223
uniform,5,4.123105525970459,0.9586776859504132
uniform,0,0.0,0.5785123966942148
uniform,0,0.0,0.5454545454545454
uniform,1,128.41339111328125,1.0
uniform,5,0.0,0.47107438016528924
uniform,5,0.0,0.47107438016528924
uniform,0,5.0,0.9504132231404959
uniform,1,71.69379425048828,1.0
uniform,0,8.485280990600586,1.0
uniform,1,91.38927459716797,1.0
uniform,1,33.83784866333008,1.0
uniform,1,63.56099319458008,1.0
uniform,1,46.097721099853516,1.0
uniform,1,43.863426208496094,1.0
uniform,1,24.698177337646484,1.0
uniform,1,20.615528106689453,1.0
uniform,3,1.0,0.6528925619834711
uniform,3,6.324555397033691,1.0
uniform,2,4.0,0.9090909090909091
uniform,3,6.324555397033691,1.0
uniform,2,18.248287200927734,1.0
uniform,1,18.681541442871094,1.0
uniform,2,37.121421813964844,1.0
uniform,2,14.560219764709473,1.0
uniform,3,31.11269760131836,1.0
uniform,2,9.0,1.0
uniform,2,13.892443656921387,1.0
uniform,3,17.464248657226562,1.0
uniform,2,9.848857879638672,1.0
uniform,2,9.219544410705566,1.0
uniform,2,70.25667572021484,1.0
uniform,3,1.4142135381698608,0.7024793388429752
uniform,2,38.07886505126953,1.0
uniform,3,9.848857879638672,1.0
uniform,3,5.830951690673828,1.0
uniform,3,7.211102485656738,1.0
uniform,3,1.0,0.7373737373737373
boundary,5,2.0,0.9242424242424242
boundary,5,0.0,0.5714285714285714
boundary,5,0.0,0.512396694214876
boundary,0,8.0,1.0
boundary,0,5.0,1.0
boundary,5,0.0,0.5371900826446281
boundary,5,3.0,0.8347107438016529
boundary,0,0.0,0.5371900826446281
boundary,0,0.0,0.5537190082644629
boundary,0,0.0,0.512396694214876
boundary,0,2.0,0.743801652892562
boundary,5,2.0,0.7355371900826446
boundary,0,11.180339813232422,1.0
boundary,5,0.0,0.5041322314049587
boundary,5,3.1622776985168457,0.8760330578512396
boundary,5,4.0,0.9090909090909091
boundary,5,4.0,0.8347107438016529
boundary,0,1.4142135381698608,0.5950413223140496
boundary,0,0.0,0.5454545454545454
boundary,1,16.552946090698242,1.0
boundary,0,0.0,0.49586776859504134
boundary,1,39.560081481933594,1.0
boundary,1,11.180339813232422,1.0
boundary,1,21.931713104248047,1.0
boundary,2,1.0,0.6528925619834711
boundary,2,16.0,1.0
boundary,1,13.0,1.0
boundary,1,43.863426208496094,1.0
boundary,2,7.0,1.0
boundary,1,14.317821502685547,1.0
boundary,2,8.9442720413208,1.0
boundary,3,3.605551242828369,0.8760330578512396
boundary,3,3.1622776985168457,0.8347107438016529
boundary,3,0.0,0.512396694214876
boundary,1,23.53720474243164,1.0
boundary,1,5.0,0.9752066115702479
boundary,3,1.0,0.6694214876033058
boundary,3,9.219544410705566,1.0
boundary,2,1.0,0.7768595041322314
boundary,2,1.4142135381698608,0.7107438016528925
boundary,1,5.099019527435303,0.9834710743801653
boundary,3,20.51828384399414,1.0
boundary,3,10.0,1.0
boundary,3,0.0,0.47107438016528924
boundary,2,10.29563045501709,1.0
boundary,2,12.083045959472656,1.0
boundary,2,15.81138801574707,1.0
boundary,2,6.324555397033691,1.0
boundary,3,0.0,0.5537190082644629
boundary,3,1.0,0.625
interior,0,23.0,1.0
interior,0,21.02379608154297,1.0
interior,0,18.867961883544922,1.0
interior,5,19.235383987426758,1.0
interior,0,9.0,1.0
interior,5,17.0,1.0
interior,5,14.317821502685547,1.0
interior,5,15.231546401977539,1.0
interior,5,8.485280990600586,1.0
interior,0,16.0,1.0
interior,0,14.764822959899902,1.0
interior,0,6.4031243324279785,1.0
interior,5,10.770329475402832,1.0
interior,5,1.0,0.6262626262626263
interior,5,4.4721360206604,0.9454545454545454
interior,5,5.830951690673828,0.9917355371900827
interior,0,5.099019527435303,1.0
interior,1,148.0709228515625,1.0
interior,5,6.082762718200684,1.0
interior,0,1.0,0.2975206611570248
interior,0,9.219544410705566,1.0
interior,1,119.40267944335938,1.0
interior,1,178.63929748535156,1.0
interior,1,172.69915771484375,1.0
interior,1,93.40770721435547,1.0
interior,1,144.30870056152344,1.0
interior,1,115.52056121826172,1.0
interior,1,97.30878448486328,1.0
interior,1,113.56495666503906,1.0
interior,1,52.55473327636719,1.0
interior,2,11.401754379272461,1.0
interior,2,25.079872131347656,1.0
interior,2,1.0,0.6363636363636364
interior,3,12.041594505310059,1.0
interior,3,17.0,1.0
interior,2,37.0,1.0
interior,3,18.357559204101562,1.0
interior,3,26.925823211669922,1.0
interior,3,32.0,1.0
interior,3,28.600698471069336,1.0
interior,3,24.413110733032227,1.0
interior,3,32.893768310546875,1.0
interior,3,22.627416610717773,1.0
interior,3,32.280025482177734,1.0
interior,2,28.017850875854492,1.0
interior,2,50.15974426269531,1.0
interior,2,68.24954223632812,1.0
interior,2,65.96968841552734,1.0
interior,2,71.30918884277344,1.0
interior,2,62.93647766113281,1.0
uniform,0,18.027755737304688,1.0
uniform,5,16.552946090698242,1.0
uniform,0,13.0,1.0
uniform,0,14.0,1.0
uniform,0,9.0,1.0
uniform,0,0.0,0.512396694214876
uniform,5,5.0,0.9834710743801653
uniform,5,3.605551242828369,0.9090909090909091
uniform,5,1.0,0.6363636363636364
uniform,0,0.0,0.5206611570247934
uniform,5,2.8284270763397217,0.8347107438016529
uniform,5,6.0,1.0
uniform,5,5.099019527435303,0.9834710743801653
uniform,5,9.219544410705566,1.0
uniform,5,4.0,0.9090909090909091
uniform,5,6.0,1.0
uniform,0,5.0,0.9834710743801653
uniform,1,69.07966613769531,1.0
uniform,0,1.4142135381698608,0.6942148760330579
uniform,0,5.0,0.9752066115702479
uniform,0,3.605551242828369,0.8925619834710744
uniform,1,65.55150604248047,1.0
uniform,1,102.69371795654297,1.0
uniform,1,63.78871536254883,1.0
uniform,1,53.3104133605957,1.0
uniform,1,118.07201385498047,1.0
uniform,1,64.47480010986328,1.0
uniform,1,13.0,1.0
uniform,2,2.0,0.743801652892562
uniform,2,4.123105525970459,0.9421487603305785
uniform,1,63.56099319458008,1.0
uniform,2,17.029386520385742,1.0
uniform,3,1.0,0.6033057851239669
uniform,3,4.0,0.9504132231404959
uniform,3,1.0,0.6694214876033058
uniform,1,22.56102752685547,1.0
uniform,2,7.6157732009887695,1.0
uniform,3,13.892443656921387,1.0
uniform,3,20.615528106689453,1.0
uniform,2,1.0,0.6942148760330579
uniform,3,9.0,1.0
uniform,3,13.34166431427002,1.0
uniform,2,13.152946472167969,1.0
uniform,2,9.848857879638672,1.0
uniform,3,9.219544410705566,1.0
uniform,2,31.14482307434082,1.0
uniform,3,17.464248657226562,1.0
uniform,2,21.931713104248047,1.0
uniform,3,0.0,0.7045454545454546
uniform,2,16.492422103881836,1.0
boundary,5,6.0,1.0
boundary,0,1.0,0.48863636363636365
boundary,5,4.4721360206604,0.9421487603305785
boundary,0,9.219544410705566,1.0
boundary,0,3.0,0.8831168831168831
boundary,5,2.0,0.7520661157024794
boundary,0,6.0,1.0
boundary,5,6.7082037925720215,1.0
boundary,0,4.0,0.8760330578512396
boundary,0,1.4142135381698608,0.6859504132231405
boundary,5,1.0,0.6198347107438017
boundary,5,2.8284270763397217,0.8512396694214877
boundary,1,105.26158142089844,1.0
boundary,5,3.0,0.8512396694214877
boundary,0,2.0,0.743801652892562
boundary,0,5.0,1.0
boundary,5,5.0,0.9752066115702479
boundary,0,0.0,0.5289256198347108
boundary,5,1.0,0.6776859504132231
boundary,5,2.8284270763397217,0.7603305785123967
boundary,0,5.0,0.9669421487603306
boundary,1,9.848857879638672,1.0
boundary,1,13.0,1.0
boundary,1,67.41661834716797,1.0
boundary,1,70.7742919921875,1.0
boundary,1,23.706539154052734,1.0
boundary,1,81.54139709472656,1.0
boundary,1,59.09314727783203,1.0
boundary,2,4.4721360206604,0.9504132231404959
boundary,1,19.646883010864258,1.0
boundary,3,1.4142135381698608,0.6198347107438017
boundary,3,11.180339813232422,1.0
boundary,1,17.11724281311035,1.0
boundary,2,8.0,1.0
boundary,3,11.180339813232422,1.0
boundary,2,15.231546401977539,1.0
boundary,2,7.0,1.0
boundary,3,2.0,0.7355371900826446
boundary,2,20.2237491607666,1.0
boundary,3,22.56102752685547,1.0
boundary,3,0.0,0.512396694214876
boundary,3,14.142135620117188,1.0
boundary,2,19.646883010864258,1.0
boundary,2,17.72004508972168,1.0
boundary,2,29.120439529418945,1.0
boundary,3,2.8284270763397217,0.8264462809917356
boundary,3,3.605551242828369,0.9008264462809917
boundary,2,23.706539154052734,1.0
boundary,3,4.0,0.9008264462809917
boundary,2,42.04759216308594,1.0
interior,5,19.0,1.0
interior,0,21.21320343017578,1.0
interior,0,13.0,1.0
interior,5,18.248287200927734,1.0
interior,5,19.235383987426758,1.0
interior,5,15.29705810546875,1.0
interior,0,5.0,0.9595959595959596
interior,0,8.602325439453125,1.0
interior,0,11.401754379272461,1.0
interior,0,17.0,1.0
interior,5,16.278820037841797,1.0
interior,5,15.81138801574707,1.0
interior,5,15.033296585083008,1.0
interior,5,13.152946472167969,1.0
interior,0,12.0,1.0
interior,1,127.42448425292969,1.0
interior,5,2.0,0.768595041322314
interior,0,3.0,0.8429752066115702
interior,5,11.313708305358887,1.0
interior,1,153.0555419921875,1.0
interior,1,160.32778930664062,1.0
interior,0,10.770329475402832,1.0
interior,0,2.0,0.7603305785123967
interior,1,137.29530334472656,1.0
interior,1,155.58920288085938,1.0
interior,1,180.224853515625,1.0
interior,1,57.628116607666016,1.0
interior,1,155.56349182128906,1.0
interior,1,63.158531188964844,1.0
interior,1,58.830265045166016,1.0
interior,2,22.803508758544922,1.0
interior,2,13.45362377166748,1.0
interior,2,40.4474983215332,1.0
interior,3,3.605551242828369,0.8512396694214877
interior,3,26.0,1.0
interior,3,26.0,1.0
interior,3,29.27456283569336,1.0
interior,3,33.241539001464844,1.0
interior,2,59.13543701171875,1.0
interior,3,26.870058059692383,1.0
interior,3,32.015621185302734,1.0
interior,3,27.58622932434082,1.0
interior,2,65.0691909790039,1.0
interior,2,52.611785888671875,1.0
interior,3,7.071067810058594,1.0
interior,2,68.65857696533203,1.0
interior,3,7.8102498054504395,1.0
interior,2,52.201534271240234,1.0
interior,2,70.60453033447266,1.0
interior,2,61.400325775146484,1.0
uniform,2,25.0,1.0
uniform,2,26.570659637451172,1.0
uniform,2,22.803508758544922,1.0
uniform,0,26.248809814453125,1.0
uniform,2,13.0,1.0
uniform,0,9.219544410705566,1.0
uniform,2,5.830951690673828,1.0
uniform,0,10.198039054870605,1.0
uniform,0,25.298221588134766,1.0
uniform,2,11.661903381347656,1.0
uniform,2,13.601470947265625,1.0
uniform,0,0.0,0.5537190082644629
uniform,1,17.72004508972168,1.0
uniform,1,5.099019527435303,0.9834710743801653
uniform,0,8.062257766723633,1.0
uniform,0,7.211102485656738,1.0
uniform,2,5.0,0.9752066115702479
uniform,1,26.925823211669922,1.0
uniform,0,1.4142135381698608,0.628099173553719
uniform,0,3.605551242828369,0.8677685950413223
uniform,2,8.9442720413208,1.0
uniform,0,6.082762718200684,1.0
uniform,1,42.44997024536133,1.0
uniform,1,85.70297241210938,1.0
uniform,1,107.20074462890625,1.0
uniform,1,104.56098937988281,1.0
uniform,1,50.537113189697266,1.0
uniform,1,130.4645538330078,1.0
uniform,1,52.95280838012695,1.0
uniform,2,4.0,0.8125
boundary,2,1.0,0.6776859504132231
boundary,2,0.0,0.5454545454545454
boundary,0,2.2360680103302,0.8016528925619835
boundary,0,18.973665237426758,1.0
boundary,0,3.1622776985168457,0.8760330578512396
boundary,2,11.661903381347656,1.0
boundary,2,4.123105525970459,0.9421487603305785
boundary,2,5.0,0.9752066115702479
boundary,0,2.0,0.7272727272727273
boundary,0,11.180339813232422,1.0
boundary,0,4.242640495300293,0.9504132231404959
boundary,2,9.848857879638672,1.0
boundary,2,0.0,0.5041322314049587
boundary,0,1.0,0.3884297520661157
boundary,2,8.246211051940918,1.0
boundary,0,3.605551242828369,0.9008264462809917
boundary,2,8.9442720413208,1.0
boundary,2,5.0,0.9752066115702479
boundary,0,3.1622776985168457,0.8677685950413223
boundary,1,35.11410140991211,1.0
boundary,1,25.0,1.0
boundary,1,19.92485809326172,1.0
boundary,0,1.0,0.5909090909090909
boundary,1,47.12748718261719,1.0
boundary,1,37.947330474853516,1.0
boundary,1,112.89375305175781,1.0
boundary,1,41.62931823730469,1.0
boundary,1,13.928388595581055,1.0
boundary,1,2.0,0.7272727272727273
boundary,1,11.0,1.0
interior,0,58.52349853515625,1.0
interior,2,26.305892944335938,1.0
interior,0,45.880279541015625,1.0
interior,0,53.141319274902344,1.0
interior,0,49.33558654785156,1.0
interior,0,56.61272048950195,1.0
interior,0,46.81879806518555,1.0
interior,0,50.9215087890625,1.0
interior,2,27.20294189453125,1.0
interior,2,27.312999725341797,1.0
interior,2,23.34523582458496,1.0
interior,0,46.173583984375,1.0
interior,2,27.20294189453125,1.0
interior,0,30.675724029541016,1.0
interior,2,13.601470947265625,1.0
interior,2,18.973665237426758,1.0
interior,2,23.76972770690918,1.0
interior,2,15.524174690246582,1.0
interior,2,10.770329475402832,1.0
interior,0,2.8284270763397217,0.8181818181818182
interior,1,10.816654205322266,1.0
interior,1,27.20294189453125,1.0
interior,1,51.865211486816406,1.0
interior,1,55.973209381103516,1.0
interior,1,107.0,1.0
interior,1,91.92388153076172,1.0
interior,1,103.17460632324219,1.0
interior,1,94.75231170654297,1.0
interior,1,114.03946685791016,1.0
interior,1,89.4930191040039,1.0
uniform,0,32.75667953491211,1.0
uniform,0,8.062257766723633,1.0
uniform,2,8.062257766723633,1.0
uniform,2,22.472204208374023,1.0
uniform,2,24.351591110229492,1.0
uniform,0,2.2360680103302,0.768595041322314
uniform,2,16.492422103881836,1.0
uniform,0,3.1622776985168457,0.8512396694214877
uniform,2,25.0,1.0
uniform,0,22.803508758544922,1.0
uniform,2,5.099019527435303,0.9834710743801653
uniform,2,8.9442720413208,1.0
uniform,2,19.697715759277344,1.0
uniform,0,7.071067810058594,1.0
uniform,0,22.472204208374023,1.0
uniform,0,19.646883010864258,1.0
uniform,2,1.4142135381698608,0.6859504132231405
uniform,1,8.246211051940918,1.0
uniform,2,13.34166431427002,1.0
uniform,0,4.123105525970459,0.9421487603305785
uniform,0,2.2360680103302,0.7851239669421488
uniform,1,49.04079818725586,1.0
uniform,1,39.560081481933594,1.0
uniform,1,41.62931823730469,1.0
uniform,1,96.76776123046875,1.0
uniform,1,36.12478256225586,1.0
uniform,1,65.39112854003906,1.0
uniform,1,117.32433319091797,1.0
uniform,1,120.80562591552734,1.0
uniform,1,40.0,1.0
boundary,2,5.0,1.0
boundary,2,5.0,0.9818181818181818
boundary,2,7.071067810058594,1.0
boundary,0,31.95309066772461,1.0
boundary,2,18.973665237426758,1.0
boundary,0,0.0,0.5454545454545454
boundary,1,3.605551242828369,0.8909090909090909
boundary,2,8.5440034866333,1.0
boundary,0,2.2360680103302,0.7851239669421488
boundary,2,6.082762718200684,1.0
boundary,2,8.246211051940918,1.0
boundary,2,1.0,0.6363636363636364
boundary,0,6.082762718200684,1.0
boundary,0,2.0,0.7603305785123967
boundary,0,4.123105525970459,0.9421487603305785
boundary,2,5.385164737701416,0.9917355371900827
boundary,0,1.0,0.6363636363636364
boundary,0,2.0,0.743801652892562
boundary,0,4.123105525970459,0.9421487603305785
boundary,0,3.0,0.8512396694214877
boundary,2,0.0,0.5454545454545454
boundary,1,29.73213768005371,1.0
boundary,1,8.9442720413208,1.0
boundary,1,52.39274597167969,1.0
boundary,1,57.775428771972656,1.0
boundary,1,119.03781127929688,1.0
boundary,1,79.64923095703125,1.0
boundary,1,16.492422103881836,1.0
boundary,1,51.54609680175781,1.0
boundary,1,37.6961555480957,1.0
interior,2,10.0,1.0
interior,0,64.8459701538086,1.0
interior,0,60.083274841308594,1.0
interior,0,61.6846809387207,1.0
interior,0,44.59820556640625,1.0
interior,0,51.244510650634766,1.0
interior,2,25.70992088317871,1.0
interior,0,54.4058837890625,1.0
interior,0,56.61272048950195,1.0
interior,0,44.271888732910156,1.0
interior,0,44.59820556640625,1.0
interior,2,20.615528106689453,1.0
interior,0,28.460498809814453,1.0
interior,2,19.646883010864258,1.0
interior,2,29.73213768005371,1.0
interior,2,29.681644439697266,1.0
interior,2,9.848857879638672,1.0
interior,2,15.231546401977539,1.0
interior,2,15.524174690246582,1.0
interior,2,10.198039054870605,1.0
interior,1,108.78418731689453,1.0
interior,1,105.11898040771484,1.0
interior,1,123.64869689941406,1.0
interior,1,116.0,1.0
interior,1,123.79418182373047,1.0
interior,1,115.25623321533203,1.0
interior,1,52.49761962890625,1.0
interior,1,89.96110534667969,1.0
interior,1,45.221675872802734,1.0
interior,1,135.0,1.0
uniform,2,6.324555397033691,1.0
uniform,0,48.383880615234375,1.0
uniform,0,6.082762718200684,1.0
uniform,0,5.099019527435303,0.9834710743801653
uniform,2,30.01666259765625,1.0
uniform,2,24.20743751525879,1.0
uniform,0,27.20294189453125,1.0
uniform,0,29.4108829498291,1.0
uniform,0,20.248456954956055,1.0
uniform,2,5.099019527435303,0.9834710743801653
uniform,2,9.848857879638672,1.0
uniform,2,6.7082037925720215,1.0
uniform,2,1.4142135381698608,0.6942148760330579
uniform,2,2.2360680103302,0.7851239669421488
uniform,2,7.071067810058594,1.0
uniform,0,4.0,0.9173553719008265
uniform,0,3.0,0.8512396694214877
uniform,1,17.464248657226562,1.0
uniform,0,5.099019527435303,0.9834710743801653
uniform,2,7.071067810058594,1.0
uniform,0,0.0,0.5785123966942148
uniform,1,57.567352294921875,1.0
uniform,1,36.68787384033203,1.0
uniform,1,30.463092803955078,1.0
uniform,1,39.560081481933594,1.0
uniform,1,72.42237091064453,1.0
uniform,1,100.5683822631836,1.0
uniform,1,101.53324890136719,1.0
uniform,1,50.0099983215332,1.0
uniform,1,40.804412841796875,1.0
boundary,0,0.0,0.5454545454545454
boundary,2,12.529964447021484,1.0
boundary,2,0.0,0.5867768595041323
boundary,0,1.0,0.5950413223140496
boundary,2,1.0,0.628099173553719
boundary,2,0.0,0.5206611570247934
boundary,0,3.605551242828369,0.9008264462809917
boundary,0,4.4721360206604,0.9338842975206612
boundary,0,11.401754379272461,1.0
boundary,2,3.1622776985168457,0.8677685950413223
boundary,0,0.0,0.5206611570247934
boundary,0,4.4721360206604,0.9752066115702479
boundary,2,2.0,0.7603305785123967
boundary,2,8.5440034866333,1.0
boundary,1,1.4142135381698608,0.6859504132231405
boundary,2,2.8284270763397217,0.8181818181818182
boundary,2,11.401754379272461,1.0
boundary,1,22.135944366455078,1.0
boundary,2,1.4142135381698608,0.6942148760330579
boundary,1,27.513633728027344,1.0
boundary,0,3.0,0.8512396694214877
boundary,1,6.7082037925720215,1.0
boundary,0,0.0,0.512396694214876
boundary,0,5.830951690673828,1.0
boundary,1,17.72004508972168,1.0
boundary,1,78.51751708984375,1.0
boundary,1,140.40655517578125,1.0
boundary,1,30.364452362060547,1.0
boundary,1,22.360679626464844,1.0
boundary,1,0.0,0.5785123966942148
interior,0,65.78753662109375,1.0
interior,0,44.92215347290039,1.0
interior,2,25.0,1.0
interior,0,50.28916549682617,1.0
interior,2,14.866068840026855,1.0
interior,0,46.81879806518555,1.0
interior,0,60.728904724121094,1.0
interior,0,50.9215087890625,1.0
interior,0,49.33558654785156,1.0
interior,0,46.81879806518555,1.0
interior,2,24.698177337646484,1.0
interior,2,20.615528106689453,1.0
interior,0,34.1760139465332,1.0
interior,0,35.735137939453125,1.0
interior,2,20.615528106689453,1.0
interior,2,21.40093421936035,1.0
interior,2,1.4142135381698608,0.6942148760330579
interior,2,16.492422103881836,1.0
interior,2,14.317821502685547,1.0
interior,2,14.317821502685547,1.0
interior,1,33.52610778808594,1.0
interior,1,117.6435317993164,1.0
interior,1,95.00526428222656,1.0
interior,1,114.01753997802734,1.0
interior,1,125.57467651367188,1.0
interior,1,49.92995071411133,1.0
interior,1,135.62448120117188,1.0
interior,1,129.02713012695312,1.0
interior,1,116.76043701171875,1.0
interior,1,3.605551242828369,0.9008264462809917
uniform,0,2.8284270763397217,0.8181818181818182
uniform,0,37.947330474853516,1.0
uniform,2,6.7082037925720215,1.0
uniform,2,15.231546401977539,1.0
uniform,0,28.792360305786133,1.0
uniform,2,23.53720474243164,1.0
uniform,0,23.409399032592773,1.0
uniform,2,12.083045959472656,1.0
uniform,2,15.231546401977539,1.0
uniform,2,6.7082037925720215,1.0
uniform,2,2.0,0.7520661157024794
uniform,0,22.803508758544922,1.0
uniform,2,11.180339813232422,1.0
uniform,0,19.313207626342773,1.0
uniform,2,8.246211051940918,1.0
uniform,2,2.0,0.7272727272727273
uniform,0,8.062257766723633,1.0
uniform,0,6.7082037925720215,1.0
uniform,0,1.0,0.6363636363636364
uniform,0,1.0,0.6611570247933884
uniform,1,40.49691390991211,1.0
uniform,1,25.0,1.0
uniform,1,2.0,0.71900826446281
uniform,1,59.46427536010742,1.0
uniform,1,69.89277648925781,1.0
uniform,1,49.97999572753906,1.0
uniform,1,115.60276794433594,1.0
uniform,1,120.33287048339844,1.0
uniform,1,123.0162582397461,1.0
uniform,1,56.035701751708984,1.0
boundary,0,0.0,0.3116883116883117
boundary,2,7.071067810058594,1.0
boundary,2,5.099019527435303,0.9834710743801653
boundary,2,1.0,0.6611570247933884
boundary,0,6.082762718200684,1.0
boundary,2,7.211102485656738,1.0
boundary,2,0.0,0.5702479338842975
boundary,0,0.0,0.5785123966942148
boundary,2,2.2360680103302,0.7768595041322314
boundary,2,6.082762718200684,1.0
boundary,2,13.928388595581055,1.0
boundary,0,7.6157732009887695,1.0
boundary,0,7.6157732009887695,1.0
boundary,1,9.219544410705566,1.0
boundary,0,1.0,0.6446280991735537
boundary,2,8.062257766723633,1.0
boundary,0,3.605551242828369,0.9586776859504132
boundary,0,4.4721360206604,0.9586776859504132
boundary,2,3.0,0.8512396694214877
boundary,0,5.385164737701416,0.9917355371900827
boundary,0,0.0,0.5454545454545454
boundary,1,9.486832618713379,1.0
boundary,1,7.071067810058594,1.0
boundary,1,17.464248657226562,1.0
boundary,1,1.0,0.6694214876033058
boundary,1,55.973209381103516,1.0
boundary,1,20.248456954956055,1.0
boundary,1,66.128662109375,1.0
boundary,1,19.92485809326172,1.0
boundary,1,47.85394287109375,1.0
interior,2,23.0,1.0
interior,0,60.083274841308594,1.0
interior,2,32.38827133178711,1.0
interior,0,43.32435989379883,1.0
interior,0,58.18934631347656,1.0
interior,0,41.43669891357422,1.0
interior,2,28.792360305786133,1.0
interior,2,18.384777069091797,1.0
interior,0,27.20294189453125,1.0
interior,0,37.64305877685547,1.0
interior,0,44.92215347290039,1.0
interior,0,17.0880069732666,1.0
interior,0,23.409399032592773,1.0
interior,2,21.931713104248047,1.0
interior,2,20.880613327026367,1.0
interior,0,35.44009017944336,1.0
interior,2,23.76972770690918,1.0
interior,2,25.0,1.0
interior,2,9.848857879638672,1.0
interior,2,5.830951690673828,1.0
interior,1,56.30275344848633,1.0
interior,1,114.7911148071289,1.0
interior,1,111.62885284423828,1.0
interior,1,102.45974731445312,1.0
interior,1,104.67568969726562,1.0
interior,1,110.45361328125,1.0
interior,1,123.0812759399414,1.0
interior,1,129.55308532714844,1.0
interior,1,87.82368469238281,1.0
interior,1,68.02940368652344,1.0
uniform,0,2.0,0.5151515151515151
uniform,0,58.18934631347656,1.0
uniform,2,6.324555397033691,1.0
uniform,2,11.180339813232422,1.0
uniform,2,21.954498291015625,1.0
uniform,2,22.472204208374023,1.0
uniform,0,28.160255432128906,1.0
uniform,0,5.0,1.0
uniform,0,1.0,0.628099173553719
uniform,2,15.231546401977539,1.0
uniform,0,7.280109882354736,1.0
uniform,0,7.071067810058594,1.0
uniform,0,20.248456954956055,1.0
uniform,0,6.082762718200684,1.0
uniform,2,15.81138801574707,1.0
uniform,2,5.0,0.9586776859504132
uniform,2,7.6157732009887695,1.0
uniform,0,0.0,0.5041322314049587
uniform,2,10.770329475402832,1.0
uniform,2,8.9442720413208,1.0
uniform,1,1.0,0.6694214876033058
uniform,1,71.47027587890625,1.0
uniform,1,34.78505325317383,1.0
uniform,1,111.94641876220703,1.0
uniform,1,86.70063781738281,1.0
uniform,1,105.77334594726562,1.0
uniform,1,95.18928527832031,1.0
uniform,1,109.65856170654297,1.0
uniform,1,62.96824645996094,1.0
uniform,1,106.90182495117188,1.0
boundary,2,20.0,1.0
boundary,0,1.0,0.6363636363636364
boundary,2,11.180339813232422,1.0
boundary,2,9.848857879638672,1.0
boundary,0,18.973665237426758,1.0
boundary,0,15.524174690246582,1.0
boundary,2,0.0,0.512396694214876
boundary,2,18.681541442871094,1.0
boundary,2,0.0,0.5289256198347108
boundary,1,2.2360680103302,0.7851239669421488
boundary,0,0.0,0.512396694214876
boundary,0,0.0,0.512396694214876
boundary,0,1.4142135381698608,0.6859504132231405
boundary,1,2.0,0.7272727272727273
boundary,2,3.0,0.8512396694214877
boundary,0,5.830951690673828,1.0
boundary,2,2.8284270763397217,0.8181818181818182
boundary,2,7.071067810058594,1.0
boundary,0,2.0,0.7272727272727273
boundary,0,1.4142135381698608,0.7090909090909091
boundary,0,3.0,0.8512396694214877
boundary,1,4.0,0.9173553719008265
boundary,1,24.083189010620117,1.0
boundary,1,13.928388595581055,1.0
boundary,1,25.0,1.0
boundary,1,55.02726745605469,1.0
boundary,1,45.880279541015625,1.0
boundary,1,16.155494689941406,1.0
boundary,2,3.1622776985168457,0.7727272727272727
boundary,1,27.166154861450195,1.0
interior,0,48.383880615234375,1.0
interior,0,62.297672271728516,1.0
interior,0,59.46427536010742,1.0
interior,0,61.6846809387207,1.0
interior,2,32.24903106689453,1.0
interior,0,50.9215087890625,1.0
interior,0,39.84971618652344,1.0
interior,0,39.84971618652344,1.0
interior,2,21.931713104248047,1.0
interior,0,50.59644317626953,1.0
interior,2,14.422204971313477,1.0
interior,2,13.601470947265625,1.0
interior,2,20.124610900878906,1.0
interior,2,22.803508758544922,1.0
interior,0,39.217342376708984,1.0
interior,2,21.931713104248047,1.0
interior,2,22.803508758544922,1.0
interior,0,20.880613327026367,1.0
interior,2,8.062257766723633,1.0
interior,2,9.486832618713379,1.0
interior,1,85.61541748046875,1.0
interior,1,108.78418731689453,1.0
interior,1,135.6945037841797,1.0
interior,1,140.63072204589844,1.0
interior,1,97.94386291503906,1.0
interior,1,108.52188873291016,1.0
interior,1,104.54663848876953,1.0
interior,1,116.2497329711914,1.0
interior,1,110.3177261352539,1.0
interior,1,134.53623962402344,1.0
uniform,2,27.294687271118164,1.0
uniform,2,139.8070068359375,1.0
uniform,2,123.60015869140625,1.0
uniform,3,73.68174743652344,1.0
uniform,3,13.03840446472168,1.0
uniform,2,27.658634185791016,1.0
uniform,2,25.0,1.0
uniform,3,20.39607810974121,1.0
uniform,3,1.4142135381698608,0.7024793388429752
uniform,2,13.892443656921387,1.0
uniform,3,43.185646057128906,1.0
uniform,3,37.64305877685547,1.0
uniform,3,48.50773239135742,1.0
uniform,2,51.0,1.0
uniform,2,37.10795211791992,1.0
uniform,2,7.6157732009887695,1.0
uniform,3,27.018512725830078,1.0
uniform,3,35.80502700805664,1.0
uniform,3,8.0,1.0
uniform,2,2.0,0.768595041322314
boundary,2,12.0,1.0
boundary,2,122.1024169921875,1.0
boundary,2,5.0,0.9669421487603306
boundary,3,23.194826126098633,1.0
boundary,2,24.20743751525879,1.0
boundary,2,36.79673767089844,1.0
boundary,3,4.0,0.9338842975206612
boundary,2,1.0,0.6611570247933884
boundary,2,5.0,1.0
boundary,3,37.2155876159668,1.0
boundary,2,17.0,1.0
boundary,3,27.073972702026367,1.0
boundary,3,41.43669891357422,1.0
boundary,3,22.203603744506836,1.0
boundary,2,36.055511474609375,1.0
boundary,2,9.848857879638672,1.0
boundary,3,7.8102498054504395,1.0
boundary,3,11.180339813232422,1.0
boundary,3,37.0,1.0
boundary,3,38.897300720214844,1.0
interior,2,121.00413513183594,1.0
interior,2,148.0033721923828,1.0
interior,2,143.40501403808594,1.0
interior,2,134.01492309570312,1.0
interior,2,94.33981323242188,1.0
interior,3,54.918121337890625,1.0
interior,2,114.33721923828125,1.0
interior,2,69.23149871826172,1.0
interior,3,89.0,1.0
interior,3,18.439088821411133,1.0
interior,2,75.80237579345703,1.0
interior,3,128.42507934570312,1.0
interior,3,65.0691909790039,1.0
interior,3,98.18350219726562,1.0
interior,3,81.6333236694336,1.0
interior,3,54.20331954956055,1.0
interior,2,35.1710090637207,1.0
interior,3,78.0,1.0
interior,2,11.401754379272461,1.0
interior,3,78.74642944335938,1.0
uniform,3,95.07891082763672,1.0
uniform,2,61.98386764526367,1.0
uniform,3,56.61272048950195,1.0
uniform,3,15.29705810546875,1.0
uniform,3,13.152946472167969,1.0
uniform,2,33.734256744384766,1.0
uniform,2,64.03124237060547,1.0
uniform,2,16.6433162689209,1.0
uniform,3,23.323806762695312,1.0
uniform,3,7.6157732009887695,1.0
uniform,3,45.880279541015625,1.0
uniform,3,52.201534271240234,1.0
uniform,2,88.20430755615234,1.0
uniform,3,88.83692932128906,1.0
uniform,2,77.82030487060547,1.0
uniform,2,55.54277801513672,1.0
uniform,3,80.41144561767578,1.0
uniform,2,33.541019439697266,1.0
uniform,2,20.615528106689453,1.0
uniform,2,45.54119110107422,1.0
boundary,2,5.385164737701416,0.9834710743801653
boundary,3,2.2360680103302,0.7851239669421488
boundary,3,43.65776062011719,1.0
boundary,2,5.0,0.9752066115702479
boundary,2,40.024993896484375,1.0
boundary,2,3.1622776985168457,0.8925619834710744
boundary,3,2.0,0.7603305785123967
boundary,2,18.11077117919922,1.0
boundary,3,29.20616340637207,1.0
boundary,2,34.885528564453125,1.0
boundary,3,45.221675872802734,1.0
boundary,3,65.45991516113281,1.0
boundary,3,94.04785919189453,1.0
boundary,2,39.11521530151367,1.0
boundary,3,34.20526123046875,1.0
boundary,3,24.698177337646484,1.0
boundary,3,18.027755737304688,1.0
boundary,2,21.587032318115234,1.0
boundary,2,6.324555397033691,1.0
boundary,2,1.0,0.743801652892562
interior,2,148.05404663085938,1.0
interior,3,101.53324890136719,1.0
interior,2,126.40016174316406,1.0
interior,2,100.80178833007812,1.0
interior,2,130.29965209960938,1.0
interior,2,124.84390258789062,1.0
interior,3,92.6552734375,1.0
interior,2,77.10382843017578,1.0
interior,2,88.28363037109375,1.0
interior,3,50.96076965332031,1.0
interior,3,68.00735473632812,1.0
interior,3,89.27485656738281,1.0
interior,3,104.62313079833984,1.0
interior,2,87.09190368652344,1.0
interior,3,104.44615936279297,1.0
interior,2,17.72004508972168,1.0
interior,3,35.80502700805664,1.0
interior,3,81.3449478149414,1.0
interior,3,74.94664764404297,1.0
interior,2,39.20458984375,1.0
uniform,3,31.016124725341797,1.0
uniform,2,115.27792358398438,1.0
uniform,3,82.03657531738281,1.0
uniform,2,15.524174690246582,1.0
uniform,2,6.0,1.0
uniform,3,77.82030487060547,1.0
uniform,3,45.880279541015625,1.0
uniform,3,92.0869140625,1.0
uniform,2,50.0,1.0
uniform,3,68.00735473632812,1.0
uniform,3,97.80081939697266,1.0
uniform,2,47.41307830810547,1.0
uniform,2,4.123105525970459,0.9586776859504132
uniform,3,85.70297241210938,1.0
uniform,3,37.161808013916016,1.0
uniform,2,72.11102294921875,1.0
uniform,3,6.324555397033691,1.0
uniform,2,12.369317054748535,1.0
uniform,2,14.866068840026855,1.0
uniform,2,53.712196350097656,1.0
boundary,3,12.083045959472656,1.0
boundary,3,31.78049659729004,1.0
boundary,2,7.280109882354736,1.0
boundary,3,69.6419448852539,1.0
boundary,2,27.85677719116211,1.0
boundary,2,34.20526123046875,1.0
boundary,2,50.447994232177734,1.0
boundary,3,17.0,1.0
boundary,2,13.892443656921387,1.0
boundary,2,68.87670135498047,1.0
boundary,3,10.198039054870605,1.0
boundary,3,0.0,0.5785123966942148
boundary,3,4.0,0.9421487603305785
boundary,2,37.0,1.0
boundary,2,3.0,0.8347107438016529
boundary,3,24.0,1.0
boundary,2,61.00819778442383,1.0
boundary,3,9.219544410705566,1.0
boundary,3,31.0,1.0
boundary,2,0.0,0.5537190082644629
interior,2,145.8663787841797,1.0
interior,2,86.26702880859375,1.0
interior,2,117.51595306396484,1.0
interior,2,96.82975006103516,1.0
interior,2,115.42096710205078,1.0
interior,3,91.19758605957031,1.0
interior,3,97.26766967773438,1.0
interior,3,104.78549194335938,1.0
interior,3,100.2646484375,1.0
interior,2,76.2364730834961,1.0
interior,2,9.219544410705566,1.0
interior,2,45.12205505371094,1.0
interior,3,110.45361328125,1.0
interior,3,24.0,1.0
interior,3,90.27181243896484,1.0
interior,3,125.80142974853516,1.0
interior,3,68.00735473632812,1.0
interior,3,61.84658432006836,1.0
interior,2,57.42821502685547,1.0
interior,2,57.384666442871094,1.0
uniform,2,38.60051727294922,1.0
uniform,2,77.87811279296875,1.0
uniform,3,1.4142135381698608,0.6694214876033058
uniform,3,12.083045959472656,1.0
uniform,2,16.970561981201172,1.0
uniform,3,34.78505325317383,1.0
uniform,2,74.0,1.0
uniform,2,93.0,1.0
uniform,3,41.761226654052734,1.0
uniform,2,97.16481018066406,1.0
uniform,3,93.4772720336914,1.0
uniform,2,56.035701751708984,1.0
uniform,3,50.48762130737305,1.0
uniform,3,46.173583984375,1.0
uniform,2,90.04998779296875,1.0
uniform,3,43.46262741088867,1.0
uniform,3,19.209373474121094,1.0
uniform,3,1.0,0.47107438016528924
uniform,2,38.01315689086914,1.0
uniform,2,50.32891845703125,1.0
boundary,3,33.83784866333008,1.0
boundary,2,48.703182220458984,1.0
boundary,2,59.93329620361328,1.0
boundary,2,14.866068840026855,1.0
boundary,2,8.9442720413208,1.0
boundary,2,8.485280990600586,1.0
boundary,3,16.76305389404297,1.0
boundary,3,22.022714614868164,1.0
boundary,3,2.0,0.7520661157024794
boundary,2,14.142135620117188,1.0
boundary,3,33.37664031982422,1.0
boundary,2,64.0078125,1.0
boundary,2,50.447994232177734,1.0
boundary,3,18.248287200927734,1.0
boundary,3,7.0,1.0
boundary,3,53.22593307495117,1.0
boundary,3,59.203041076660156,1.0
boundary,2,41.43669891357422,1.0
boundary,3,1.4142135381698608,0.6888888888888889
boundary,2,3.1622776985168457,0.8441558441558441
interior,2,113.0,1.0
interior,3,113.88591003417969,1.0
interior,3,67.05221557617188,1.0
interior,2,106.79419708251953,1.0
interior,2,136.01470947265625,1.0
interior,3,72.44998168945312,1.0
interior,3,80.77747344970703,1.0
interior,2,89.02246856689453,1.0
interior,3,90.0888442993164,1.0
interior,2,59.0,1.0
interior,2,97.0,1.0
interior,3,66.30987548828125,1.0
interior,3,80.91971588134766,1.0
interior,2,72.00694274902344,1.0
interior,3,81.60882568359375,1.0
interior,3,89.40357971191406,1.0
interior,2,68.4105224609375,1.0
interior,3,87.92041778564453,1.0
interior,2,15.231546401977539,1.0
interior,2,41.43669891357422,1.0
uniform,2,139.4632568359375,1.0
uniform,2,34.0,1.0
uniform,2,114.6211166381836,1.0
uniform,3,47.53945541381836,1.0
uniform,2,23.76972770690918,1.0
uniform,2,59.41380310058594,1.0
uniform,2,15.81138801574707,1.0
uniform,3,61.073726654052734,1.0
uniform,2,68.79679870605469,1.0
uniform,3,94.72592163085938,1.0
uniform,3,9.219544410705566,1.0
uniform,2,31.256999969482422,1.0
uniform,3,44.271888732910156,1.0
uniform,3,63.56099319458008,1.0
uniform,3,4.123105525970459,0.9586776859504132
uniform,2,87.0,1.0
uniform,3,73.60027313232422,1.0
uniform,3,14.866068840026855,1.0
uniform,3,11.401754379272461,1.0
uniform,2,20.0,1.0
boundary,2,0.0,0.5454545454545454
boundary,2,62.96824645996094,1.0
boundary,3,35.902645111083984,1.0
boundary,2,7.280109882354736,1.0
boundary,3,89.06739044189453,1.0
boundary,2,10.0,1.0
boundary,2,22.0,1.0
boundary,3,23.021728515625,1.0
boundary,2,48.010414123535156,1.0
boundary,3,28.284271240234375,1.0
boundary,3,59.396968841552734,1.0
boundary,2,7.8102498054504395,1.0
boundary,3,7.0,1.0
boundary,3,18.027755737304688,1.0
boundary,3,6.7082037925720215,1.0
boundary,2,14.866068840026855,1.0
boundary,3,1.0,0.6776859504132231
boundary,3,8.9442720413208,1.0
boundary,2,20.615528106689453,1.0
boundary,2,21.02379608154297,1.0
interior,3,103.07764434814453,1.0
interior,2,128.70509338378906,1.0
interior,2,140.1855926513672,1.0
interior,2,136.51739501953125,1.0
interior,2,124.73973083496094,1.0
interior,3,101.51354217529297,1.0
interior,2,77.92945861816406,1.0
interior,3,51.6623649597168,1.0
interior,3,70.0,1.0
interior,3,77.077880859375,1.0
interior,3,121.26417541503906,1.0
interior,3,67.00746154785156,1.0
interior,3,54.424259185791016,1.0
interior,2,85.37564086914062,1.0
interior,3,112.2541732788086,1.0
interior,2,40.607879638671875,1.0
interior,2,69.1158447265625,1.0
interior,2,33.42155075073242,1.0
interior,3,80.99382781982422,1.0
interior,2,9.0,1.0
uniform,4,13.34166431427002,1.0
uniform,4,4.4721360206604,0.9586776859504132
uniform,4,9.848857879638672,1.0
uniform,4,1.0,0.628099173553719
uniform,4,2.0,0.7603305785123967
uniform,2,11.401754379272461,1.0
uniform,0,35.735137939453125,1.0
uniform,4,1.0,0.6033057851239669
uniform,0,13.0,1.0
uniform,4,9.848857879638672,1.0
uniform,4,8.246211051940918,1.0
uniform,4,5.0,0.9752066115702479
uniform,4,1.0,0.6363636363636364
uniform,0,80.60397338867188,1.0
uniform,0,61.400325775146484,1.0
uniform,0,65.4369888305664,1.0
uniform,0,51.312767028808594,1.0
uniform,2,3.605551242828369,0.9090909090909091
uniform,0,70.3420181274414,1.0
uniform,0,70.72481536865234,1.0
uniform,2,19.92485809326172,1.0
uniform,2,1.0,0.6694214876033058
uniform,2,19.92485809326172,1.0
uniform,2,23.409399032592773,1.0
uniform,2,2.0,0.7603305785123967
uniform,0,6.324555397033691,1.0
uniform,2,18.973665237426758,1.0
uniform,2,3.1622776985168457,0.8760330578512396
uniform,0,9.433980941772461,1.0
uniform,2,17.72004508972168,1.0
boundary,4,9.0,1.0
boundary,4,4.4721360206604,0.9586776859504132
boundary,4,2.2360680103302,0.7851239669421488
boundary,2,3.605551242828369,0.9008264462809917
boundary,0,0.0,0.5454545454545454
boundary,4,2.2360680103302,0.7933884297520661
boundary,4,2.2360680103302,0.7768595041322314
boundary,4,2.0,0.7603305785123967
boundary,4,10.440306663513184,1.0
boundary,0,1.0,0.6611570247933884
boundary,4,4.4721360206604,0.9586776859504132
boundary,0,53.600372314453125,1.0
boundary,4,2.0,0.7107438016528925
boundary,4,0.0,0.5702479338842975
boundary,0,34.20526123046875,1.0
boundary,0,25.0,1.0
boundary,2,1.0,0.6115702479338843
boundary,2,3.0,0.8512396694214877
boundary,2,8.9442720413208,1.0
boundary,2,5.830951690673828,1.0
boundary,2,2.0,0.71900826446281
boundary,0,22.022714614868164,1.0
boundary,0,22.135944366455078,1.0
boundary,0,12.206555366516113,1.0
boundary,2,2.2360680103302,0.7851239669421488
boundary,2,1.4142135381698608,0.6859504132231405
boundary,0,4.4721360206604,0.9586776859504132
boundary,2,5.385164737701416,0.9917355371900827
boundary,0,12.083045959472656,1.0
boundary,2,1.4142135381698608,0.890625
interior,4,17.0,1.0
interior,4,12.529964447021484,1.0
interior,4,3.1622776985168457,0.8760330578512396
interior,4,15.231546401977539,1.0
interior,4,15.231546401977539,1.0
interior,4,15.231546401977539,1.0
interior,4,15.81138801574707,1.0
interior,4,7.280109882354736,1.0
interior,4,15.524174690246582,1.0
interior,0,82.2800064086914,1.0
interior,4,2.0,0.7024793388429752
interior,0,84.20214080810547,1.0
interior,0,37.161808013916016,1.0
interior,0,90.91754150390625,1.0
interior,2,11.401754379272461,1.0
interior,0,97.1287841796875,1.0
interior,0,94.11163330078125,1.0
interior,2,20.248456954956055,1.0
interior,0,94.70480346679688,1.0
interior,0,97.08243560791016,1.0
interior,0,81.3019027709961,1.0
interior,2,0.0,0.512396694214876
interior,2,2.8284270763397217,0.8181818181818182
interior,0,50.635955810546875,1.0
interior,2,8.9442720413208,1.0
interior,2,9.219544410705566,1.0
interior,2,15.81138801574707,1.0
interior,2,22.803508758544922,1.0
interior,2,14.03566837310791,1.0
interior,2,1.0,0.37662337662337664
uniform,4,15.0,1.0
uniform,2,0.0,0.5454545454545454
uniform,2,5.0,0.9752066115702479
uniform,4,0.0,0.5785123966942148
uniform,4,5.0,0.9752066115702479
uniform,4,1.0,0.628099173553719
uniform,4,6.324555397033691,1.0
uniform,4,8.062257766723633,1.0
uniform,4,4.4721360206604,0.9586776859504132
uniform,4,13.0,1.0
uniform,0,2.8284270763397217,0.8181818181818182
uniform,4,6.082762718200684,1.0
uniform,0,8.9442720413208,1.0
uniform,4,3.1622776985168457,0.8181818181818182
uniform,0,23.0867919921875,1.0
uniform,0,35.735137939453125,1.0
uniform,0,73.24616241455078,1.0
uniform,2,5.0,0.9752066115702479
uniform,0,41.67733383178711,1.0
uniform,2,15.524174690246582,1.0
uniform,0,29.73213768005371,1.0
uniform,0,28.0,1.0
uniform,0,36.359317779541016,1.0
uniform,2,13.34166431427002,1.0
uniform,2,10.440306663513184,1.0
uniform,2,14.317821502685547,1.0
uniform,2,4.0,0.9256198347107438
uniform,0,4.0,0.9256198347107438
uniform,2,5.0,0.9696969696969697
uniform,2,2.8284270763397217,0.9375
boundary,4,3.0,0.7727272727272727
boundary,4,2.0,0.7922077922077922
boundary,0,17.72004508972168,1.0
boundary,2,2.2360680103302,0.7603305785123967
boundary,4,0.0,0.5785123966942148
boundary,2,1.0,0.6694214876033058
boundary,4,0.0,0.512396694214876
boundary,0,26.925823211669922,1.0
boundary,4,8.246211051940918,1.0
boundary,4,7.071067810058594,1.0
boundary,4,0.0,0.512396694214876
boundary,0,5.830951690673828,1.0
boundary,4,8.062257766723633,1.0
boundary,0,6.324555397033691,1.0
boundary,4,0.0,0.5785123966942148
boundary,4,1.0,0.6033057851239669
boundary,0,39.560081481933594,1.0
boundary,0,49.0,1.0
boundary,0,40.0,1.0
boundary,0,6.4031243324279785,1.0
boundary,2,3.605551242828369,0.9008264462809917
boundary,2,1.0,0.6363636363636364
boundary,2,2.0,0.7603305785123967
boundary,2,0.0,0.512396694214876
boundary,0,53.037723541259766,1.0
boundary,0,26.248809814453125,1.0
boundary,2,1.0,0.6694214876033058
boundary,2,1.0,0.4214876033057851
boundary,2,0.0,0.5454545454545454
boundary,2,1.0,0.5568181818181818
interior,2,21.0,1.0
interior,2,9.05538558959961,1.0
interior,4,15.81138801574707,1.0
interior,4,14.560219764709473,1.0
interior,4,13.928388595581055,1.0
interior,4,14.866068840026855,1.0
interior,4,7.6157732009887695,1.0
interior,4,13.34166431427002,1.0
interior,4,16.155494689941406,1.0
interior,0,26.248809814453125,1.0
interior,4,12.649110794067383,1.0
interior,4,12.369317054748535,1.0
interior,4,9.219544410705566,1.0
interior,0,92.4770278930664,1.0
interior,0,55.973209381103516,1.0
interior,0,58.79625701904297,1.0
interior,0,42.01190185546875,1.0
interior,0,87.0,1.0
interior,0,69.00724792480469,1.0
interior,0,91.21403503417969,1.0
interior,2,10.198039054870605,1.0
interior,0,100.84642028808594,1.0
interior,2,14.866068840026855,1.0
interior,0,69.6419448852539,1.0
interior,2,5.385164737701416,0.9917355371900827
interior,2,12.369317054748535,1.0
interior,2,22.135944366455078,1.0
interior,2,27.513633728027344,1.0
interior,2,24.698177337646484,1.0
interior,2,14.866068840026855,1.0
uniform,4,2.0,0.7727272727272727
uniform,0,13.0,1.0
uniform,4,11.401754379272461,1.0
uniform,4,10.440306663513184,1.0
uniform,4,2.0,0.7603305785123967
uniform,4,4.0,0.9256198347107438
uniform,2,8.246211051940918,1.0
uniform,4,5.830951690673828,1.0
uniform,4,5.099019527435303,0.9834710743801653
uniform,4,10.440306663513184,1.0
uniform,4,7.6157732009887695,1.0
uniform,4,6.324555397033691,1.0
uniform,0,86.28441619873047,1.0
uniform,0,68.96376037597656,1.0
uniform,0,66.85057830810547,1.0
uniform,2,1.0,0.5454545454545454
uniform,2,6.082762718200684,1.0
uniform,2,3.1622776985168457,0.8760330578512396
uniform,0,6.324555397033691,1.0
uniform,2,15.65247631072998,1.0
uniform,0,24.75883674621582,1.0
uniform,0,98.03060913085938,1.0
uniform,0,21.840330123901367,1.0
uniform,2,8.5440034866333,1.0
uniform,0,49.497474670410156,1.0
uniform,2,1.0,0.6033057851239669
uniform,2,4.0,0.9090909090909091
uniform,2,6.7082037925720215,1.0
uniform,2,0.0,0.34710743801652894
uniform,0,13.601470947265625,1.0
boundary,4,2.0,0.768595041322314
boundary,4,2.2360680103302,0.7851239669421488
boundary,0,7.280109882354736,1.0
boundary,0,10.770329475402832,1.0
boundary,2,0.0,0.4049586776859504
boundary,4,4.0,0.9338842975206612
boundary,0,6.324555397033691,1.0
boundary,4,1.0,0.6363636363636364
boundary,4,0.0,0.512396694214876
boundary,4,8.5440034866333,1.0
boundary,0,1.0,0.6033057851239669
boundary,4,5.830951690673828,0.9917355371900827
boundary,0,23.409399032592773,1.0
boundary,4,5.830951690673828,0.9917355371900827
boundary,4,7.211102485656738,1.0
boundary,4,0.0,0.5702479338842975
boundary,0,32.75667953491211,1.0
boundary,0,49.04079818725586,1.0
boundary,2,7.071067810058594,1.0
boundary,2,2.0,0.7603305785123967
boundary,2,4.123105525970459,0.9421487603305785
boundary,2,3.1622776985168457,0.7520661157024794
boundary,2,4.4721360206604,0.9586776859504132
boundary,2,6.324555397033691,1.0
boundary,2,0.0,0.5041322314049587
boundary,0,23.76972770690918,1.0
boundary,2,1.0,0.6033057851239669
boundary,0,12.649110794067383,1.0
boundary,0,1.0,0.6859504132231405
boundary,2,6.082762718200684,1.0
interior,2,20.02498435974121,1.0
interior,4,16.155494689941406,1.0
interior,2,20.39607810974121,1.0
interior,4,16.76305389404297,1.0
interior,4,14.866068840026855,1.0
interior,4,15.81138801574707,1.0
interior,4,15.81138801574707,1.0
interior,4,9.219544410705566,1.0
interior,4,16.492422103881836,1.0
interior,4,7.280109882354736,1.0
interior,4,10.198039054870605,1.0
interior,4,10.198039054870605,1.0
interior,0,35.84689712524414,1.0
interior,0,17.464248657226562,1.0
interior,0,38.18376541137695,1.0
interior,0,63.0079345703125,1.0
interior,0,71.56814575195312,1.0
interior,0,91.92388153076172,1.0
interior,0,84.85281372070312,1.0
interior,0,88.1192398071289,1.0
interior,0,49.648765563964844,1.0
interior,2,17.0880069732666,1.0
interior,2,11.401754379272461,1.0
interior,2,14.317821502685547,1.0
interior,2,17.0880069732666,1.0
interior,0,59.13543701171875,1.0
interior,2,24.041629791259766,1.0
interior,2,18.384777069091797,1.0
interior,2,16.492422103881836,1.0
interior,2,19.92485809326172,1.0
uniform,2,6.324555397033691,1.0
uniform,4,1.0,0.6115702479338843
uniform,2,17.72004508972168,1.0
uniform,4,5.0,0.9752066115702479
uniform,4,3.605551242828369,0.9008264462809917
uniform,4,6.082762718200684,1.0
uniform,0,14.560219764709473,1.0
uniform,4,14.560219764709473,1.0
uniform,4,16.76305389404297,1.0
uniform,4,13.928388595581055,1.0
uniform,4,11.180339813232422,1.0
uniform,4,1.0,0.6033057851239669
uniform,4,1.0,0.6198347107438017
uniform,0,28.460498809814453,1.0
uniform,0,43.27817153930664,1.0
uniform,0,46.173583984375,1.0
uniform,0,64.0,1.0
uniform,0,25.0,1.0
uniform,2,18.681541442871094,1.0
uniform,2,0.0,0.512396694214876
uniform,2,8.062257766723633,1.0
uniform,2,5.385164737701416,0.9917355371900827
uniform,2,5.385164737701416,0.9917355371900827
uniform,0,86.02325439453125,1.0
uniform,2,0.0,0.5454545454545454
uniform,0,26.0,1.0
uniform,0,23.0867919921875,1.0
uniform,2,3.0,0.8512396694214877
uniform,0,61.52235412597656,1.0
uniform,2,10.770329475402832,1.0
boundary,4,6.7082037925720215,1.0
boundary,4,5.099019527435303,0.9834710743801653
boundary,2,2.8284270763397217,0.8181818181818182
boundary,4,3.1622776985168457,0.8842975206611571
boundary,2,11.401754379272461,1.0
boundary,4,6.7082037925720215,1.0
boundary,4,0.0,0.512396694214876
boundary,4,4.4721360206604,0.9586776859504132
boundary,4,5.099019527435303,0.9834710743801653
boundary,4,5.385164737701416,0.9917355371900827
boundary,4,1.0,0.6694214876033058
boundary,4,4.0,0.9173553719008265
boundary,0,53.75872039794922,1.0
boundary,0,33.42155075073242,1.0
boundary,2,0.0,0.5289256198347108
boundary,2,5.385164737701416,0.9917355371900827
boundary,0,21.02379608154297,1.0
boundary,0,31.827661514282227,1.0
boundary,0,8.0,1.0
boundary,2,3.605551242828369,0.9008264462809917
boundary,0,0.0,0.5454545454545454
boundary,0,37.0,1.0
boundary,0,24.515300750732422,1.0
boundary,0,2.0,0.7851239669421488
boundary,2,1.0,0.5454545454545454
boundary,2,5.099019527435303,0.9834710743801653
boundary,2,4.123105525970459,0.9421487603305785
boundary,2,0.0,0.5289256198347108
boundary,0,8.9442720413208,1.0
boundary,2,5.0,0.948051948051948
interior,4,14.0,1.0
interior,4,16.0,1.0
interior,2,13.601470947265625,1.0
interior,4,5.099019527435303,0.9834710743801653
interior,2,15.524174690246582,1.0
interior,4,13.34166431427002,1.0
interior,2,13.601470947265625,1.0
interior,4,5.099019527435303,0.9834710743801653
interior,4,10.770329475402832,1.0
interior,4,13.601470947265625,1.0
interior,4,16.492422103881836,1.0
interior,4,11.180339813232422,1.0
interior,4,4.0,0.9256198347107438
interior,0,76.47875213623047,1.0
interior,0,68.96376037597656,1.0
interior,0,48.50773239135742,1.0
interior,0,17.0,1.0
interior,2,11.704699516296387,1.0
interior,2,11.401754379272461,1.0
interior,0,93.98403930664062,1.0
interior,2,17.464248657226562,1.0
interior,2,14.560219764709473,1.0
interior,2,5.099019527435303,0.9834710743801653
interior,0,10.440306663513184,1.0
interior,0,86.64871978759766,1.0
interior,2,4.0,0.8818181818181818
interior,0,62.93647766113281,1.0
interior,0,54.918121337890625,1.0
interior,0,12.206555366516113,1.0
interior,2,14.866068840026855,1.0
uniform,2,19.416488647460938,1.0
uniform,4,0.0,0.512396694214876
uniform,0,44.55333709716797,1.0
uniform,4,14.317821502685547,1.0
uniform,0,12.649110794067383,1.0
uniform,2,0.0,0.5537190082644629
uniform,4,10.770329475402832,1.0
uniform,4,10.770329475402832,1.0
uniform,2,1.0,0.6694214876033058
uniform,4,12.369317054748535,1.0
uniform,4,1.4142135381698608,0.6942148760330579
uniform,4,7.280109882354736,1.0
uniform,4,4.0,0.9256198347107438
uniform,4,1.0,0.5371900826446281
uniform,4,1.4142135381698608,0.6776859504132231
uniform,0,25.63201141357422,1.0
uniform,0,20.51828384399414,1.0
uniform,0,39.20458984375,1.0
uniform,2,13.928388595581055,1.0
uniform,2,13.34166431427002,1.0
uniform,0,89.3756103515625,1.0
uniform,0,22.803508758544922,1.0
uniform,0,45.54119110107422,1.0
uniform,0,28.0,1.0
uniform,0,38.01315689086914,1.0
uniform,2,8.246211051940918,1.0
uniform,2,0.0,0.5454545454545454
uniform,2,2.2360680103302,0.7851239669421488
uniform,2,19.646883010864258,1.0
uniform,2,0.0,0.8285714285714286
boundary,2,2.8284270763397217,0.8181818181818182
boundary,4,8.062257766723633,1.0
boundary,0,3.605551242828369,0.9008264462809917
boundary,4,4.123105525970459,0.9421487603305785
boundary,4,4.0,0.9256198347107438
boundary,4,1.0,0.6694214876033058
boundary,0,75.18643188476562,1.0
boundary,4,0.0,0.512396694214876
boundary,0,13.34166431427002,1.0
boundary,4,1.4142135381698608,0.6942148760330579
boundary,4,1.0,0.6776859504132231
boundary,4,5.385164737701416,0.9917355371900827
boundary,4,4.4721360206604,0.9586776859504132
boundary,4,2.0,0.7107438016528925
boundary,0,5.0,0.9669421487603306
boundary,0,58.66856002807617,1.0
boundary,0,6.082762718200684,1.0
boundary,2,7.0,1.0
boundary,2,1.0,0.5454545454545454
boundary,2,13.601470947265625,1.0
boundary,0,29.73213768005371,1.0
boundary,0,13.34166431427002,1.0
boundary,2,2.8284270763397217,0.8181818181818182
boundary,2,5.385164737701416,0.9917355371900827
boundary,2,3.0,0.8512396694214877
boundary,0,18.027755737304688,1.0
boundary,0,65.6048812866211,1.0
boundary,2,1.0,0.5950413223140496
boundary,2,1.0,0.6363636363636364
boundary,2,5.099019527435303,0.9834710743801653
interior,4,16.492422103881836,1.0
interior,4,14.317821502685547,1.0
interior,4,10.198039054870605,1.0
interior,4,14.560219764709473,1.0
interior,4,7.6157732009887695,1.0
interior,4,13.601470947265625,1.0
interior,4,6.7082037925720215,1.0
interior,4,12.369317054748535,1.0
interior,0,76.5375747680664,1.0
interior,4,9.219544410705566,1.0
interior,4,10.440306663513184,1.0
interior,0,85.70297241210938,1.0
interior,0,49.497474670410156,1.0
interior,2,18.973665237426758,1.0
interior,2,14.317821502685547,1.0
interior,0,80.11241912841797,1.0
interior,2,12.649110794067383,1.0
interior,0,79.47956085205078,1.0
interior,0,85.38150024414062,1.0
interior,0,17.0880069732666,1.0
interior,0,38.897300720214844,1.0
interior,2,21.470911026000977,1.0
interior,2,24.351591110229492,1.0
interior,0,41.1096076965332,1.0
interior,2,21.189620971679688,1.0
interior,2,16.155494689941406,1.0
interior,2,18.973665237426758,1.0
interior,0,42.296573638916016,1.0
interior,2,19.416488647460938,1.0
interior,2,18.384777069091797,1.0
uniform,5,107.2800064086914,1.0
uniform,5,191.85671997070312,1.0
uniform,5,78.77182006835938,1.0
uniform,5,62.17716598510742,1.0
uniform,5,45.0,1.0
uniform,5,67.26811981201172,1.0
uniform,1,10.770329475402832,1.0
uniform,1,6.324555397033691,1.0
uniform,1,8.246211051940918,1.0
uniform,1,13.601470947265625,1.0
uniform,1,4.123105525970459,0.9421487603305785
uniform,1,4.4721360206604,0.9586776859504132
uniform,5,31.320919036865234,1.0
uniform,1,13.601470947265625,1.0
uniform,1,0.0,0.5785123966942148
uniform,5,16.76305389404297,1.0
uniform,1,21.840330123901367,1.0
uniform,1,12.369317054748535,1.0
uniform,5,49.81967544555664,1.0
uniform,5,39.560081481933594,1.0
boundary,5,115.52488708496094,1.0
boundary,5,80.41144561767578,1.0
boundary,5,55.31726837158203,1.0
boundary,5,60.87692642211914,1.0
boundary,5,75.89466094970703,1.0
boundary,5,28.017850875854492,1.0
boundary,1,1.0,0.6033057851239669
boundary,1,4.4721360206604,0.9586776859504132
boundary,1,1.4142135381698608,0.6942148760330579
boundary,1,1.0,0.6694214876033058
boundary,1,0.0,0.5785123966942148
boundary,5,54.81787872314453,1.0
boundary,1,2.2360680103302,0.7933884297520661
boundary,1,17.464248657226562,1.0
boundary,1,4.123105525970459,0.9421487603305785
boundary,5,1.4142135381698608,0.6942148760330579
boundary,1,1.0,0.628099173553719
boundary,1,1.0,0.6694214876033058
boundary,5,26.172504425048828,1.0
boundary,5,43.84062194824219,1.0
interior,5,215.05813598632812,1.0
interior,5,132.6725311279297,1.0
interior,5,189.0211639404297,1.0
interior,5,137.4809112548828,1.0
interior,5,70.80254364013672,1.0
interior,5,88.48163604736328,1.0
interior,5,79.37883758544922,1.0
interior,5,96.4624252319336,1.0
interior,1,13.34166431427002,1.0
interior,1,18.681541442871094,1.0
interior,1,7.280109882354736,1.0
interior,1,25.961509704589844,1.0
interior,1,16.492422103881836,1.0
interior,5,131.70042419433594,1.0
interior,1,16.76305389404297,1.0
interior,1,26.925823211669922,1.0
interior,1,26.570659637451172,1.0
interior,1,24.041629791259766,1.0
interior,1,16.155494689941406,1.0
interior,5,68.3081283569336,1.0
uniform,5,145.0,1.0
uniform,5,142.523681640625,1.0
uniform,5,104.00480651855469,1.0
uniform,5,98.48857879638672,1.0
uniform,5,74.3303451538086,1.0
uniform,5,117.54573822021484,1.0
uniform,1,7.6157732009887695,1.0
uniform,1,12.649110794067383,1.0
uniform,5,77.16217041015625,1.0
uniform,1,15.231546401977539,1.0
uniform,1,10.770329475402832,1.0
uniform,1,22.472204208374023,1.0
uniform,1,8.9442720413208,1.0
uniform,1,18.973665237426758,1.0
uniform,5,98.35140991210938,1.0
uniform,1,3.0,0.8512396694214877
uniform,1,21.840330123901367,1.0
uniform,5,9.05538558959961,1.0
uniform,1,8.9442720413208,1.0
uniform,5,98.79270935058594,1.0
boundary,5,53.45091247558594,1.0
boundary,5,20.615528106689453,1.0
boundary,1,4.123105525970459,0.9338842975206612
boundary,5,7.280109882354736,1.0
boundary,5,44.92215347290039,1.0
boundary,1,7.6157732009887695,1.0
boundary,5,27.513633728027344,1.0
boundary,5,45.221675872802734,1.0
boundary,5,8.5440034866333,1.0
boundary,5,43.011627197265625,1.0
boundary,1,13.928388595581055,1.0
boundary,1,2.8284270763397217,0.8264462809917356
boundary,1,2.0,0.7603305785123967
boundary,1,9.486832618713379,1.0
boundary,1,1.0,0.6115702479338843
boundary,1,1.0,0.5289256198347108
boundary,5,31.95309066772461,1.0
boundary,1,1.0,0.628099173553719
boundary,1,3.0,0.8099173553719008
boundary,5,73.24616241455078,1.0
interior,5,183.60011291503906,1.0
interior,5,180.693115234375,1.0
interior,5,147.05441284179688,1.0
interior,5,180.0555419921875,1.0
interior,5,199.48182678222656,1.0
interior,5,214.6112823486328,1.0
interior,5,127.20063018798828,1.0
interior,5,138.4232635498047,1.0
interior,1,13.0,1.0
interior,1,19.235383987426758,1.0
interior,1,9.219544410705566,1.0
interior,1,25.298221588134766,1.0
interior,1,21.189620971679688,1.0
interior,1,23.0867919921875,1.0
interior,1,18.681541442871094,1.0
interior,1,24.698177337646484,1.0
interior,1,24.041629791259766,1.0
interior,5,99.18164825439453,1.0
interior,1,9.486832618713379,1.0
interior,5,39.39543151855469,1.0
uniform,5,185.310546875,1.0
uniform,5,124.59534454345703,1.0
uniform,5,177.11578369140625,1.0
uniform,5,173.62315368652344,1.0
uniform,5,158.43295288085938,1.0
uniform,5,156.01602172851562,1.0
uniform,5,100.5683822631836,1.0
uniform,5,8.9442720413208,1.0
uniform,1,5.830951690673828,1.0
uniform,1,6.082762718200684,1.0
uniform,1,14.317821502685547,1.0
uniform,1,9.486832618713379,1.0
uniform,1,11.704699516296387,1.0
uniform,1,16.76305389404297,1.0
uniform,1,22.472204208374023,1.0
uniform,1,13.34166431427002,1.0
uniform,1,7.6157732009887695,1.0
uniform,1,12.649110794067383,1.0
uniform,5,5.830951690673828,1.0
uniform,5,68.7677230834961,1.0
boundary,5,110.63905334472656,1.0
boundary,5,48.41487503051758,1.0
boundary,5,35.12833786010742,1.0
boundary,5,27.20294189453125,1.0
boundary,5,33.970577239990234,1.0
boundary,1,8.062257766723633,1.0
boundary,1,1.0,0.6115702479338843
boundary,1,1.0,0.6033057851239669
boundary,5,18.384777069091797,1.0
boundary,1,1.4142135381698608,0.6942148760330579
boundary,5,7.6157732009887695,1.0
boundary,1,9.486832618713379,1.0
boundary,5,105.38026428222656,1.0
boundary,1,4.0,0.9256198347107438
boundary,1,10.440306663513184,1.0
boundary,1,1.0,0.6033057851239669
boundary,5,69.2603759765625,1.0
boundary,1,4.0,0.9256198347107438
boundary,1,3.0,0.8099173553719008
boundary,5,82.37718200683594,1.0
interior,5,146.23953247070312,1.0
interior,5,209.53758239746094,1.0
interior,5,144.8378448486328,1.0
interior,5,208.66481018066406,1.0
interior,5,115.21284484863281,1.0
interior,5,158.90248107910156,1.0
interior,5,120.0,1.0
interior,5,140.08926391601562,1.0
interior,1,17.72004508972168,1.0
interior,1,20.615528106689453,1.0
interior,1,9.219544410705566,1.0
interior,1,4.123105525970459,0.9421487603305785
interior,5,84.43340301513672,1.0
interior,1,27.20294189453125,1.0
interior,1,27.513633728027344,1.0
interior,1,21.840330123901367,1.0
interior,1,27.20294189453125,1.0
interior,1,14.866068840026855,1.0
interior,1,2.0,0.7603305785123967
interior,5,62.93647766113281,1.0
uniform,5,152.1085205078125,1.0
uniform,5,142.302490234375,1.0
uniform,5,201.00994873046875,1.0
uniform,5,136.92698669433594,1.0
uniform,5,98.97979736328125,1.0
uniform,5,60.406951904296875,1.0
uniform,5,80.95677947998047,1.0
uniform,5,111.78997802734375,1.0
uniform,1,6.7082037925720215,1.0
uniform,1,3.0,0.8512396694214877
uniform,1,21.840330123901367,1.0
uniform,1,4.0,0.9256198347107438
uniform,1,7.6157732009887695,1.0
uniform,1,14.142135620117188,1.0
uniform,1,18.027755737304688,1.0
uniform,1,13.928388595581055,1.0
uniform,1,6.324555397033691,1.0
uniform,1,4.0,0.9008264462809917
uniform,5,68.15423583984375,1.0
uniform,5,88.8875732421875,1.0
boundary,5,82.56512451171875,1.0
boundary,5,31.016124725341797,1.0
boundary,5,10.0,1.0
boundary,5,139.4596710205078,1.0
boundary,1,1.0,0.6033057851239669
boundary,5,2.2360680103302,0.7851239669421488
boundary,1,7.6157732009887695,1.0
boundary,1,0.0,0.5454545454545454
boundary,5,32.140316009521484,1.0
boundary,1,4.0,0.9256198347107438
boundary,1,0.0,0.512396694214876
boundary,1,1.0,0.6694214876033058
boundary,1,7.071067810058594,1.0
boundary,1,5.0,0.9834710743801653
boundary,1,0.0,0.5454545454545454
boundary,1,1.4142135381698608,0.6942148760330579
boundary,5,31.95309066772461,1.0
boundary,5,8.062257766723633,1.0
boundary,5,5.099019527435303,0.9834710743801653
boundary,5,23.76972770690918,1.0
interior,5,207.0603790283203,1.0
interior,5,205.51641845703125,1.0
interior,5,163.00306701660156,1.0
interior,5,111.1395492553711,1.0
interior,5,160.07810974121094,1.0
interior,5,161.1490020751953,1.0
interior,5,85.42247772216797,1.0
interior,5,69.2603759765625,1.0
interior,1,0.0,0.5785123966942148
interior,5,151.1588592529297,1.0
interior,1,25.63201141357422,1.0
interior,1,26.925823211669922,1.0
interior,1,26.570659637451172,1.0
interior,1,22.472204208374023,1.0
interior,1,22.803508758544922,1.0
interior,1,10.440306663513184,1.0
interior,1,26.570659637451172,1.0
interior,1,7.6157732009887695,1.0
interior,1,22.135944366455078,1.0
interior,5,134.53623962402344,1.0
uniform,5,148.18907165527344,1.0
uniform,5,177.4091339111328,1.0
uniform,5,146.68673706054688,1.0
uniform,5,69.065185546875,1.0
uniform,5,31.016124725341797,1.0
uniform,1,3.0,0.8429752066115702
uniform,1,6.7082037925720215,1.0
uniform,1,9.486832618713379,1.0
uniform,1,8.246211051940918,1.0
uniform,5,53.75872039794922,1.0
uniform,1,25.961509704589844,1.0
uniform,1,12.649110794067383,1.0
uniform,1,9.219544410705566,1.0
uniform,1,13.928388595581055,1.0
uniform,1,3.0,0.859504132231405
uniform,1,12.369317054748535,1.0
uniform,5,44.9110221862793,1.0
uniform,5,17.72004508972168,1.0
uniform,5,18.0,1.0
uniform,5,52.801513671875,1.0
boundary,5,74.96665954589844,1.0
boundary,5,61.717098236083984,1.0
boundary,5,12.165525436401367,1.0
boundary,5,5.0,0.9752066115702479
boundary,1,3.1622776985168457,0.8760330578512396
boundary,5,11.704699516296387,1.0
boundary,1,0.0,0.5454545454545454
boundary,5,6.0,1.0
boundary,5,156.85025024414062,1.0
boundary,5,28.460498809814453,1.0
boundary,1,0.0,0.5537190082644629
boundary,1,3.605551242828369,0.9090909090909091
boundary,5,6.082762718200684,1.0
boundary,1,1.0,0.6694214876033058
boundary,1,14.866068840026855,1.0
boundary,1,13.928388595581055,1.0
boundary,1,6.0,1.0
boundary,1,1.4142135381698608,0.7024793388429752
boundary,1,3.605551242828369,0.9008264462809917
boundary,5,37.58989334106445,1.0
interior,5,140.71957397460938,1.0
interior,5,79.8122787475586,1.0
interior,5,133.8992156982422,1.0
interior,5,170.13523864746094,1.0
interior,5,166.33700561523438,1.0
interior,5,159.70285034179688,1.0
interior,5,56.61272048950195,1.0
interior,5,156.01602172851562,1.0
interior,1,10.440306663513184,1.0
interior,1,26.570659637451172,1.0
interior,1,23.53720474243164,1.0
interior,5,145.60220336914062,1.0
interior,1,14.317821502685547,1.0
interior,1,24.041629791259766,1.0
interior,1,26.925823211669922,1.0
interior,1,25.0,1.0
interior,1,26.570659637451172,1.0
interior,1,8.5440034866333,1.0
interior,1,8.062257766723633,1.0
interior,5,140.356689453125,1.0
uniform,0,21.02379608154297,1.0
uniform,2,5.656854152679443,0.9834710743801653
uniform,2,6.0,1.0
uniform,2,2.0,0.7520661157024794
uniform,0,1.0,0.6776859504132231
uniform,0,67.42403411865234,1.0
uniform,2,13.03840446472168,1.0
uniform,2,21.587032318115234,1.0
uniform,0,94.83142852783203,1.0
uniform,2,12.206555366516113,1.0
uniform,3,28.017850875854492,1.0
uniform,3,28.65309715270996,1.0
uniform,2,8.9442720413208,1.0
uniform,2,9.0,1.0
uniform,3,51.97114562988281,1.0
uniform,3,0.0,0.512396694214876
uniform,2,7.211102485656738,1.0
uniform,3,38.910152435302734,1.0
uniform,3,61.22091293334961,1.0
uniform,0,96.02603912353516,1.0
uniform,3,29.068883895874023,1.0
uniform,3,17.8885440826416,1.0
uniform,3,22.803508758544922,1.0
uniform,2,4.0,0.9338842975206612
uniform,0,70.51950073242188,1.0
uniform,3,1.4142135381698608,0.6666666666666666
uniform,0,86.8216552734375,1.0
uniform,0,135.59498596191406,1.0
uniform,0,62.585941314697266,1.0
uniform,0,99.2471694946289,1.0
boundary,0,18.11077117919922,1.0
boundary,0,18.11077117919922,1.0
boundary,0,2.8284270763397217,0.8429752066115702
boundary,2,1.0,0.6694214876033058
boundary,2,3.0,0.8181818181818182
boundary,2,2.0,0.7355371900826446
boundary,2,9.219544410705566,1.0
boundary,2,0.0,0.5867768595041323
boundary,3,10.198039054870605,1.0
boundary,3,7.6157732009887695,1.0
boundary,2,0.0,0.5371900826446281
boundary,3,12.806248664855957,1.0
boundary,3,1.0,0.6198347107438017
boundary,3,4.0,0.9256198347107438
boundary,0,7.280109882354736,1.0
boundary,3,13.03840446472168,1.0
boundary,3,16.124515533447266,1.0
boundary,3,28.07133674621582,1.0
boundary,2,5.0,0.9917355371900827
boundary,3,35.0,1.0
boundary,2,5.385164737701416,0.9834710743801653
boundary,0,19.313207626342773,1.0
boundary,0,60.728904724121094,1.0
boundary,2,6.324555397033691,1.0
boundary,2,4.4721360206604,0.9586776859504132
boundary,0,114.16216278076172,1.0
boundary,3,5.385164737701416,0.9917355371900827
boundary,0,13.152946472167969,1.0
boundary,0,45.486263275146484,1.0
boundary,0,76.843994140625,1.0
interior,2,2.8284270763397217,0.8264462809917356
interior,2,7.6157732009887695,1.0
interior,0,60.373836517333984,1.0
interior,2,30.364452362060547,1.0
interior,2,31.016124725341797,1.0
interior,2,31.320919036865234,1.0
interior,2,30.0,1.0
interior,2,30.01666259765625,1.0
interior,2,24.020824432373047,1.0
interior,3,45.79301071166992,1.0
interior,2,12.165525436401367,1.0
interior,3,34.20526123046875,1.0
interior,3,44.283180236816406,1.0
interior,2,4.123105525970459,0.9256198347107438
interior,3,61.587337493896484,1.0
interior,0,50.15974426269531,1.0
interior,3,26.570659637451172,1.0
interior,3,16.124515533447266,1.0
interior,3,33.105892181396484,1.0
interior,3,13.892443656921387,1.0
interior,3,5.0,0.9669421487603306
interior,3,16.76305389404297,1.0
interior,0,79.47956085205078,1.0
interior,0,24.0,1.0
interior,0,48.05205535888672,1.0
interior,0,58.0,1.0
interior,0,54.147945404052734,1.0
interior,0,104.06248474121094,1.0
interior,0,119.60350799560547,1.0
interior,0,82.09750366210938,1.0
uniform,0,21.3775577545166,1.0
uniform,0,118.1524429321289,1.0
uniform,0,122.67436218261719,1.0
uniform,2,3.605551242828369,0.8925619834710744
uniform,2,15.29705810546875,1.0
uniform,0,69.1158447265625,1.0
uniform,0,13.601470947265625,1.0
uniform,2,24.59674835205078,1.0
uniform,2,11.661903381347656,1.0
uniform,2,2.8284270763397217,0.8264462809917356
uniform,0,70.0927963256836,1.0
uniform,3,19.697715759277344,1.0
uniform,3,38.470767974853516,1.0
uniform,3,31.30495262145996,1.0
uniform,3,10.770329475402832,1.0
uniform,3,46.389652252197266,1.0
uniform,3,57.697486877441406,1.0
uniform,3,47.41307830810547,1.0
uniform,3,29.73213768005371,1.0
uniform,0,28.460498809814453,1.0
uniform,2,13.416407585144043,1.0
uniform,3,25.63201141357422,1.0
uniform,2,6.7082037925720215,1.0
uniform,2,1.0,0.6446280991735537
uniform,3,16.031219482421875,1.0
uniform,2,3.605551242828369,0.8925619834710744
uniform,2,0.0,0.5785123966942148
uniform,0,73.06161499023438,1.0
uniform,0,60.90156173706055,1.0
uniform,0,71.58910369873047,1.0
boundary,2,11.180339813232422,1.0
boundary,2,5.0,0.9586776859504132
boundary,2,0.0,0.5867768595041323
boundary,0,41.400482177734375,1.0
boundary,2,1.4142135381698608,0.6694214876033058
boundary,0,40.24922180175781,1.0
boundary,3,12.041594505310059,1.0
boundary,3,23.600847244262695,1.0
boundary,0,36.400550842285156,1.0
boundary,2,29.154760360717773,1.0
boundary,2,1.4142135381698608,0.7107438016528925
boundary,3,13.601470947265625,1.0
boundary,3,38.832977294921875,1.0
boundary,3,13.892443656921387,1.0
boundary,0,14.03566837310791,1.0
boundary,0,25.0,1.0
boundary,3,65.78753662109375,1.0
boundary,3,37.48332977294922,1.0
boundary,2,2.8284270763397217,0.8347107438016529
boundary,3,13.928388595581055,1.0
boundary,2,0.0,0.5041322314049587
boundary,2,4.242640495300293,0.9338842975206612
boundary,3,8.9442720413208,1.0
boundary,3,17.72004508972168,1.0
boundary,2,4.0,0.9338842975206612
boundary,0,8.5440034866333,1.0
boundary,0,5.0,0.9586776859504132
boundary,0,2.2360680103302,0.7851239669421488
boundary,0,26.925823211669922,1.0
boundary,0,14.03566837310791,1.0
interior,0,94.76286315917969,1.0
interior,0,118.20744323730469,1.0
interior,0,48.82622146606445,1.0
interior,2,19.416488647460938,1.0
interior,2,32.4499626159668,1.0
interior,2,30.01666259765625,1.0
interior,2,36.67424011230469,1.0
interior,2,28.600698471069336,1.0
interior,2,32.202484130859375,1.0
interior,2,36.2353401184082,1.0
interior,0,105.5367202758789,1.0
interior,2,34.2344856262207,1.0
interior,3,42.63801193237305,1.0
interior,2,17.20465087890625,1.0
interior,3,49.648765563964844,1.0
interior,2,19.02629852294922,1.0
interior,3,62.3939094543457,1.0
interior,3,59.36328887939453,1.0
interior,3,64.53681182861328,1.0
interior,3,37.48332977294922,1.0
interior,3,35.902645111083984,1.0
interior,3,72.44998168945312,1.0
interior,3,68.00735473632812,1.0
interior,3,65.14598846435547,1.0
interior,0,89.8109130859375,1.0
interior,0,106.00471496582031,1.0
interior,0,51.6623649597168,1.0
interior,0,74.94664764404297,1.0
interior,0,139.2910614013672,1.0
interior,0,117.32433319091797,1.0
uniform,2,2.0,0.768595041322314
uniform,2,1.4142135381698608,0.7107438016528925
uniform,2,4.123105525970459,0.9504132231404959
uniform,2,5.830951690673828,1.0
uniform,2,11.401754379272461,1.0
uniform,3,6.0,1.0
uniform,3,16.0,1.0
uniform,2,24.20743751525879,1.0
uniform,2,10.29563045501709,1.0
uniform,3,45.79301071166992,1.0
uniform,3,3.0,0.7933884297520661
uniform,3,7.0,1.0
uniform,3,26.305892944335938,1.0
uniform,2,9.0,1.0
uniform,3,6.324555397033691,1.0
uniform,3,34.0,1.0
uniform,3,0.0,0.5702479338842975
uniform,0,12.083045959472656,1.0
uniform,3,12.806248664855957,1.0
uniform,0,81.54139709472656,1.0
uniform,2,5.0,0.9752066115702479
uniform,2,2.8284270763397217,0.8264462809917356
uniform,0,2.8284270763397217,0.8099173553719008
uniform,0,20.59126091003418,1.0
uniform,0,17.464248657226562,1.0
uniform,0,115.24755859375,1.0
uniform,0,123.66487121582031,1.0
uniform,0,61.0,1.0
uniform,0,136.8575897216797,1.0
uniform,0,88.23831176757812,1.0
boundary,0,9.433980941772461,1.0
boundary,2,1.0,0.6115702479338843
boundary,0,57.628116607666016,1.0
boundary,2,5.099019527435303,1.0
boundary,2,9.848857879638672,1.0
boundary,2,3.605551242828369,0.8677685950413223
boundary,3,1.0,0.6611570247933884
boundary,3,13.601470947265625,1.0
boundary,2,12.369317054748535,1.0
boundary,0,8.0,1.0
boundary,0,72.06246948242188,1.0
boundary,3,3.0,0.859504132231405
boundary,3,1.0,0.5537190082644629
boundary,3,9.848857879638672,1.0
boundary,3,15.65247631072998,1.0
boundary,2,8.5440034866333,1.0
boundary,2,0.0,0.5785123966942148
boundary,3,22.627416610717773,1.0
boundary,2,9.433980941772461,1.0
boundary,2,2.2360680103302,0.7933884297520661
boundary,2,10.770329475402832,1.0
boundary,3,13.416407585144043,1.0
boundary,3,12.529964447021484,1.0
boundary,3,6.7082037925720215,1.0
boundary,0,9.486832618713379,1.0
boundary,0,15.132745742797852,1.0
boundary,0,52.839378356933594,1.0
boundary,0,22.022714614868164,1.0
boundary,0,58.24087905883789,1.0
boundary,0,60.406951904296875,1.0
interior,0,22.360679626464844,1.0
interior,0,2.2360680103302,0.7933884297520661
interior,0,72.62230682373047,1.0
interior,0,88.60022735595703,1.0
interior,0,101.71037292480469,1.0
interior,0,104.27847290039062,1.0
interior,2,18.973665237426758,1.0
interior,3,10.29563045501709,1.0
interior,2,21.21320343017578,1.0
interior,2,26.476404190063477,1.0
interior,2,30.364452362060547,1.0
interior,2,36.34556198120117,1.0
interior,2,38.05259704589844,1.0
interior,3,18.357559204101562,1.0
interior,2,22.825424194335938,1.0
interior,2,35.35533905029297,1.0
interior,2,23.0,1.0
interior,3,38.28837966918945,1.0
interior,3,11.704699516296387,1.0
interior,3,68.79679870605469,1.0
interior,3,64.93843078613281,1.0
interior,3,9.486832618713379,1.0
interior,3,72.00694274902344,1.0
interior,3,62.513999938964844,1.0
interior,2,11.661903381347656,1.0
interior,3,25.961509704589844,1.0
interior,0,122.96747589111328,1.0
interior,0,142.17242431640625,1.0
interior,0,73.7834701538086,1.0
interior,0,160.18115234375,1.0
uniform,0,82.46211242675781,1.0
uniform,0,68.7677230834961,1.0
uniform,2,5.0,0.9917355371900827
uniform,3,1.0,0.6363636363636364
uniform,2,11.704699516296387,1.0
uniform,2,23.76972770690918,1.0
uniform,2,31.575305938720703,1.0
uniform,2,10.630146026611328,1.0
uniform,3,50.08992004394531,1.0
uniform,3,0.0,0.5537190082644629
uniform,0,96.08329772949219,1.0
uniform,3,35.1710090637207,1.0
uniform,3,38.327537536621094,1.0
uniform,3,64.62971496582031,1.0
uniform,3,41.9761848449707,1.0
uniform,3,41.59326934814453,1.0
uniform,0,82.2982406616211,1.0
uniform,2,3.0,0.8512396694214877
uniform,2,12.0,1.0
uniform,2,16.0,1.0
uniform,2,5.830951690673828,0.9917355371900827
uniform,3,8.485280990600586,1.0
uniform,2,3.1622776985168457,0.859504132231405
uniform,3,21.095022201538086,1.0
uniform,0,30.5941162109375,1.0
uniform,0,107.04204559326172,1.0
uniform,0,76.843994140625,1.0
uniform,0,81.60882568359375,1.0
uniform,0,78.77182006835938,1.0
uniform,0,80.15609741210938,1.0
boundary,0,14.142135620117188,1.0
boundary,0,6.0,1.0
boundary,2,1.0,0.6528925619834711
boundary,2,2.0,0.7603305785123967
boundary,2,5.830951690673828,0.9917355371900827
boundary,2,4.123105525970459,0.9256198347107438
boundary,0,36.2353401184082,1.0
boundary,0,4.4721360206604,0.9504132231404959
boundary,2,3.0,0.8099173553719008
boundary,2,14.317821502685547,1.0
boundary,3,12.083045959472656,1.0
boundary,3,20.2237491607666,1.0
boundary,0,11.661903381347656,1.0
boundary,2,0.0,0.5041322314049587
boundary,3,10.0,1.0
boundary,0,11.045360565185547,1.0
boundary,2,1.0,0.6611570247933884
boundary,2,2.2360680103302,0.8264462809917356
boundary,3,5.099019527435303,0.9917355371900827
boundary,0,6.0,1.0
boundary,3,2.0,0.743801652892562
boundary,3,3.0,0.8099173553719008
boundary,3,6.7082037925720215,1.0
boundary,3,16.0,1.0
boundary,2,14.560219764709473,1.0
boundary,3,18.788293838500977,1.0
boundary,3,20.39607810974121,1.0
boundary,0,1.4142135381698608,0.7024793388429752
boundary,0,28.600698471069336,1.0
boundary,0,21.3775577545166,1.0
interior,0,8.9442720413208,1.0
interior,2,10.198039054870605,1.0
interior,2,14.142135620117188,1.0
interior,2,11.401754379272461,1.0
interior,2,16.492422103881836,1.0
interior,2,19.209373474121094,1.0
interior,3,7.6157732009887695,1.0
interior,2,18.788293838500977,1.0
interior,3,47.095645904541016,1.0
interior,3,48.08325958251953,1.0
interior,2,15.231546401977539,1.0
interior,3,56.859474182128906,1.0
interior,2,4.4721360206604,0.9669421487603306
interior,0,20.880613327026367,1.0
interior,0,106.47064971923828,1.0
interior,3,6.324555397033691,1.0
interior,3,57.775428771972656,1.0
interior,3,51.865211486816406,1.0
interior,2,1.0,0.6611570247933884
interior,3,26.4007568359375,1.0
interior,2,8.9442720413208,1.0
interior,3,24.1867733001709,1.0
interior,3,24.698177337646484,1.0
interior,0,129.71121215820312,1.0
interior,0,136.52838134765625,1.0
interior,0,133.6001434326172,1.0
interior,0,138.7551727294922,1.0
interior,0,86.05230712890625,1.0
interior,0,151.47607421875,1.0
interior,0,107.62899017333984,1.0
uniform,0,19.92485809326172,1.0
uniform,2,0.0,0.5867768595041323
uniform,0,53.5350341796875,1.0
uniform,0,6.324555397033691,1.0
uniform,2,1.0,0.6528925619834711
uniform,0,18.439088821411133,1.0
uniform,0,23.323806762695312,1.0
uniform,0,54.671749114990234,1.0
uniform,2,12.0,1.0
uniform,2,28.792360305786133,1.0
uniform,0,90.8019790649414,1.0
uniform,2,23.323806762695312,1.0
uniform,3,44.40720748901367,1.0
uniform,2,17.0,1.0
uniform,3,5.830951690673828,1.0
uniform,2,2.2360680103302,0.7933884297520661
uniform,3,45.17742919921875,1.0
uniform,3,63.50590515136719,1.0
uniform,2,6.324555397033691,1.0
uniform,3,1.4142135381698608,0.7024793388429752
uniform,3,36.055511474609375,1.0
uniform,3,0.0,0.5041322314049587
uniform,2,15.65247631072998,1.0
uniform,3,30.364452362060547,1.0
uniform,3,20.59126091003418,1.0
uniform,3,1.4142135381698608,0.7107438016528925
uniform,2,1.4142135381698608,0.6859504132231405
uniform,0,61.91122817993164,1.0
uniform,0,20.880613327026367,1.0
uniform,0,128.8099365234375,1.0
boundary,0,11.0,1.0
boundary,0,9.848857879638672,1.0
boundary,0,0.0,0.5867768595041323
boundary,2,0.0,0.5454545454545454
boundary,2,6.324555397033691,1.0
boundary,2,6.0,1.0
boundary,2,5.099019527435303,1.0
boundary,0,12.806248664855957,1.0
boundary,2,3.605551242828369,0.8760330578512396
boundary,2,1.4142135381698608,0.7024793388429752
boundary,3,5.0,0.9752066115702479
boundary,2,5.0,0.9669421487603306
boundary,0,76.5506362915039,1.0
boundary,3,1.4142135381698608,0.6942148760330579
boundary,0,29.0,1.0
boundary,2,8.485280990600586,1.0
boundary,0,10.29563045501709,1.0
boundary,3,2.2360680103302,0.7603305785123967
boundary,3,9.219544410705566,1.0
boundary,2,10.630146026611328,1.0
boundary,3,4.0,0.9338842975206612
boundary,0,44.9110221862793,1.0
boundary,3,13.45362377166748,1.0
boundary,3,5.0,0.9504132231404959
boundary,3,2.0,0.6942148760330579
boundary,3,8.062257766723633,1.0
boundary,2,0.0,0.5371900826446281
boundary,3,1.0,0.5950413223140496
boundary,0,36.359317779541016,1.0
boundary,0,13.928388595581055,1.0
interior,3,4.0,0.9256198347107438
interior,2,18.384777069091797,1.0
interior,2,25.179357528686523,1.0
interior,2,27.294687271118164,1.0
interior,2,28.160255432128906,1.0
interior,2,27.459060668945312,1.0
interior,2,27.294687271118164,1.0
interior,2,32.893768310546875,1.0
interior,2,33.541019439697266,1.0
interior,0,90.60904693603516,1.0
interior,2,20.59126091003418,1.0
interior,3,66.2872543334961,1.0
interior,3,40.4474983215332,1.0
interior,3,44.18144226074219,1.0
interior,3,54.424259185791016,1.0
interior,0,92.6552734375,1.0
interior,3,37.336307525634766,1.0
interior,3,34.78505325317383,1.0
interior,3,59.46427536010742,1.0
interior,3,34.1760139465332,1.0
interior,3,19.235383987426758,1.0
interior,2,9.219544410705566,1.0
interior,0,108.46197509765625,1.0
interior,0,128.15615844726562,1.0
interior,0,28.0,1.0
interior,0,142.6884765625,1.0
interior,0,142.0211181640625,1.0
interior,0,159.66526794433594,1.0
interior,0,139.84634399414062,1.0
interior,0,147.27525329589844,1.0
